Service Cost Centre,Account Detail,Description,HBC ref no,Name,Payment Date,Net Amount (£)
Burton Chambers  - Luf,Securing Premises,BURTON CHAMBERS SECURITY- JUL/AUG,B000024296/27659,Vps (Uk) Limited,07/09/23,"1,302.28"
Corporate Property,Asset Maint R&M,PPM ANNUAL SERVICE RSD,B000024296/54975,Roller Shutter Services Ltd,07/09/23,160
Library St Depot,Asset Maint R&M,PPM ANNUAL SERVICE RSD,B000024296/54975,Roller Shutter Services Ltd,07/09/23,860
Markets - Operations,Asset Maint R&M,PPM ANNUAL SERVICE RSD,B000024296/54975,Roller Shutter Services Ltd,07/09/23,"1,888.00"
Parks & Open Spaces,Asset Maint R&M,PPM ANNUAL SERVICE RSD,B000024296/54975,Roller Shutter Services Ltd,07/09/23,594
Affordable Warmth Intervention,Contractor Other,AFFORABLE WARMTH GRANT,B000024296/62221,Rhea Projects,07/09/23,"2,068.50"
Accrington Crematorium,Gas,ACCRINGTON CREMATORIUM GAS BILL 01/07/23 - 31/07/23,B000024296/68037,Sefe Energy Ltd,07/09/23,"4,452.60"
Cannon St Acc,Gas,CANNON STREET GAS BILL 01/07/23 - 31/07/23,B000024296/68037,Sefe Energy Ltd,07/09/23,45.2
Cannon St Acc,Gas,EAGLE STREET OAP GAS BILL 01/07/23 - 31/07/23,B000024296/68037,Sefe Energy Ltd,07/09/23,8.72
Haworth Art Gallery,Gas,HAG GAS BILL 01/07/23 - 31/07/23,B000024296/68037,Sefe Energy Ltd,07/09/23,539.44
Haworth Stables,Gas,HAWORTH STABLES GAS BILL 01/07/23 - 31/07/23,B000024296/68037,Sefe Energy Ltd,07/09/23,432.43
Hyndburn Cemeteries,Gas,ACCRINGTON CEMETERY SERVICE BUILDING GAS BILL 01/07/23 - 31/07/23,B000024296/68037,Sefe Energy Ltd,07/09/23,32.43
Leisure In Hyndburn,Gas,CLAYTON CIVIC GAS BILL 01/07/23 - 31/07/23,B000024296/68037,Sefe Energy Ltd,07/09/23,95.12
Leisure In Hyndburn,Gas,MERCER HALL GAS BILL 01/07/23 - 31/07/23,B000024296/68037,Sefe Energy Ltd,07/09/23,700.07
Library St Depot,Gas,CVMU GAS BILL 01/07/23 - 31/07/23,B000024296/68037,Sefe Energy Ltd,07/09/23,853.44
Markets - Operations,Gas,ACCRINGTON MARKET HALL GAS BILL 01/07/23 - 31/07/23,B000024296/68037,Sefe Energy Ltd,07/09/23,310.38
Parks & Open Spaces,Gas,LOWERFOLD GAS BILL 01/07/23 - 31/07/23,B000024296/68037,Sefe Energy Ltd,07/09/23,33.29
Parks & Open Spaces,Gas,OAKHILL PARK GAS BILL 01/07/23 - 31/07/23,B000024296/68037,Sefe Energy Ltd,07/09/23,26
Parks & Open Spaces,Gas,WILSONS GAS BILL 01/07/23 - 31/07/23,B000024296/68037,Sefe Energy Ltd,07/09/23,137.62
Rhyddings Cafe,Gas,RHYDDINGS PARK GAS BILL 01/07/23 - 31/07/23,B000024296/68037,Sefe Energy Ltd,07/09/23,98.06
Willows Lane Depot,Gas,WILLOWS LANE GAS BILL 01/07/23 - 31/07/23,B000024296/68037,Sefe Energy Ltd,07/09/23,148.05
Burton Chambers  - Luf,Consultants Fees,PROGRAMME DIRECTOR AUG 23,B000024296/68462,Rider Levett Bucknall Uk Ltd,07/09/23,"2,933.33"
Market Chambers - Luf,Consultants Fees,PROGRAMME DIRECTOR AUG 23,B000024296/68462,Rider Levett Bucknall Uk Ltd,07/09/23,"2,933.33"
Market Hall - Luf,Consultants Fees,PROGRAMME DIRECTOR AUG 23,B000024296/68462,Rider Levett Bucknall Uk Ltd,07/09/23,"2,933.34"
Dfg Affordable Warmth Grant,Contractor Other,AFFORDABLE WARMTH GRANT,B000024297/35745,Ags Heating & Plumbing Ltd,07/09/23,"1,476.00"
Acc Town Hall,Electricity,ACCRINGTON TOWN HALL AUG 23,B000024297/59343,Edf Energy,07/09/23,"3,514.32"
Leisure In Hyndburn,Electricity,MERCER HALL AUG 23,B000024297/59343,Edf Energy,07/09/23,"5,338.07"
Library St Depot,Electricity,CVMU AUG 23,B000024297/59343,Edf Energy,07/09/23,"2,345.87"
Markets - Operations,Electricity,ACCRINGTON MARKET- AUGUST 2023,B000024297/59343,Edf Energy,07/09/23,"6,569.57"
Rhyddings Cafe,Electricity,COMMUNITY HUB AUG 23,B000024297/59343,Edf Energy,07/09/23,821.56
Scaitcliffe House,Electricity,SCAITCLIFFE- AUG 23,B000024297/59343,Edf Energy,07/09/23,"5,112.73"
Affordable Warmth Intervention,Contractor Other,AFFORDABLE WARMTH GRANT,B000024297/62221,Rhea Projects,07/09/23,"2,068.50"
Dfg Affordable Warmth Grant,Contractor Other,AFFORDABLE WARMTH GRANT,B000024297/66471,Mccallott Windows,07/09/23,"1,147.28"
Corporate Property,Asset Maint R&M,FLAGPOLE INSPECTION- BELTHORN WAR MEMORIAL,B000024297/68772,Glassfibre Flagpoles Limited,07/09/23,186.95
Corporate Property,Asset Maint R&M,FLAGPOLE INSPECTION CORPORATE PROPERTY,B000024297/68772,Glassfibre Flagpoles Limited,07/09/23,186.96
Corporate Property,Asset Maint R&M,FLAGPOLE INSPECTION GREAT HARWOOD CLOCK TOWER,B000024297/68772,Glassfibre Flagpoles Limited,07/09/23,186.96
Corporate Property,Asset Maint R&M,FLAGPOLE INSPECTION OSWALDTWISTLE WAR MEMORIAL,B000024297/68772,Glassfibre Flagpoles Limited,07/09/23,186.96
Corporate Property,Asset Maint R&M,FLAGPOLE INSPECTION RISHTON WAR MEMORIAL,B000024297/68772,Glassfibre Flagpoles Limited,07/09/23,373.92
Corporate Property,Asset Maint R&M,FLAGPOLE INSPECTION- STANHILL GARDENS,B000024297/68772,Glassfibre Flagpoles Limited,07/09/23,186.95
Hyndburn Cemeteries,Asset Maint R&M,FLAGPOLE INSPECTION ACCRINGTON CEMETERY,B000024297/68772,Glassfibre Flagpoles Limited,07/09/23,186.96
Leisure In Hyndburn,Asset Maint R&M,FLAGPOLE INSPECTION ACCRINGTON TOWN HALL,B000024297/68772,Glassfibre Flagpoles Limited,07/09/23,836.96
Leisure In Hyndburn,Asset Maint R&M,FLAGPOLE INSPECTION MERCER HALL LC,B000024297/68772,Glassfibre Flagpoles Limited,07/09/23,186.96
Oswaldtwistle Civic Theatre,Asset Maint R&M,FLAGPOLE INSPECTION- OSWALDTWISTLE CIVIC THEATRE,B000024297/68772,Glassfibre Flagpoles Limited,07/09/23,186.96
Parks & Open Spaces,Asset Maint R&M,FLAGPOLE INSPECTION- CUTWOOD PARK,B000024297/68772,Glassfibre Flagpoles Limited,07/09/23,186.96
Parks & Open Spaces,Asset Maint R&M,FLAGPOLE INSPECTION- GATTY PARK,B000024297/68772,Glassfibre Flagpoles Limited,07/09/23,186.96
Parks & Open Spaces,Asset Maint R&M,FLAGPOLE INSPECTION- LOWEFOLD PARK,B000024297/68772,Glassfibre Flagpoles Limited,07/09/23,186.96
Parks & Open Spaces,Asset Maint R&M,FLAGPOLE INSPECTION- MEMORIAL PARK,B000024297/68772,Glassfibre Flagpoles Limited,07/09/23,186.95
Parks & Open Spaces,Asset Maint R&M,FLAGPOLE INSPECTION- MERCER PARK,B000024297/68772,Glassfibre Flagpoles Limited,07/09/23,373.92
Parks & Open Spaces,Asset Maint R&M,FLAGPOLE INSPECTION- MILNSHAW PARK,B000024297/68772,Glassfibre Flagpoles Limited,07/09/23,186.95
Parks & Open Spaces,Asset Maint R&M,FLAGPOLE INSPECTION- OAKHILL PARK,B000024297/68772,Glassfibre Flagpoles Limited,07/09/23,373.9
Parks & Open Spaces,Asset Maint R&M,FLAGPOLE INSPECTION- PEEL PARK,B000024297/68772,Glassfibre Flagpoles Limited,07/09/23,186.95
Parks & Open Spaces,Asset Maint R&M,FLAGPOLE INSPECTION- RHYDDINGS PARK,B000024297/68772,Glassfibre Flagpoles Limited,07/09/23,186.95
Parks & Open Spaces,Asset Maint R&M,FLAGPOLE INSPECTION- WILSONS,B000024297/68772,Glassfibre Flagpoles Limited,07/09/23,186.96
Disabled Facilities General,Contractor Other,DISABLED FACILITIES GRANT,B000024299/34573,Mr R Wilcock,07/09/23,"8,352.00"
Corp & Dem Core,Marketing Communications,GENERAL DESIGN TIME,B000024299/65011,Brands Inside Out Limited,07/09/23,500
Market Chambers - Luf,Consultants Fees,LEGAL FEES- MARKET CHAMBERS,B000024299/66553,Womble Bond Dickinson,07/09/23,97
Market Chambers - Luf,Legal Fees,LEGAL FEES- MARKET CHAMBERS,B000024299/66553,Womble Bond Dickinson,07/09/23,"4,756.50"
Disabled Facilities General,Contractor Other,DISABLED FACILITIES GRANT,B000024299/7874,Stannah Lift Services Limited,07/09/23,"17,237.00"
Disabled Facilities General,Contractor Other,DISABLED FACILITIES GRANT,B000024300/59806,Greenwood Plumbers,07/09/23,"3,885.00"
Disabled Facilities General,Contractor Other,DISABLED FACILITIES GRANT,B000024293/25868,Hyndburn Plumbing & Heating Services,11/09/23,"4,170.00"
Local Taxation,Computer Rental & Maint,5000 CREDITS FOR TRACING MODULE - CAPITA,B000024267/65220,Capita  Business Services Ltd,12/09/23,"5,000.00"
Tipping Charges,Hired Vehicle,EMPTY WASTE BAYS W/L,B000024274/9294,Stanley Brothers (Tippers) Ltd,12/09/23,540
Homes For Ukraine-Comm Integra,Misc Expenses Other,UKRAINE TWINNING EVENT,B000024275/57628,S.R.S. Catering Ltd,12/09/23,249.17
Land At Nook Lane,Environmental Works,"ARBORICULTURAL RISK ASSESSMENT - BROOKSIDE LANE, OSW",B000024275/68650,Bowland Tree Consultancy Ltd,12/09/23,655.65
Cvmu,Materials-Direct,DOOR,B000024280/1164,Dennis Eagle Limited,12/09/23,"1,975.30"
Cvmu,Materials-Direct,SERVICE AND MOT,B000024280/63930,Croft Commercials Transport Limited,12/09/23,645
Cvmu,Materials-Direct,CLUTCH KIT,B000024280/66006,Alliance Automotive Uk Lv T/A Jpn Autoparts,12/09/23,236.71
Parks & Open Spaces,Equipmnt Repair & Maint,REPAIR,B000024280/68556,Rob Mercer,12/09/23,280
Cvmu,Materials-Direct,WATER PUMP,B000024280/7688,Aebi Schmidt Uk Ltd,12/09/23,414.52
Waste Services,Agency Staff,AGENCY STAFF W/C 14.8.23,B000024281/61971,Rapid Recruit Ltd,12/09/23,"1,572.87"
Housing Standards,Agency Staff,TEMP STAFF PE 20.08.23,B000024282/61657,G2 Recruitment Solutions,12/09/23,"2,026.00"
Housing Advice,Agency Staff,TEMP STAFF. PC 20.08.23 ,B000024282/61860,Vivid Resourcing,12/09/23,"1,455.12"
Cvmu,Licences,FLEETMASTER LICENSE,B000024283/44243,Trapeze Group (Uk) Ltd,12/09/23,"10,043.18"
Cvmu,Materials-Direct,BRAKE PADS,B000024283/66006,Alliance Automotive Uk Lv T/A Jpn Autoparts,12/09/23,241.42
Human Resources,Training Expenses,CONFERENCE FEES ,B000024284/20833,Labc,12/09/23,435
Hmo,Agency Staff,AGENCY FEES - W/C 07.08.23,B000024284/58852,Oyster Partnership,12/09/23,"1,144.00"
Hmo,Agency Staff,AGENCY STAFF - W/C 14.08.23,B000024284/58852,Oyster Partnership,12/09/23,"1,567.80"
Administration Services,Equipmnt Repair & Maint,CHARGES 22.05.23 - 21.08.23,B000024287/55485,Canon (Uk) Ltd,12/09/23,234.06
Administration Services,Office Consumables,COPIER PAPER,B000024287/55485,Canon (Uk) Ltd,12/09/23,794
Accountancy,Agency Staff,AGENCY STAFF W/C 14.08.23 ,B000024287/58852,Oyster Partnership,12/09/23,"3,550.00"
Environmental Protection,Agency Staff,TEMP STAFF 20.08.23 ,B000024287/61860,Vivid Resourcing,12/09/23,"1,850.50"
Environmental Protection,Agency Staff,TEMP STAFF P/E 20.08.23,B000024287/61860,Vivid Resourcing,12/09/23,956.81
Scaitcliffe House,Asset Maint R&M,ANNUAL INSPECTION OF FALL PROTECTION SYSTEM,B000024289/66640,Highwire Ltd,12/09/23,985
"Audit, Bank & Treasury Fees",Bank Charges,NEW MID REG,B000024292/17209,Civica Uk Limited,12/09/23,"7,291.25"
Finance Lease Interest,Interest,CHARGES 20.09.23 - 19.12.23,B000024292/30595,Siemens Financial Services Ltd,12/09/23,819.6
General Fund B/S,Finance Lease,CHARGES 20.09.23 - 19.12.23,B000024292/30595,Siemens Financial Services Ltd,12/09/23,"2,292.90"
Scaitcliffe House,Equipmnt Repair & Maint,CHARGES 20.09.23 - 19.12.23,B000024292/30595,Siemens Financial Services Ltd,12/09/23,637.5
Street Nameplates Gen,Work Done Dlo-Highways,STREET NAME SIGNS,B000024293/24038,G & G Signs,12/09/23,523.6
Markets - Operations,Marketing Initiatives,HALLOWEEN EVENT,B000024294/68209,Just Imagine Events Limited,12/09/23,"4,000.00"
Oswaldtwistle Civic Theatre,General Repair & Maint Bldgs,OSW CIVIC THEATRE- SET UP INTRUDER & FIRE ALARM ,B000024296/24998,Full Circuit Fire & Security Ltd,12/09/23,726
Hyndburn Cemeteries,Agency Staff,TEMP STAFF W/C 21.8.23,B000024301/19414,Proman Supply Chain Ltd,12/09/23,583.95
Parks & Open Spaces,Agency Staff,TEMP STAFF PARKS W/C 21.8.23,B000024301/19414,Proman Supply Chain Ltd,12/09/23,"1,754.08"
Waste Services,Agency Staff,AGENCY STAFF W/S W/C 21.8.23,B000024301/19414,Proman Supply Chain Ltd,12/09/23,550.93
Waste Services,Agency Staff,AGENCY STAFF W/C 17.7.23,B000024301/61971,Rapid Recruit Ltd,12/09/23,"1,982.38"
Waste Services,Agency Staff,AGENCY STAFF W/C 31.7.23,B000024301/61971,Rapid Recruit Ltd,12/09/23,"1,992.30"
Waste Services,Agency Staff,AGENCY STAFF W/C 3.7.23,B000024301/61971,Rapid Recruit Ltd,12/09/23,838.87
Waste Services,Agency Staff,AGENCY STAFF W/C 7.8.23,B000024301/61971,Rapid Recruit Ltd,12/09/23,"1,677.72"
Willows Lane Depot,Depot Costs,STEAM CLEANER MAINTENANCE,B000024301/65669,Bt Service & Supplies Ltd,12/09/23,245.88
Cemetery Welfare & Depot Fac,Contractor Other,PART PAYMENT FOR NEW DEPOT BUILD,B000024301/7524,Ross Lee Construction Ltd,12/09/23,"88,828.95"
Willows Lane Depot,Water Charges,WATER CHARGES - TOWNS YARD 25.7.23-24.8.23,B000024301/8325,Water Plus Ltd,12/09/23,508.69
Cvmu,Equipmnt Repair & Maint,MAINTENANCE CONTRACT,B000024304/58111,Mrb Workshop Services,12/09/23,"2,559.50"
Accrington Crematorium,Electricity,ELECTRIC 19.07.23 - 29.08.23 SITE 2 ACC CREM,B000024305/59343,Edf Energy,12/09/23,"2,154.68"
Acc Town Hall,Energy,ELECTRIC 19.07.23 - 29.08.23 SITE 8 FEEDER PILLAR ACC TOWN HALL,B000024305/59343,Edf Energy,12/09/23,44.45
Corporate Property,Electricity,ELECTRIC 19.07.23 - 29.08.23 SITE 31 GH CLOCK TOWER,B000024305/59343,Edf Energy,12/09/23,45.65
Elmfield Hall Flats,Electricity,ELECTRIC 19.07.23 - 29.08.23 SITE 13 ELMFIELD FLATS,B000024305/59343,Edf Energy,12/09/23,49.41
Haworth Art Gallery,Electricity,ELECTRIC 19.07.23 - 29.08.23 SITE 1 HAWORTH PARK,B000024305/59343,Edf Energy,12/09/23,686.45
Haworth Art Gallery,Electricity,ELECTRIC 19.07.23 - 29.08.23 SITE 21 HAWORTH ART GALLERY,B000024305/59343,Edf Energy,12/09/23,"2,022.10"
Haworth Stables,Electricity,ELECTRIC 19.07.23 - 29.08.23 SITE 27 HAWORTH STABLES,B000024305/59343,Edf Energy,12/09/23,355.08
Hyndburn Cemeteries,Electricity,ELECTRIC 19.07.23 - 29.08.23 SITE 20 DILL HALL CEM,B000024305/59343,Edf Energy,12/09/23,22.67
Hyndburn Cemeteries,Electricity,ELECTRIC 19.07.23 - 29.08.23 SITE 25 WALL OF REMEMBRANCE,B000024305/59343,Edf Energy,12/09/23,"-2,638.11"
Hyndburn Cemeteries,Electricity,ELECTRIC 19.07.23 - 29.08.23 SITE 28 ACC CEM OFFICE,B000024305/59343,Edf Energy,12/09/23,699.8
Hyndburn Cemeteries,Electricity,ELECTRIC 19.07.23 - 29.08.23 SITE 3 GH CEM SERV BLDG,B000024305/59343,Edf Energy,12/09/23,468.54
Leisure In Hyndburn,Electricity,ELECTRIC 19.07.23 - 29.08.23 HYND LEISURE,B000024305/59343,Edf Energy,12/09/23,"38,975.23"
Markets - Operations,Electricity,ELECTRIC 19.07.23 - 29.08.23 SITE 18 UNIT 5-6 PEEL ST,B000024305/59343,Edf Energy,12/09/23,"1,082.38"
Markets - Operations,Electricity,ELECTRIC 19.07.23 - 29.08.23 SITE 29 SERVICE YARD ACC MARKET HALL,B000024305/59343,Edf Energy,12/09/23,61.87
Parks & Open Spaces,Electricity,ELECTRIC 19.07.23 - 29.08.23 SITE 12 MEMORIAL PARK,B000024305/59343,Edf Energy,12/09/23,14.62
Parks & Open Spaces,Electricity,ELECTRIC 19.07.23 - 29.08.23 SITE 14 OAKHILL PRK BANDSTAND,B000024305/59343,Edf Energy,12/09/23,42
Parks & Open Spaces,Electricity,ELECTRIC 19.07.23 - 29.08.23 SITE 17 OAKHILL PARK,B000024305/59343,Edf Energy,12/09/23,361
Parks & Open Spaces,Electricity,ELECTRIC 19.07.23 - 29.08.23 SITE 19 WILSONS,B000024305/59343,Edf Energy,12/09/23,197.28
Parks & Open Spaces,Electricity,ELECTRIC 19.07.23 - 29.08.23 SITE 23 GATTY PARK GREENHOUSES,B000024305/59343,Edf Energy,12/09/23,64.5
Parks & Open Spaces,Electricity,ELECTRIC 19.07.23 - 29.08.23 SITE 26 MILNSHAW,B000024305/59343,Edf Energy,12/09/23,54.46
Parks & Open Spaces,Electricity,ELECTRIC 19.07.23 - 29.08.23 SITE 30 LOWERFOLD PAV,B000024305/59343,Edf Energy,12/09/23,56.18
Parks & Open Spaces,Electricity,ELECTRIC 19.07.23 - 29.08.23 SITE 32 BULLOUGH PARK,B000024305/59343,Edf Energy,12/09/23,"1,062.55"
Parks & Open Spaces,Electricity,ELECTRIC 19.07.23 - 29.08.23 SITE 4 MEMORIAL PARK,B000024305/59343,Edf Energy,12/09/23,71.27
Parks & Open Spaces,Electricity,ELECTRIC 19.07.23 - 29.08.23 SITE 5 WHITE ASH,B000024305/59343,Edf Energy,12/09/23,401.62
Parks & Open Spaces,Electricity,ELECTRIC 19.07.23 - 29.08.23 SITE 6 PARKER ST BOWLS,B000024305/59343,Edf Energy,12/09/23,40.95
Parks & Open Spaces,Electricity,ELECTRIC 19.07.23 - 29.08.23 SITE 7 PEEL PARK,B000024305/59343,Edf Energy,12/09/23,58.02
Parks & Open Spaces,Electricity,ELECTRIC 19.07.23 - 29.08.23 SITE 9 RHYDDINGSD PARK BOWLS,B000024305/59343,Edf Energy,12/09/23,79.11
Ranger St Compound & Depot,Electricity,ELECTRIC 19.07.23 - 29.08.23 RANGER ST DEPOT,B000024305/59343,Edf Energy,12/09/23,161.18
Willows Lane Depot,Electricity,ELECTRIC 19.07.23 - 29.08.23 SITE 24 WILLOWS LANE DEPOT,B000024305/59343,Edf Energy,12/09/23,"1,714.26"
Acc Town Hall,Cleaning Of Buildings,BROADWAY CLEANING - 01.08.23 - 31.08.23,B000024306/29112,Hyndburn Leisure,12/09/23,"1,095.03"
Building Control B.U.,Agency Staff,TEMP STAFF - W/C 14.08.23,B000024306/58852,Oyster Partnership,12/09/23,483.21
Development Control B.U.,Agency Staff,TEM[P STAFF - W/C 14.08.23,B000024306/58852,Oyster Partnership,12/09/23,463.2
Planning Policy B.U.,Agency Staff,TEMP STAFF - W/C 14.08.23,B000024306/58852,Oyster Partnership,12/09/23,"1,646.50"
Environmental Protection,Burning,COMMS MATERIAL,B000024306/61872,J P P Media Limited,12/09/23,823.09
Development Control B.U.,Agency Staff,TEMP STAFF - W/E 27.08.23 ,B000024306/67448,Macdonald & Company,12/09/23,"1,551.17"
Planning Policy B.U.,Agency Staff,TEMP STAFF - W/E 27.08.23 ,B000024306/67448,Macdonald & Company,12/09/23,"1,092.00"
Cctv'S,Energy,AMENITY LIGHTING 02.08.23 - 01.09.23 CCTV,B000024307/35310,Sse Energy Solutions,12/09/23,181.99
Christmas Decs & Amenity Costs,Electricity,CHRISTMAS LIGHTING 02.08.23 - 01.09.23,B000024307/35310,Sse Energy Solutions,12/09/23,"1,880.75"
Christmas Decs & Amenity Costs,Energy,AMENITY LIGHTING 02.08.23 - 01.09.23 VIADUCT,B000024307/35310,Sse Energy Solutions,12/09/23,"2,684.40"
Off Street Parking,Energy,AMENITY LIGHTING 02.08.23 - 01.09.23 CAR PARKS,B000024307/35310,Sse Energy Solutions,12/09/23,"2,123.25"
Other Services,Energy,AMENITY LIGHTING 02.08.23 - 01.09.23 CLOCKS,B000024307/35310,Sse Energy Solutions,12/09/23,91
Public Transport,Energy,AMENITY LIGHTING 02.08.23 - 01.09.23 BUS SHELTERS,B000024307/35310,Sse Energy Solutions,12/09/23,985.79
Human Resources,Member Training,KNOWLEDGE AND SKILLS AUDIT COMMITTEE,B000024307/44171,Cipfa Busines Limited,12/09/23,295
Disabled Facilities General,Contractor Other,DISABLED FACILITIES GRANT,B000024308/7874,Stannah Lift Services Limited,12/09/23,"6,436.00"
Markets - Operations,General Repair & Maint Bldgs,SKIP RENTAL,B000024310/59730,Blackburn Skips Limited,12/09/23,385.84
Burton Chambers  - Luf,Consultants Fees,PROFESSIONAL FEES ,B000024310/67812,Ma Cost Consulting Limited,12/09/23,"3,000.00"
Market Chambers - Luf,Consultants Fees,PROFESSIONAL FEES ,B000024310/67812,Ma Cost Consulting Limited,12/09/23,"3,000.00"
Market Hall - Luf,Consultants Fees,PROFESSIONAL FEES ,B000024310/67812,Ma Cost Consulting Limited,12/09/23,"3,000.00"
Disabled Facilities General,Contractor Other,DISABLED FACILITIES GRANT,B000024310/68796,Assured Stairlifts Limited,12/09/23,"2,005.00"
Computer Services,Telephones,01-AUG-2023 TO 31-AUG-2023 CLOUDCOCO BROADBAND,B000024314/46800,Cloudcoco Limited,14/09/23,"1,484.22"
Markets - Operations,Electricity,ELECTRIC - 16TH MAY 2023 - 14TH AUGUST 2023,B000024314/59343,Edf Energy,14/09/23,213.87
Computer Services,Rental & Maint Software Misc,PRINTING COSTS 31-07-23 TO 30-08-23,B000024314/61288,Xbm Ltd,14/09/23,209.19
Scaitcliffe House,Water Charges,SCAITCLIFFE HOUSE 1ST AUGUST 2023 - 31ST AUGUST 2023,B000024314/8325,Water Plus Ltd,14/09/23,520
Computer Services,Rental & Maint Software Misc,32 ARCSERVE UDP PREM ED SOCKETS,B000024316/36434,Bytes Software Services Ltd,14/09/23,"8,540.80"
Tech. Refresh (Annual Replacem,Equipment,30 X MITEL 69/0 HANDSETS,B000024316/46800,Cloudcoco Limited,14/09/23,"4,140.00"
Disabled Facilities General,Contractor Other,DISABLED FACILITIES GRANT,B000024316/52883,Pollock Lifts,14/09/23,"16,722.00"
Managing Director,New Equipment,"1 X 10.9"" TABLET 64GB WIFI & CELLULAR",B000024316/52932,Insight Direct (Uk) Ltd,14/09/23,530.84
Other Services,Single Funding Pot,JOB ADVERT,B000024316/68719,Hemming Group Limited,14/09/23,"3,500.00"
Disabled Facilities General,Contractor Other,DISABLED FACILITIES GRANT,B000024317/21792,H & M Building & Joinery Ltd,14/09/23,999.87
Acc Town Hall,Window Cleaning,WINDOW CLEANING - BROADWAY,B000024317/56378,Rutters,14/09/23,"5,750.00"
Ukspf - Regeneration,Marketing/Promotion,TCIP BANNER - AND INSTALLATION,B000024317/56378,Rutters,14/09/23,"19,240.30"
Accrington Crematorium,Asset Maint R&M,ACC CREM - REPLACE FAULTY LIGHTS,B000024317/57949,Steven Mercer Electrical Contractors Limited,14/09/23,375
Corporate R & M (Holding A/C),Defibrillators,HAG - FIT NEW DEFIB CABINET,B000024317/57949,Steven Mercer Electrical Contractors Limited,14/09/23,211.68
Accrington Crematorium,Security System Maintenance,KEYHOLDER CALLOUTS - AUGUST 2023,B000024318/44845,Keyplus Security Ltd,14/09/23,131.56
Cannon St Acc,Security System Maintenance,KEYHOLDER CALLOUTS - AUGUST 2023,B000024318/44845,Keyplus Security Ltd,14/09/23,63.25
Corporate Property,Security System Maintenance, KEYHOLDER CALLOUTS - AUGUST 2023,B000024318/44845,Keyplus Security Ltd,14/09/23,46
Hyndburn Cemeteries,Security System Maintenance, KEYHOLDER CALLOUTS - AUGUST 2023,B000024318/44845,Keyplus Security Ltd,14/09/23,263.12
Library St Depot,Security System Maintenance,KEYHOLDER CALLOUTS - AUGUST 2023,B000024318/44845,Keyplus Security Ltd,14/09/23,394.68
Markets - Operations,Security System Maintenance,KEYHOLDER CALLOUTS - AUGUST 2023,B000024318/44845,Keyplus Security Ltd,14/09/23,65.78
Parks & Open Spaces,Security System Maintenance,KEYHOLDER CALLOUTS - AUGUST 2023,B000024318/44845,Keyplus Security Ltd,14/09/23,698.28
Ranger St Compound & Depot,Security System Maintenance,KEYHOLDER CALLOUTS - AUGUST 2023,B000024318/44845,Keyplus Security Ltd,14/09/23,197.34
Willows Lane Depot,Security System Maintenance,KEYHOLDER CALLOUTS - AUGUST 2023,B000024318/44845,Keyplus Security Ltd,14/09/23,65.78
Parks & Open Spaces,Cleaning Of Buildings,OAKHILL PARK PAVILIONS -WEEKLY CLEANING - SEPTEMBER 2023,B000024318/68396,Servicemaster Cs Aaa,14/09/23,279.7
Elmfield Hall Flats,Water Charges,FLAT 5 ELMFIELD HALL - WATER BILL - 01.10.23 - 31.03.24,B000024318/6870,United Utilities,14/09/23,262.46
Disabled Facilities General,Contractor Other,DISABLED FACILITIES GRANT,B000024319/25868,Hyndburn Plumbing & Heating Services,14/09/23,"4,560.00"
Disabled Facilities General,Contractor Other,DISABLED FACILITIES GRANT,B000024319/7874,Stannah Lift Services Limited,14/09/23,"6,251.00"
Accountancy,New Equipment,CHARGES - 19.8.23 TO 18.9.23,B000024320/55296,Ee Limited,14/09/23,23.98
Accrington Town Centre,Mobiles,CHARGES - 19.8.23 TO 18.9.23,B000024320/55296,Ee Limited,14/09/23,27.96
Administration Services,Mobiles,CHARGES - 19.8.23 TO 18.9.23,B000024320/55296,Ee Limited,14/09/23,8.99
Allotments,General Repair & Maint Bldgs,CHARGES - 19.8.23 TO 18.9.23,B000024320/55296,Ee Limited,14/09/23,17.98
Computer Services,Disaster Planning,CHARGES - 19.8.23 TO 18.9.23,B000024320/55296,Ee Limited,14/09/23,20
Computer Services,Mobiles,CHARGES - 19.8.23 TO 18.9.23,B000024320/55296,Ee Limited,14/09/23,79.32
Computer Services,Telephones,CHARGES - 19.8.23 TO 18.9.23,B000024320/55296,Ee Limited,14/09/23,160
Corp & Dem Core,Marketing Communications,CHARGES - 19.8.23 TO 18.9.23,B000024320/55296,Ee Limited,14/09/23,10
Corporate Property Bus Unit,Mobiles,CHARGES - 19.8.23 TO 18.9.23,B000024320/55296,Ee Limited,14/09/23,41.94
Coviid 19,Mobiles,CHARGES - 19.8.23 TO 18.9.23,B000024320/55296,Ee Limited,14/09/23,41.94
Cvmu,Mobiles,CHARGES - 19.8.23 TO 18.9.23,B000024320/55296,Ee Limited,14/09/23,20
Development,Mobiles,CHARGES - 19.8.23 TO 18.9.23,B000024320/55296,Ee Limited,14/09/23,69.9
Development Control B.U.,Mobiles,CHARGES - 19.8.23 TO 18.9.23,B000024320/55296,Ee Limited,14/09/23,112.27
Dog Warden,Mobiles,CHARGES - 19.8.23 TO 18.9.23,B000024320/55296,Ee Limited,14/09/23,14.41
Enforcement,Mobiles,CHARGES - 19.8.23 TO 18.9.23,B000024320/55296,Ee Limited,14/09/23,50.93
Environmental Protection,Mobiles,CHARGES - 19.8.23 TO 18.9.23,B000024320/55296,Ee Limited,14/09/23,73.9
Facilities Team,Mobiles,CHARGES - 19.8.23 TO 18.9.23,B000024320/55296,Ee Limited,14/09/23,42.37
Facilities Team,New Equipment,CHARGES - 19.8.23 TO 18.9.23,B000024320/55296,Ee Limited,14/09/23,20
Graphics & Communications,Mobiles,CHARGES - 19.8.23 TO 18.9.23,B000024320/55296,Ee Limited,14/09/23,27.96
Haworth Art Gallery,Mobiles,CHARGES - 19.8.23 TO 18.9.23,B000024320/55296,Ee Limited,14/09/23,41.94
Head Of Legal & Democratic Ser,Mobiles,CHARGES - 19.8.23 TO 18.9.23,B000024320/55296,Ee Limited,14/09/23,23.98
Health Food & Safety,Civica Mobile Working,CHARGES - 19.8.23 TO 18.9.23,B000024320/55296,Ee Limited,14/09/23,40
Health Food & Safety,Mobiles,CHARGES - 19.8.23 TO 18.9.23,B000024320/55296,Ee Limited,14/09/23,87.88
Health Officers,Mobiles,CHARGES - 19.8.23 TO 18.9.23,B000024320/55296,Ee Limited,14/09/23,22.97
Hmo,Mobiles,CHARGES - 19.8.23 TO 18.9.23,B000024320/55296,Ee Limited,14/09/23,27.96
Housing Advice,Mobiles,CHARGES - 19.8.23 TO 18.9.23,B000024320/55296,Ee Limited,14/09/23,69.9
Housing Benefit Administration,Bpr/Contact Centre,CHARGES - 19.8.23 TO 18.9.23,B000024320/55296,Ee Limited,14/09/23,20
Housing Standards,Mobiles,CHARGES - 19.8.23 TO 18.9.23,B000024320/55296,Ee Limited,14/09/23,50.93
Human Resources,Mobiles,CHARGES - 19.8.23 TO 18.9.23,B000024320/55296,Ee Limited,14/09/23,67.92
Human Resources,New Equipment,CHARGES - 19.8.23 TO 18.9.23,B000024320/55296,Ee Limited,14/09/23,10
Internal Audit,Office Consumables,CHARGES - 19.8.23 TO 18.9.23,B000024320/55296,Ee Limited,14/09/23,26.97
Legal Services,Mobiles,CHARGES - 19.8.23 TO 18.9.23,B000024320/55296,Ee Limited,14/09/23,35.96
Licensing,Mobiles,CHARGES - 19.8.23 TO 18.9.23,B000024320/55296,Ee Limited,14/09/23,28.39
Licensing,New Equipment,CHARGES - 19.8.23 TO 18.9.23,B000024320/55296,Ee Limited,14/09/23,10
Licensing,Office Consumables,CHARGES - 19.8.23 TO 18.9.23,B000024320/55296,Ee Limited,14/09/23,27.96
Local Taxation,Bpr/Contact Centre,CHARGES - 19.8.23 TO 18.9.23,B000024320/55296,Ee Limited,14/09/23,9.38
Management Business Unit,Mobiles,CHARGES - 19.8.23 TO 18.9.23,B000024320/55296,Ee Limited,14/09/23,23.98
Managing Director,Mobiles,CHARGES - 19.8.23 TO 18.9.23,B000024320/55296,Ee Limited,14/09/23,23.98
Markets - Staffing,Mobiles,CHARGES - 19.8.23 TO 18.9.23,B000024320/55296,Ee Limited,14/09/23,13.98
Member Services,Mobiles,CHARGES - 19.8.23 TO 18.9.23,B000024320/55296,Ee Limited,14/09/23,22.97
Member Services,Office Consumables,CHARGES - 19.8.23 TO 18.9.23,B000024320/55296,Ee Limited,14/09/23,10
Parks & Open Spaces,Materials-Direct,CHARGES - 19.8.23 TO 18.9.23,B000024320/55296,Ee Limited,14/09/23,84.77
Pest Control,Mobiles,CHARGES - 19.8.23 TO 18.9.23,B000024320/55296,Ee Limited,14/09/23,41.94
Policy And Performance Review,Telephones,CHARGES - 19.8.23 TO 18.9.23,B000024320/55296,Ee Limited,14/09/23,32.97
Proposed Selec Licensing 2017,Mobiles,CHARGES - 19.8.23 TO 18.9.23,B000024320/55296,Ee Limited,14/09/23,27.96
Recycling Collection,Mobiles,CHARGES - 19.8.23 TO 18.9.23,B000024320/55296,Ee Limited,14/09/23,107.64
Refuse/Cleansing Admin Staff,Civil Contingency Act,CHARGES - 19.8.23 TO 18.9.23,B000024320/55296,Ee Limited,14/09/23,80
Refuse/Cleansing Admin Staff,Mobiles,CHARGES - 19.8.23 TO 18.9.23,B000024320/55296,Ee Limited,14/09/23,194.79
Refuse Collection,Computer Rental & Maint,CHARGES - 19.8.23 TO 18.9.23,B000024320/55296,Ee Limited,14/09/23,180
Strategic Housing Department,Mobiles,CHARGES - 19.8.23 TO 18.9.23,B000024320/55296,Ee Limited,14/09/23,41.94
Accrington Town Centre,Event Expenditure,FINAL 50% FOR SOAPBOX CHALLENGE,B000024301/17546,Scott Dawson Advertising Ltd,18/09/23,"10,000.00"
Homes For Ukraine-Comm Integra,Misc Expenses Other,UKRAINE HAWORTH EVENT,B000024287/51531,Mercure Dunkenhalgh Hotel & Spa,19/09/23,508.34
Accountancy,Agency Staff,TEMP STAFF-  W/C 21/08/23,B000024293/58852,Oyster Partnership,19/09/23,"3,550.00"
Corporate Property Bus Unit,Agency Staff,TEMP STAFF- W/E 27/08/23,B000024293/61657,G2 Recruitment Solutions,19/09/23,"2,808.00"
Environmental Protection,Agency Staff,TEMP STAFF W/E 27/08/23,B000024293/61860,Vivid Resourcing,19/09/23,"1,850.00"
Environmental Protection,Agency Staff,TEMP STAFF W/E 27/08/23,B000024293/61860,Vivid Resourcing,19/09/23,945
Housing Advice,Agency Staff,TEMP STAFF W/E 27/08/23,B000024293/61860,Vivid Resourcing,19/09/23,"1,437.48"
Vat Only Suspense,Misc Expenses Other,COSTS,B000024293/66036,Marston (Holdings) Ltd,19/09/23,"2,785.10"
Disabled Facilities General,Contractor Other,DISABLED FACILITIES GRANT,B000024293/67621,Buildeasi Nw Ltd,19/09/23,"17,197.95"
Cemetery Welfare & Depot Fac,Contractor Other,ACC CEM SERVICE BUILDING- SERVICE FIRE EXTINGUISHERS,B000024296/20408,Pennine Fire & Safety Limited,19/09/23,312.15
Ukspf - Regeneration,Marketing/Promotion,BANNER FINAL AMENDS,B000024299/66163,Media Village,19/09/23,360
Ukspf - Regeneration,Marketing/Promotion,SOCIAL MEDIA TEMPLATES,B000024299/66163,Media Village,19/09/23,240
Market Chambers - Luf,Consultants Fees,LEGAL FEES- MARKET CHAMBERS,B000024299/66553,Womble Bond Dickinson,19/09/23,3
Market Chambers - Luf,Legal Fees,LEGAL FEES- MARKET CHAMBERS,B000024299/66553,Womble Bond Dickinson,19/09/23,"2,800.00"
Waste Services,Agency Staff,AGENCY STAFF W/C 21.8.23,B000024301/61971,Rapid Recruit Ltd,19/09/23,"1,961.31"
Cvmu,Equipmnt Repair & Maint,REPAIR BRAKE TESTER,B000024304/58111,Mrb Workshop Services,19/09/23,278.55
Cvmu,Materials-Direct,STEAM CLEAN X2,B000024304/58642,Keep Em Clean,19/09/23,787.5
Cvmu,Materials-Direct,LIFTER REPAIR,B000024304/8014,Terberg Matec Uk,19/09/23,263.98
Building Control B.U.,Agency Staff,TEMP STAFF - W/C 21.08.23 ,B000024306/58852,Oyster Partnership,19/09/23,"1,391.04"
Development Control B.U.,Agency Staff,TEMP STAFF - W/C 21.08.23 ,B000024306/58852,Oyster Partnership,19/09/23,463.2
Planning Policy B.U.,Agency Staff,TEMP STAFF - W/C 21.08.23,B000024306/58852,Oyster Partnership,19/09/23,"1,646.50"
Highways General,Dev Control System,SQL SCRIPTS FOR ADDRESSES ,B000024308/1639,Ggp Systems Ltd,19/09/23,"1,275.00"
Accrington Town Centre,Event Expenditure,EVENT COSTS,B000024313/29112,Hyndburn Leisure,19/09/23,"4,000.00"
Hyndburn Cemeteries,Cleaning Of Buildings,BUILDING CLEANING ACC CEM,B000024313/68396,Servicemaster Cs Aaa,19/09/23,734.24
Willows Lane Depot,Cleaning Of Buildings,BUILDING CLEANING W/L,B000024313/68396,Servicemaster Cs Aaa,19/09/23,954.53
Cemetery Welfare & Depot Fac,Contractor Other,WORK LOCKERS - NEW BUILD,B000024313/68768,Work Place Depot,19/09/23,873.3
Housing Advice,Temporary Accommodation,TEMPORARY ACCOMODATION ,B000024314/67383,Molesworth Hotel,19/09/23,"4,887.00"
Housing Advice,Temporary Accommodation,TEMPORARY ACCOMODATION ,B000024314/67383,Molesworth Hotel,19/09/23,"6,281.00"
Human Resources,Member Training,KNOWLEDGE AND SKILLS AUDIT,B000024323/44171,Cipfa Busines Limited,19/09/23,295
Cvmu,Cleaning,BUILDING CLEANING CVMU,B000024324/68396,Servicemaster Cs Aaa,19/09/23,734.24
Haworth Stables,Cleaning Of Buildings,WINDOW CLEANING BUILDINGS,B000024325/67990,Mark Pollitt,19/09/23,300
Disabled Facilities General,Contractor Other,DISABLED FACILITIES GRANT,B000024327/30178,B3p Services Ltd,19/09/23,"6,999.00"
Disabled Facilities General,Contractor Other,DISABLED FACILITIES GRANT,B000024327/50640,Prism Medical Uk,19/09/23,"3,446.00"
Dfg (Area Improvement),External Charges - Dfg,DISABLED FACILITIES GRANT,B000024327/52714,The Intelligent Design Centre Ltd,19/09/23,610
Housing Advice,Training Expenses,TRAINING FOR HA TEAM,B000024327/57304,Housing Reviews Ltd,19/09/23,"3,200.00"
Registration Of Electors,Document Management,WEEKLY PRINT RUN,B000024293/62168,Civica Election Services,21/09/23,"1,789.10"
Parks & Open Spaces,Asset Maint R&M,BULLOUGH PARK CHANGING PAVILLION- REGLAZE WINDOWS,B000024296/37017,Pilkington Bros (Church) Ltd,21/09/23,341.52
Licensing,New Equipment,PERSONAL ALARMS FOR TRADE,B000024297/68790,Sure24 Limited,21/09/23,"2,646.25"
Cvmu,Materials-Direct,LIGHT BRACKET,B000024304/1164,Dennis Eagle Limited,21/09/23,604.59
Cvmu,Implements & Tools,WORKSHOP ITEMS,B000024304/28065,Wurth Uk Ltd,21/09/23,404.34
Cvmu,Materials-Direct,SERVICE,B000024304/63930,Croft Commercials Transport Limited,21/09/23,489.6
General Maintenance,Work Done Dlo-Highways, MANCHESTER ROAD WOODLAND CULVERT,B000024306/52330,John Wade Groundworks Ltd,21/09/23,562
Waste Services,Agency Staff,AGENCY STAFF W/C 04.09.23,B000024312/19414,Proman Supply Chain Ltd,21/09/23,550.93
Waste Services,Agency Staff,AGENCY STAFF W/C 10.07.23,B000024312/19414,Proman Supply Chain Ltd,21/09/23,"1,434.80"
Waste Services,Agency Staff,AGENCY STAFF W/C 17.7.23,B000024312/19414,Proman Supply Chain Ltd,21/09/23,991.67
Waste Services,Agency Staff,AGENCY STAFF W/C 3.7.23,B000024312/19414,Proman Supply Chain Ltd,21/09/23,745.7
Refuse Collection,Clinical Waste Collection,CLINICAL WASTE COLLECTIONS,B000024312/62108,Rentokil Initial Uk Ltd,21/09/23,340.45
Accrington Crematorium,Visual Tributes,MEDIA CHARGES,B000024313/55609,Obitus (Vivedia Ltd),21/09/23,"1,246.00"
Commercial Collections,Landfill Tax,TRADE WASTE,B000024313/8810,Suez Recycling And Recovery Uk Ltd,21/09/23,"11,061.53"
Commercial Collections,Waste Disposal Charges,TRADE WASTE,B000024313/8810,Suez Recycling And Recovery Uk Ltd,21/09/23,"2,721.52"
Recycling Collection,Vehicle Cctv,LIVE CAMERAS,B000024322/1164,Dennis Eagle Limited,21/09/23,810
Refuse Collection,Vehicle Cctv,WASTE OPERATOR LITE 1.7.23-30.6.24,B000024322/1164,Dennis Eagle Limited,21/09/23,900
Enforcement,General Subscriptions,MALLARD SUPPORT SERVICE NETWORK MEMBERSHIP,B000024322/24813,Mallard Consultancy Ltd,21/09/23,499.5
Environmental Protection,General Subscriptions,MALLARD SUPPORT SERVICE NETWORK MEMBERSHIP,B000024322/24813,Mallard Consultancy Ltd,21/09/23,499.5
Parks & Open Spaces,Materials-Direct,E36 PADLOCKS,B000024322/41229,Powell Hardware Ltd,21/09/23,270.72
Parks & Open Spaces,Service Training Expenses,LANTRA LEVEL 2 PA6INJ TRAINING COURSE,B000024322/68697,Morton Training Limited,21/09/23,"1,400.00"
Cvmu,Materials-Direct,TYRES,B000024324/29877,Rossendale Vulcanising (Sales Ltd),21/09/23,"6,025.00"
Hyndburn Cemeteries,Agency Staff,AGENCY STAFF - W/C 28.8.23,B000024326/19414,Proman Supply Chain Ltd,21/09/23,467.16
Hyndburn Cemeteries,Agency Staff,AGENCY STAFF - W/C 04.09.23,B000024326/19414,Proman Supply Chain Ltd,21/09/23,467.16
Hyndburn Cemeteries,Agency Staff,AGENCY STAFF - W/C 26.6.23,B000024326/19414,Proman Supply Chain Ltd,21/09/23,583.95
Parks & Open Spaces,Agency Staff,AGENCY STAFF - W/C 04.09.23,B000024326/19414,Proman Supply Chain Ltd,21/09/23,"1,794.36"
Parks & Open Spaces,Agency Staff,AGENCY STAFF - W/C 28.8.23,B000024326/19414,Proman Supply Chain Ltd,21/09/23,"1,762.88"
Parks & Open Spaces,Cleaning Of Buildings,BUILDING CLEANING RHYDDINGS SEP 23,B000024326/68396,Servicemaster Cs Aaa,21/09/23,495.59
Parks & Open Spaces,Cleaning Of Buildings,BUILDING CLEANING - WILSONS SEP 23,B000024326/68396,Servicemaster Cs Aaa,21/09/23,550.67
New Financial Package,Software,"PAYROLL IMPLIMENTATION, ADDITIONAL SERVICE DAYS",B000024330/17209,Civica Uk Limited,21/09/23,"42,000.00"
Dfg Affordable Warmth Grant,Contractor Other,AFFORDABLE WARMTH GRANT,B000024330/64557,Harris Heating (Nw) Ltd,21/09/23,"1,685.00"
Dfg Affordable Warmth Grant,Contractor Other,AFFORDABLE WARMTH GRANT,B000024330/68216,Scl Building Services Limited,21/09/23,"1,127.25"
Markets - Operations,Cleaning Of Buildings,SEPT- CLEANING AGENCY,B000024330/68396,Servicemaster Cs Aaa,21/09/23,"1,988.05"
General Maintenance,Work Done Dlo-Highways,"WORKS COMPLETED AT HAWORTH PARK, ACCRINGTON 31-AUG-23",B000024331/54512,Clear A Drain Ltd,21/09/23,235
Development Control B.U.,Agency Staff,TEMP STAFF W/E 03/09/23,B000024331/67448,Macdonald & Company,21/09/23,"1,233.42"
Planning Policy B.U.,Agency Staff,TEMP STAFF W/E 03/09/23,B000024331/67448,Macdonald & Company,21/09/23,"1,352.00"
Dev Control,Fees-Analysts & Consultants,RETAIL AUDIT- 11/22/0435- FRONTIER,B000024332/61576,Urban Agile Ltd,21/09/23,700
Development Control B.U.,Agency Staff,TEMP STAFF W/E 10/09/23,B000024332/67448,Macdonald & Company,21/09/23,"1,479.42"
Planning Policy B.U.,Agency Staff,TEMP STAFF W/E 10/09/23,B000024332/67448,Macdonald & Company,21/09/23,"1,404.00"
Dev Control,Fees-Analysts & Consultants, AUDIT- ADVICE,B000024332/68804,Pegasus Planning Group Ltd,21/09/23,"1,750.00"
Housing Benefit Administration,Legal Fees,DEBT COLLECTION,B000024296/66036,Marston (Holdings) Ltd,26/09/23,696.7
Refuse Collection,Vehicle Tracker / Fuel/ Cctv,VEHICLE TRACKERS WS,B000024301/60522,Trakm8 Holdings Plc,26/09/23,266.88
Parks & Open Spaces,Vehicle Tracker / Fuel/ Cctv,VEHICLE TRACKER COSTS,B000024301/65244,Inseego,26/09/23,240
Tipping Charges,Hired Vehicle,EMPTY WASTE BAYS W/L,B000024301/9294,Stanley Brothers (Tippers) Ltd,26/09/23,540
Cvmu,Materials-Direct,LIFTER REPAIR,B000024304/8014,Terberg Matec Uk,26/09/23,563.42
Waste Services,Agency Staff,AGENCY STAFF W/C 28.8.23,B000024312/61971,Rapid Recruit Ltd,26/09/23,"1,303.88"
Fire Risk Assess Works Various,Contractor Other,ACC TOWN HALL - UPGRADE FIRE ALARM ,B000024333/24998,Full Circuit Fire & Security Ltd,26/09/23,361.01
Leisure In Hyndburn,Grants-General,CONT TO PASSPORT  JAN TO MAR 23,B000024336/29112,Hyndburn Leisure,26/09/23,220
Leisure In Hyndburn,Grants-General,Q3 WEIGHT MANAGEMENT OCT/NOV/DEC 23,B000024336/29112,Hyndburn Leisure,26/09/23,"17,656.50"
Computer Services,Telephones,CHARGES -SEPT 23,B000024336/46800,Cloudcoco Limited,26/09/23,"1,207.29"
Computer Services,Telephones,Sep-23,B000024336/644,British Telecommunications Plc,26/09/23,"1,099.73"
Development Control B.U.,Agency Staff,TEMP STAFF WE 17.09.23 ,B000024336/67448,Macdonald & Company,26/09/23,"1,441.83"
Planning Policy B.U.,Agency Staff,TEMP STAFF WE 17.09.23,B000024336/67448,Macdonald & Company,26/09/23,"1,560.00"
Administration Services,Agency Staff,CLEANING 21-08-23 - 15-09-23,B000024337/68396,Servicemaster Cs Aaa,26/09/23,759.62
Burton Chambers  - Luf,Consultants Fees,PROGRAMME DIRECTOR SEPT 2023,B000024337/68462,Rider Levett Bucknall Uk Ltd,26/09/23,"3,300.00"
Market Hall - Luf,Consultants Fees,PROGRAMME DIRECTOR SEPT 2023,B000024337/68462,Rider Levett Bucknall Uk Ltd,26/09/23,"3,300.00"
Disabled Facilities General,Contractor Other,DISABLED FACILITIES GRANT,B000024338/30178,B3p Services Ltd,26/09/23,"5,028.00"
Disabled Facilities General,Contractor Other,DISABLED FACILITIES GRANT,B000024338/31295,Astor-Bannerman (Medical)Ltd,26/09/23,"6,168.86"
Human Resources,Training Expenses,4 DAYS VIRTUAL TRAINING ,B000024338/36434,Bytes Software Services Ltd,26/09/23,"1,975.50"
Building Control B.U.,Telephones,1 X SAMSUNG A14 HANDSET ,B000024338/46800,Cloudcoco Limited,26/09/23,165
Climate Emergency Fund,Telephones,3 x SAMSUNG A14 HANDSETS ,B000024338/46800,Cloudcoco Limited,26/09/23,498
Development Control B.U.,Equipmnt Repair & Maint,6 X SAMSUNG A14 HANDSETS ,B000024338/46800,Cloudcoco Limited,26/09/23,997
Disabled Facilities General,Contractor Other,DISABLED FACILITIES GRANT,B000024338/67621,Buildeasi Nw Ltd,26/09/23,"11,447.94"
Computer Services,Printer/ Copier Rental & Maint,CONSUMABLES,B000024338/67720,Document Logic,26/09/23,377.35
Land At Nook Lane,Environmental Works,INNS TREATMENT,B000024339/30834,Lancashire Wildlife Trust,26/09/23,265
Disabled Facilities General,Contractor Other,DISABLED FACILITIES GRANT,B000024339/64332,R W Building And Development,26/09/23,638.25
Huncoat Housing Zone,Fees-Analysts & Consultants,HUNCOAT BUSINESS CASE - JULY 23,B000024294/65514,Avison Young (Uk) Ltd,28/09/23,"10,005.00"
Huncoat Housing Zone,Fees-Analysts & Consultants,HUNCOAT GARDEN VILLAGE - JUNE 23,B000024294/65514,Avison Young (Uk) Ltd,28/09/23,"13,760.00"
Walls Pos,Contractor Other,OAKHILL PARK- TAKE DOWN & REBUILD STONE PILLAR,B000024296/14998,Sterling Construction (Services) Ltd,28/09/23,600
Development,External Charges - Esg,HBC AFFORDABLE WARMTH GRANT FEES APR-AUG 2023,B000024297/63869,Hyndburn Homewise Society Limited,28/09/23,"6,336.37"
Development,External Charges - Esg,HBC- EMERGENCY REPAIR GRANT FEES APR-AUG-23,B000024297/63869,Hyndburn Homewise Society Limited,28/09/23,"1,780.78"
Accrington Town Centre,Event Expenditure,50% FINAL PAYMENT FOR SUMMER ARTS - MARKETS,B000024301/61031,New Freedom,28/09/23,450
General Maintenance,Work Done Dlo-Highways,TO COMPLETE DRAINAGE WORKS IN HAWORTH PARK ,B000024306/14998,Sterling Construction (Services) Ltd,28/09/23,"29,986.50"
Housing Standards,Agency Staff,TEMP STAFF - P/E 03.09.23,B000024306/61657,G2 Recruitment Solutions,28/09/23,"1,420.23"
Environmental Protection,Agency Staff,TEMP STAFF - P/E 03.09.23 ,B000024306/61860,Vivid Resourcing,28/09/23,"1,600.00"
Hmo,Agency Staff,TEMP STAFF- WC 21.08.23,B000024307/58852,Oyster Partnership,28/09/23,260
Hmo,Agency Staff,TEMP STAFF W/C 14.08.23,B000024307/58852,Oyster Partnership,28/09/23,546
Hmo,Agency Staff,TEMP STAFF WC 26.08.23,B000024307/58852,Oyster Partnership,28/09/23,472.16
Human Resources,Training Expenses,LEARNING POOL SUBS,B000024307/60910,Learning Pool Ltd,28/09/23,"9,000.00"
Hyndburn Cemeteries,Equipmnt Repair & Maint,BENCHES,B000024312/54326,Ark Plastics Ltd,28/09/23,"2,160.00"
Waste Services,Agency Staff,AGENCY STAFF W/C 4.9.23,B000024312/61971,Rapid Recruit Ltd,28/09/23,"1,105.56"
Memorial Park,Private Contractors Work,PROJECT MANAGEMENT FEES FOR PARK RENNOVATION,B000024313/61128,Proffitts,28/09/23,"3,290.75"
Parks & Open Spaces,Luf Grant,PROJECT MANAGEMENT FEES FOR PARK RENNOVATION,B000024313/61128,Proffitts,28/09/23,"8,234.00"
Housing Advice,Temporary Accommodation,TEMPORARY ACCOMMODATION - 12.08.2023 - 17.08.2023,B000024314/28199,Hill View (Private) Hotel,28/09/23,325
Housing Advice,Temporary Accommodation,TEMPORARY ACCOMMODATION  25.08.23 TO 29.08.23,B000024314/28199,Hill View (Private) Hotel,28/09/23,260
Human Resources,The Big Thankyou,"HIRE OF TABLECLOTHS, GLASSES ",B000024314/29112,Hyndburn Leisure,28/09/23,219.58
Registration Of Electors,Training Expenses,ELECTIONS ACT 2022 TRAINING,B000024314/350,Assoc Of Electoral Administrators,28/09/23,412.5
Housing Advice,Agency Staff,AGENCY STAFF COSTS ,B000024314/61860,Vivid Resourcing,28/09/23,"1,428.12"
Wilson Playing Flds Use 302250,Legal Fees,PROFESSIONAL FEES ,B000024315/67827,Ms Stephanie Hall,28/09/23,500
Health Food & Safety,General Subscriptions,SUBS 23/24,B000024317/30414,Wyre Borough Council,28/09/23,250
Corporate Property,Asset Maint R&M,OSW WAR MEMORIAL - REFIX FIGURE,B000024317/68005,Stone Central,28/09/23,"1,695.00"
Acc Town Hall,Asset Maint R&M,BROADWAY OFFICES - PAT TESTING,B000024318/53957,Lantei Limited,28/09/23,361.5
Pest Control,Baits & Poisons,RATIMOR BRODI BLOCKS,B000024322/2419,Killgerm Chemicals Ltd,28/09/23,220.32
Acc Tc Cleansing,Litter Bins/ Liners,EURO HOODY LITTER BIN: WITH STAINLESS STUB,B000024322/49385,Mrm Street Furniture Limited,28/09/23,"2,268.00"
Parks & Open Spaces,Private Contractors Work,TO FELL 7 DEAD/DYING TREES,B000024322/68762,Mr Sam Airey,28/09/23,"1,300.00"
Human Resources,Training Expenses,PLANNING CONFERENCE ,B000024323/49606,Llg Legal Training,28/09/23,225
Hmo,Agency Staff,TEMP STAFF WC 04.09.23 ,B000024323/58852,Oyster Partnership,28/09/23,"1,274.00"
Hmo,Agency Staff,TEMP STAFF WC 04.09.23 ,B000024323/58852,Oyster Partnership,28/09/23,"1,840.80"
Housing Standards,Agency Staff,TEMP STAFF WC 04.09.23 ,B000024323/58852,Oyster Partnership,28/09/23,751.5
Cvmu,Materials-Direct,"BUMPER, MIRROR, PARTS",B000024324/1164,Dennis Eagle Limited,28/09/23,389.37
Cvmu,Materials-Direct,SWIVEL AND SENSOR,B000024324/1164,Dennis Eagle Limited,28/09/23,266.61
Cvmu,Materials-Direct,STEAM CLEAN,B000024324/58642,Keep Em Clean,28/09/23,787.5
Parks & Open Spaces,Equipmnt Repair & Maint,LAWN MOWER REPAIR,B000024324/68556,Rob Mercer,28/09/23,256.73
Haworth Art Gallery,Equipment-Resale,GOODS FOR RESALE IN SHOP,B000024325/56705,Art Angels Publishing Ltd,28/09/23,370.02
Corporate Property,General Repair & Maint Bldgs,ASBESTOS MANAGEMENT SURVEY,B000024325/59301,Consultants & Spec Surveyors Ltd,28/09/23,595
Environmental Protection,Agency Staff,TEMP STAFF - P/E 10.09.23 -,B000024325/61860,Vivid Resourcing,28/09/23,"1,921.66"
Environmental Protection,Agency Staff,"TEMP STAFF - P/E 30/6/23, 31/07/23, 31/08/23, 10/09/23",B000024325/61860,Vivid Resourcing,28/09/23,"1,902.70"
Haworth Art Gallery,Equipment-Resale,GOODS FOR RESALE IN SHOP,B000024325/66480,Corinne Lapierre Ltd,28/09/23,249.3
Corporate Property,Asset Maint R&M,WORKS FOLLOWING FLAGPOLE INSPECTIONS,B000024325/68772,Glassfibre Flagpoles Limited,28/09/23,"1,055.03"
Parks & Open Spaces,Asset Maint R&M,WORKS FOLLOWING FLAGPOLE INSPECTIONS,B000024325/68772,Glassfibre Flagpoles Limited,28/09/23,855.03
Housing Advice,Agency Staff,TEMP STAFF P/E 10/09/23,B000024330/61860,Vivid Resourcing,28/09/23,"1,470.24"
Housing Advice,Agency Staff,TEMP STAFF P/E 17/09/23,B000024330/61860,Vivid Resourcing,28/09/23,222.48
Markets - Staffing,Security Services,GUARD DUTIES DURING SCHOOL HOLIDAYS,B000024330/68655,Pristine Security Services Ltd,28/09/23,"2,040.48"
Computer Services,Rental & Maint Software Misc,SUPPORT & MAINTENANCE 01/10/23 - 30/09/24,B000024330/819,Advanced Business Solutions,28/09/23,"42,770.41"
Street Nameplates Gen,Work Done Dlo-Highways,STREET SIGNAGE INSTALL,B000024331/14998,Sterling Construction (Services) Ltd,28/09/23,"2,270.00"
Building Control B.U.,Agency Staff,TEMP STAFF W/C 28/08/23,B000024331/58852,Oyster Partnership,28/09/23,"1,869.21"
Development Control B.U.,Agency Staff,TEMP STAFF W/C 28/08/23,B000024331/58852,Oyster Partnership,28/09/23,463.2
Planning Policy B.U.,Agency Staff,TEMP STAFF W/C 28/08/23,B000024331/58852,Oyster Partnership,28/09/23,"1,646.50"
Allotments,General Repair & Maint Bldgs,WASTE REMOVAL WOODNOOK,B000024331/59338,Waste Busters Waste Removal,28/09/23,650
Dev Control,Dev Control System,NEC TECHNICAL CONSULTANCY 08/23,B000024331/65823,Nec Software Solutions Uk Ltd,28/09/23,"1,750.00"
Building Control B.U.,Agency Staff,TEMP STAFF W/C 04/09/23,B000024332/58852,Oyster Partnership,28/09/23,839.79
Development Control B.U.,Agency Staff,TEMP STAFF W/C 04/09/23,B000024332/58852,Oyster Partnership,28/09/23,463.2
Planning Policy B.U.,Agency Staff,TEMP STAFF W/C 04/09/23,B000024332/58852,Oyster Partnership,28/09/23,"1,646.50"
Land At Nook Lane,Environmental Works,BURY MEADOWS,B000024332/61128,Proffitts,28/09/23,767
Development Control B.U.,Agency Staff,TEMP STAFF P/E 07/05/23,B000024332/66417,Carrington West Limited,28/09/23,"1,045.50"
Development Control B.U.,Agency Staff,TEMP STAFF P/E 09/04/23,B000024332/66417,Carrington West Limited,28/09/23,993.23
Development Control B.U.,Agency Staff,TEMP STAFF P/E 23/04/23,B000024332/66417,Carrington West Limited,28/09/23,940.95
Development Control B.U.,Agency Staff,TEMP STAFF P/E 30/04/23,B000024332/66417,Carrington West Limited,28/09/23,"1,202.33"
Land Charges,Search Fees,LOCAL LAND CHARGE SEARCHES,B000024333/2496,Lancashire County Council,28/09/23,798.6
"Audit, Bank & Treasury Fees",Fees-Analysts & Consultants,MERCHANT BANKING,B000024333/62362,Brc Consulting Services,28/09/23,"1,750.00"
Leisure In Hyndburn,Lih R&M,ACC TOWN HALL - REPAIRS TO THE LIGHTNING PROTECTION SYSTEM,B000024333/64735,Premier Technical Services Group,28/09/23,482.95
Building Control B.U.,Agency Staff,TEMP STAFF - WC 11.09.23,B000024336/58852,Oyster Partnership,28/09/23,918.54
Planning Policy B.U.,Agency Staff,TEMP STAFF WC 11.09.23 ,B000024336/58852,Oyster Partnership,28/09/23,"1,401.75"
Ukspf - Regeneration,Marketing/Promotion,LEAFLETS AND DELIVERY,B000024336/61872,J P P Media Limited,28/09/23,"2,389.61"
Hmo,Agency Staff,TEMP STAFF W/C 11/09/23,B000024337/58852,Oyster Partnership,28/09/23,"1,118.00"
Hmo,Agency Staff,TEMP STAFF W/C 11/09/23,B000024337/58852,Oyster Partnership,28/09/23,790.4
Housing Standards,Agency Staff,TEMP STAFF W/C 11/09/23,B000024337/58852,Oyster Partnership,28/09/23,751.5
Housing Standards,Agency Staff,TEMP STAFF W/E 17/09/23,B000024337/61657,G2 Recruitment Solutions,28/09/23,"1,953.40"
Environmental Protection,Agency Staff,TEMP STAFF P/E 17/09/23,B000024337/61860,Vivid Resourcing,28/09/23,"1,850.00"
Housing Advice,Rental & Maint Software Misc,APRIL - SEPT 23,B000024337/67872,Locata Housing Services Ltd,28/09/23,"5,500.00"
New Financial Package,Rental & Maint Software Misc,20 X E1 365 lICENCES ,B000024338/36434,Bytes Software Services Ltd,28/09/23,693
Licensing,Computer Rental & Maint,COMPUTER RENTAL & MTCE  - 12.10.23 TO 11.10.24,B000024339/61564,Idox Software Ltd,28/09/23,"10,985.50"
Cvmu,Materials-Direct,2 X GREEN PANELS,B000024340/27428,Summit Auto Bodies,28/09/23,340
Hyndburn Cemeteries,Agency Staff,SEASONAL STAFF,B000024341/19414,Proman Supply Chain Ltd,28/09/23,583.95
Parks & Open Spaces,Agency Staff,AGENCY STAFF W/C 11.9.23,B000024341/19414,Proman Supply Chain Ltd,28/09/23,"1,794.36"
Waste Services,Agency Staff,AGENCY STAFF W/C 11.9.23,B000024341/19414,Proman Supply Chain Ltd,28/09/23,329.37
Dog Warden,Kenneling - Daytime,KENNELLING CONTRACT,B000024341/36271,Aspen Valley Boarding Kennels & Cattery,28/09/23,"1,608.40"
Cctv'S,Licences,ANNUAL FEE FOR SITE AT LANCASTER AVENUE FOR CCTV,B000024341/67973,On Tower Uk,28/09/23,"1,579.36"
Parks & Open Spaces,Water Charges,WATER CHARGES PEEL PARK 11.8.23-10.9.23,B000024341/8325,Water Plus Ltd,28/09/23,320.48
Accrington Town Centre,Event Expenditure,REMAINING 50% PAYMENT FOR ECO FEST,B000024341/9249,Prospects Foundation,28/09/23,"3,000.00"
Tipping Charges,Hired Vehicle,EMPTY WASTE BAYS W/L,B000024341/9294,Stanley Brothers (Tippers) Ltd,28/09/23,"1,080.00"
Willows Lane Depot,Depot Costs,OPEN MESS FLOORING,B000024343/22476,Steelway Fensecure Ltd,28/09/23,956
Pest Control,Baits & Poisons,FICAMD 3KG,B000024343/2419,Killgerm Chemicals Ltd,28/09/23,237.44
Street Cleansing,Weedkilling,2  X HIGHWAY WEED CONTROL TREATMENTS,B000024343/42709,Rm Services Ltd,28/09/23,"18,320.00"
Street Cleansing,Weedkilling,ADDITIONAL HIGHWAY TREATMENT ,B000024343/42709,Rm Services Ltd,28/09/23,"2,274.00"
Broadway Offices Reroof,Contractor Other,WORKS ON POTTING SHED - HAG,B000024344/21792,H & M Building & Joinery Ltd,28/09/23,"5,350.00"
Fire Risk Assess Works Various,Contractor Other,INSTALL FIRE ALARM IN MESS ROOM - CVMU,B000024344/24998,Full Circuit Fire & Security Ltd,28/09/23,"2,091.77"
Fire Risk Assess Works Various,Contractor Other,INSTALL FIRE ALARM - MEMORIAL PARK,B000024344/24998,Full Circuit Fire & Security Ltd,28/09/23,"3,657.95"
Fire Risk Assess Works Various,Contractor Other,INSTALL FORE ALARM SYSTEM - BRIAN WALMSLEY,B000024344/24998,Full Circuit Fire & Security Ltd,28/09/23,"4,149.35"
Corporate Property,Asset Maint R&M,REFIX BARRIER - RICHMOND ST CAR PARK,B000024344/58448,Gate Automation Solutions Ltd,28/09/23,307.02
Haworth Art Gallery,Asset Maint R&M,REPAIR WINDOW FRAME - HAG,B000024344/59128,George Pearce & Sons Ltd,28/09/23,264
Leisure In Hyndburn,Asset Maint R&M,REPAIRS TO GAS METER - WEST END CC,B000024344/59248,Lancashire Gas Services,28/09/23,"1,515.28"
Oswaldtwistle Civic Theatre,General Repair & Maint Bldgs,GAS INSPECTION - OSW CIVIC,B000024344/59248,Lancashire Gas Services,28/09/23,291.5
Ukspf - Regeneration,Marketing/Promotion,ACC TOWN SQUARE WEBSITE,B000024344/66163,Media Village,28/09/23,"2,500.00"
Market Chambers - Luf,Consultants Fees,VALUATION FEES,B000024344/66574,Cbre Ltd,28/09/23,"3,500.00"
Housing Advice,Temporary Accommodation,ACCOMMODATION - 8-AUG-23 TO 18-SEP-23,B000024344/67383,Molesworth Hotel,28/09/23,"3,279.00"
Accrington Crematorium,Asset Maint R&M,WATER SYSTEM COMPLIANCE - AUG 23,B000024344/68680,H S L Compliance,28/09/23,36
Acc Town Hall,Asset Maint R&M,WATER SYSTEM COMPLIANCE - AUG 23,B000024344/68680,H S L Compliance,28/09/23,52
Corporate Property,Asset Maint R&M,WATER SYSTEM COMPLIANCE - AUG 23,B000024344/68680,H S L Compliance,28/09/23,71
Haworth Art Gallery,Asset Maint R&M,WATER SYSTEM COMPLIANCE - AUG 23,B000024344/68680,H S L Compliance,28/09/23,88
Hyndburn Cemeteries,Asset Maint R&M,WATER SYSTEM COMPLIANCE - AUG 23,B000024344/68680,H S L Compliance,28/09/23,101
Leisure In Hyndburn,Lih R&M,WATER SYSTEM COMPLIANCE - AUG 23,B000024344/68680,H S L Compliance,28/09/23,83
Library St Depot,Asset Maint R&M,WATER SYSTEM COMPLIANCE - AUG 23,B000024344/68680,H S L Compliance,28/09/23,42
Markets - Operations,Asset Maint R&M,WATER SYSTEM COMPLIANCE - AUG 23,B000024344/68680,H S L Compliance,28/09/23,78
Parks & Open Spaces,Asset Maint R&M,WATER SYSTEM COMPLIANCE - AUG 23,B000024344/68680,H S L Compliance,28/09/23,672
Scaitcliffe House,Asset Maint R&M,WATER SYSTEM COMPLIANCE - AUG 23,B000024344/68680,H S L Compliance,28/09/23,64
Willows Lane Depot,Asset Maint R&M,WATER SYSTEM COMPLIANCE - AUG 23,B000024344/68680,H S L Compliance,28/09/23,111
Scaitcliffe House,Cleaning Materials,CLEANING MATERIALS,B000024344/7033,Option Hygiene,28/09/23,272.28
Scaitcliffe House,Misc Expenses Other,CONFIDENTIAL WASTE - SEPT 23,B000024345/54964,Ecs Ltd,28/09/23,270
Accrington Crematorium,Electricity,CHARGES - 30.8.23 TO 15.9.23,B000024345/59343,Edf Energy,28/09/23,"2,099.03"
Acc Town Hall,Energy,CHARGES - 30.8.23 TO 15.9.23,B000024345/59343,Edf Energy,28/09/23,46.1
Cannon St Acc,Electricity,CHARGES - 30.8.23 TO 15.9.23,B000024345/59343,Edf Energy,28/09/23,129.51
Corporate Property,Electricity,CHARGES - 30.8.23 TO 15.9.23,B000024345/59343,Edf Energy,28/09/23,45.22
Elmfield Hall Flats,Electricity,CHARGES - 30.8.23 TO 15.9.23,B000024345/59343,Edf Energy,28/09/23,48.56
Haworth Art Gallery,Electricity,CHARGES - 30.8.23 TO 15.9.23,B000024345/59343,Edf Energy,28/09/23,"1,521.54"
Haworth Stables,Electricity,CHARGES - 30.8.23 TO 15.9.23,B000024345/59343,Edf Energy,28/09/23,371.55
Hyndburn Cemeteries,Electricity,CHARGES - 30.8.23 TO 15.9.23,B000024345/59343,Edf Energy,28/09/23,700.63
Leisure In Hyndburn,Electricity,CHARGES - 30.8.23 TO 15.9.23,B000024345/59343,Edf Energy,28/09/23,"40,349.85"
Markets - Operations,Electricity,CHARGES - 30.8.23 TO 15.9.23,B000024345/59343,Edf Energy,28/09/23,"2,033.60"
Parks & Open Spaces,Electricity,CHARGES - 30.8.23 TO 15.9.23,B000024345/59343,Edf Energy,28/09/23,"2,147.03"
Ranger St Compound & Depot,Electricity,CHARGES - 30.8.23 TO 15.9.23,B000024345/59343,Edf Energy,28/09/23,147.81
Corp & Dem Core,Marketing Communications,PHOTOGRAPHY,B000024345/68128,Tom Benson Photography,28/09/23,600
Human Resources,The Big Thankyou,PHOTOGRAPHY,B000024345/68128,Tom Benson Photography,28/09/23,300
Ukspf - Regeneration,Marketing/Promotion,PHOTOGRAPHY,B000024345/68128,Tom Benson Photography,28/09/23,300
Local Taxation,Computer Rental & Maint,CHECKOUT LICENCE FEES - 1.11.23 TO 31.10.24,B000024346/17209,Civica Uk Limited,28/09/23,"1,012.50"
Local Taxation,Computer Rental & Maint,CIVICAPAY ANNUALS - 1.11.23 TO 31.10.24,B000024346/17209,Civica Uk Limited,28/09/23,"18,140.00"
Local Taxation,Computer Rental & Maint,CIVIC PAY  FEES - 1.11.23 TO 31.10.24,B000024346/17209,Civica Uk Limited,28/09/23,"7,540.00"
Housing Benefit Administration,Computer Rental & Maint,CAPITA ONE CLOUD SET UP,B000024346/783,Capita Business Services Ltd,28/09/23,"65,200.00"
ENVIRONMENTAL SERVICES,CEMETERIES,GRASS SEED,P-CARD - SEPT 23,J PARKER,14/08/23,319.00
P & C G,IT,TEAM VIEWER LICENCE,P-CARD- SEPT 23,Team Viewer,18/08/23,1603.89
P & C G,IT,CARD PRINTER,P-CARD - SEPT 23,PRINTER BASE,18/08/23,704.93
ENVIRONMENTAL SERVICES,ENVIRONMENTAL HEALTH,ACCOMMODATION,P-CARD - SEPT 23,DUNKENHALGH,19/08/23,508.34
ENVIRONMENTAL SERVICES,PARKS,PETROL,P-CARD - SEPT 23,GEM ACCRINGTON,07/09/23,297.03
HOUSING BENEFIT ADMIN,SECURITY SERVICES,G4S,36846,G4S,15/09/23,439.40
HOUSING BENEFIT ADMIN,ALLPAY,AUGUST,36876,ALLPAY.NET LTD,26/09/23,1110.71
"AUDIT, BANK & TREASURY",BANK CHARGES,NATWEST 03.06.23-01.09.23,36877,NATWEST,29/09/23,3363.97
