Department Area,,Service Area,,Description,,,Line,,HBC Ref No.,,Name:  ,,,Payment Date,,Amount Paid
REGN - Regeneration & Housing,,FAC - Haworth Art Gallery,,"HAG - 08/02/2024, 21/02/2024 and 01/04/2024.",,,1,,CRINV0001143,,Keyplus Security Ltd,,,01/10/2024,,527.00
REGN - Regeneration & Housing,,FAC - Haworth Art Gallery,,Haworth Art Gallery Key Holding The Stables Art Gallery,,,2,,CRINV0001143,,Keyplus Security Ltd,,,01/10/2024,,387.50
ENVH - Environmental Health,,BAB - Environmental Protection,,Agency staff - w/e 11.08.24  ,,,1,,CRINV0004798,,Vivid Resourcing,,,01/10/2024,,647.33
ENVH - Environmental Health,,BAB - Environmental Protection,,Agency staff - w/e 01.09.24 ,,,2,,CRINV0004798,,Vivid Resourcing,,,01/10/2024,,287.28
ENVH - Environmental Health,,BAB - Environmental Protection,,Agency staff - w/e 01.09.24 ,,,1,,CRINV0004799,,Vivid Resourcing,,,01/10/2024,,"1,935.00"
PLAN - Planning & Transportation,,EAD - Planning,,Agency staff w/c 26.08.24 ,,,1,,CRINV0004805,,Oyster Partnership,,,01/10/2024,,"1,790.03"
REGN - Regeneration & Housing,,FAC - Haworth Art Gallery,,Service Plan Renewal - from 1st October 24,,,1,,CRINV0004813,,Meaco Measurements,,,01/10/2024,,552.00
REGN - Regeneration & Housing,,FAB - Facilities,,"Unit 19 Peel Street, pipe repairs",,,1,,CRINV0004823,,Lancashire Gas Services,,,01/10/2024,,446.95
ENVH - Environmental Health,,BAA - Housing Standards,,Agency staff - w/c 26.08.24 ,,,1,,CRINV0004832,,Oyster Partnership,,,01/10/2024,,546.00
ENVH - Environmental Health,,BAA - Housing Standards,,Agency staff - w/c 26.08.24 ,,,1,,CRINV0004833,,Oyster Partnership,,,01/10/2024,,"1,034.59"
ENVH - Environmental Health,,BAA - Housing Standards,,Agency staff - w/c 26.08.24 ,,,1,,CRINV0004834,,Oyster Partnership,,,01/10/2024,,441.72
ENVH - Environmental Health,,BAA - Housing Standards,,Agency staff - w/e 01.09.24 ,,,1,,CRINV0004839,,G2 Recruitment Solutions,,,01/10/2024,,"2,065.51"
ENVS - Environmental Services,,CAC - Parks & Cemeteries,,Service agreement,,,1,,CRINV0004856,,Facultatieve Technologies,,,01/10/2024,,"13,288.46"
PLAN - Planning & Transportation,,EAD - Planning,,Independent viability review,,,1,,CRINV0004858,,CP Viability Limited,,,01/10/2024,,"2,520.00"
ENVS - Environmental Services,,CAC - Parks & Cemeteries,,Agency staff - w/e 01.09.24 ,,,1,,CRINV0004861,,Proman Supply Chain Ltd,,,01/10/2024,,636.84
ENVS - Environmental Services,,CAC - Parks & Cemeteries,,Agency staff - w/e 01.09.24 ,,,2,,CRINV0004861,,Proman Supply Chain Ltd,,,01/10/2024,,532.44
ENVS - Environmental Services,,CAC - Parks & Cemeteries,,Agency staff - w/e 01.09.24 ,,,3,,CRINV0004861,,Proman Supply Chain Ltd,,,01/10/2024,,636.84
ENVS - Environmental Services,,CAC - Parks & Cemeteries,,Agency staff - w/c 26.08.24 ,,,1,,CRINV0004862,,Proman Supply Chain Ltd,,,01/10/2024,,624.73
ENVS - Environmental Services,,CAC - Parks & Cemeteries,,Repairs to boulder,,,1,,CRINV0004947,,Proffitts Investing In Communities,,,01/10/2024,,684.00
ENVS - Environmental Services,,CAC - Parks & Cemeteries,,Call out to damaged tree,,,1,,CRINV0004948,,Northern Forestry & Arb,,,01/10/2024,,816.00
ENVS - Environmental Services,,CAF - CVMU,,Mirror Glass & Long LF packing,,,1,,CRINV0004990,,Lancashire Leyland Daf Ltd,,,01/10/2024,,424.22
ENVS - Environmental Services,,CAF - CVMU,,Car parts,,,1,,CRINV0005002,,Dennis Eagle Limited,,,01/10/2024,,354.89
LEGL - Legal & Democratic,,DAD - Management Legal & Dem,,Land charges - August 24,,,1,,CRINV0005007,,Lancashire County Council,,,01/10/2024,,373.80
LEGL - Legal & Democratic,,DAH - Licencing,,DBS Update Service Status Check 1 year,,,1,,CRINV0005022,,Personnel Checks,,,01/10/2024,,72.00
LEGL - Legal & Democratic,,DAH - Licencing,,DVLA Checks,,,2,,CRINV0005022,,Personnel Checks,,,01/10/2024,,240.00
PLAN - Planning & Transportation,,EAD - Planning,,Temp Staff 01.09.24. ,,,1,,CRINV0005046,,Vivid Resourcing,,,01/10/2024,,"1,194.00"
REGN - Regeneration & Housing,,FAF - Strategic Housing,,Community Funding to support refugees,,,1,,CRINV0005066,,Onward Homes,,,01/10/2024,,"3,000.00"
REGN - Regeneration & Housing,,FAF - Strategic Housing,,Community funding to support refugees,,,2,,CRINV0005066,,Onward Homes,,,01/10/2024,,"3,000.00"
REGN - Regeneration & Housing,,FAF - Strategic Housing,,Affordable Warmth Grant,,,1,,CRINV0005075,,Artisan Windows,,,01/10/2024,,"4,300.00"
REGN - Regeneration & Housing,,FAF - Strategic Housing,,Affordable Warmth Grant,,,1,,CRINV0005076,,Artisan Windows,,,01/10/2024,,"3,390.00"
REGN - Regeneration & Housing,,FAF - Strategic Housing,th Grant,Affordable Warmth Grant,,,1,,CRINV0005077,,Artisan Windows,,,01/10/2024,,"3,065.00"
REGN - Regeneration & Housing,,FAF - Strategic Housing,,Rent in advance,,,1,,CRINV0005120,,Onward Homes,,,01/10/2024,,382.09
RESO - Resources,,AAG - Management Resources,,100 x hours of service May to  Aug 24,,,1,,CRINV0005129,,RRD Solutions Ltd,,,01/10/2024,,"7,200.00"
ENVS - Environmental Services,,CAE - Waste Services,,Temp staff,,,1,,CRINV0005149,,Rapid Recruitment Ltd,,,01/10/2024,,"2,263.07"
REGN - Regeneration & Housing,,FAB - Facilities,,Installation of ceiling track hoists,,,1,,CRINV0005171,,Simply Moving & Sleeping,,,01/10/2024,,"2,461.09"
LEGL - Legal & Democratic,,DAB - Human Resources,,Subscription  year 2 of 3,,,1,,CRINV0005179,,Learning Pool Ltd,,,01/10/2024,,"10,800.00"
RESO - Resources,,AAD - ICT,,Profesional Services - MiVoice Project,,,1,,CRINV0005226,,Cloudcoco Limited,,,01/10/2024,,"1,560.00"
PLAN - Planning & Transportation,,EAA - Building Control,,Temp staff 20.09.24 ,,,1,,CRINV0005231,,Deekay Tech Recruitment Ltd,,,01/10/2024,,"1,762.66"
REGN - Regeneration & Housing,,FAF - Strategic Housing,,Affordable Warmth Grant,,,1,,CRINV0005267,,A G S Heating & Plumbing Ltd,,,01/10/2024,,"2,478.00"
REGN - Regeneration & Housing,,FAF - Strategic Housing,,Affordable Warmth Grant,,,1,,CRINV0005268,,Artisan Windows,,,01/10/2024,,"4,290.00"
ENVS - Environmental Services,,CAF - CVMU,,Rental charges: 2.9.24 to 8.9.24,,,1,,CRINV0005296,,Specialist Fleet Services Ltd,,,01/10/2024,,961.56
ENVS - Environmental Services,,CAF - CVMU,,Rental Charges 2.9.24 to 8.9.24 ,,,1,,CRINV0005297,,Specialist Fleet Services Ltd,,,01/10/2024,,961.56
ENVS - Environmental Services,,CAF - CVMU,,Rental charges: 2.9.24 to 8.9.24,,,1,,CRINV0005298,,Specialist Fleet Services Ltd,,,01/10/2024,,961.56
ENVS - Environmental Services,,CAF - CVMU,,Rental charges: 2.9.24 to 15.9.24,,,1,,CRINV0005299,,Specialist Fleet Services Ltd,,,01/10/2024,,"1,923.14"
ENVS - Environmental Services,,CAD - Town Centre & Markets,,Provide road closures for Soapbox race,,,1,,CRINV0005305,,Kays Highways Ltd,,,01/10/2024,,"2,415.30"
RESO - Resources,,AAB - Benefits & Customer Contact,,Charging order fee,,,1,,CRINV0005319,,Stephensons Solicitors LLP,,,01/10/2024,,"1,564.00"
REGN - Regeneration & Housing,,FAB - Facilities,,On-site alarm responses - Haworth Art Gallery,,,1,,CRINV0005332,,Keyplus Security Ltd,,,01/10/2024,,290.64
LEGL - Legal & Democratic,,DAG - Elections,,Printing,,,1,,CRINV0005342,,Civica Election Services,,,01/10/2024,,"1,816.12"
ENVS - Environmental Services,,CAA - Environmental Maintenance,,Electricity invoice,,,1,,CRINV0005348,,Smartest Energy - 100011736903 77-79 Blackburn Rd,,,01/10/2024,,744.08
ENVS - Environmental Services,,CAE - Waste Services,,2 Neat street single action litter picker 33,,,1,,CRPOI0005032,,Landscape Supply Company,,,01/10/2024,,287.42
REGN - Regeneration & Housing,,FAB - Facilities,,Treatment and removal of dry rot ,,,1,,CRPOI0005164,,Stone Oak Ltd,,,01/10/2024,,"3,108.00"
LEGL - Legal & Democratic,,DAH - Licencing,,Lalpac User Licence Annual Charges,,,1,,CRPOI0005183,,Idox Software Ltd,,,01/10/2024,,"13,485.81"
LEGL - Legal & Democratic,,DAH - Licencing,,Lalpac User Licence Annual Charges,,,2,,CRPOI0005183,,Idox Software Ltd,,,01/10/2024,,534.98
ENVS - Environmental Services,,CAF - CVMU,,Replace roller Gearbox,,,1,,CRINT0005289,,Rob Mercer,,,03/10/2024,,100.00
ENVS - Environmental Services,,CAF - CVMU,,Replace roller gearbox,,,2,,CRINT0005289,,Rob Mercer,,,03/10/2024,,728.07
REGN - Regeneration & Housing,,FAB - Facilities,,6m flagpole,,,1,,CRINV0004919,,Glassfibre Flagpoles Limited,,,03/10/2024,,312.00
REGN - Regeneration & Housing,,FAB - Facilities,,Lighting investigation,,,1,,CRINV0004920,,Pilkington Bros (Church) Ltd,,,03/10/2024,,316.80
REGN - Regeneration & Housing,,FAD - Housing Advice,,BF Hotel Accommodation,,,1,,CRINV0005009,,Molesworth Hotel,,,03/10/2024,,"2,961.60"
ENVS - Environmental Services,,CAC - Parks & Cemeteries,,Bench + refurbishment,,,1,,CRINV0005042,,Ark Plastics Ltd,,,03/10/2024,,"1,206.00"
ENVS - Environmental Services,,CAF - CVMU,,repairs to strimmer,,,1,,CRINV0005287,,Rob Mercer,,,03/10/2024,,100.00
ENVS - Environmental Services,,CAF - CVMU,,Repairs to strimmer,,,2,,CRINV0005287,,Rob Mercer,,,03/10/2024,,186.04
ENVS - Environmental Services,,CAF - CVMU,,Replace roller shaft,,,1,,CRINV0005288,,Rob Mercer,,,03/10/2024,,100.00
ENVS - Environmental Services,,CAF - CVMU,,Replace roller shaft,,,2,,CRINV0005288,,Rob Mercer,,,03/10/2024,,260.30
ENVS - Environmental Services,,CAF - CVMU,,Labour,,,1,,CRINV0005306,,Rob Mercer,,,03/10/2024,,87.50
ENVS - Environmental Services,,CAF - CVMU,,Materials,,,2,,CRINV0005306,,Rob Mercer,,,03/10/2024,,249.17
RESO - Resources,,AAF - Finance,,operating lease 13/10/24 - 13/10/25,,,1,,CRINV0005323,,Jcb Finance Ltd,,,03/10/2024,,947.81
RESO - Resources,,AAF - Finance,,extension of operating lease,,,1,,CRINV0005324,,Jcb Finance Ltd,,,03/10/2024,,823.98
RESO - Resources,,AAB - Benefits & Customer Contact,,Professional Charges,,,1,,CRINV0005326,,Stephensons Solicitors LLP,,,03/10/2024,,600.00
RESO - Resources,,AAB - Benefits & Customer Contact,,Professional Charges,,,1,,CRINV0005331,,Stephensons Solicitors LLP,,,03/10/2024,,600.00
RESO - Resources,,AAF - Finance,,"Ground Rent - Bowling Green, Rishton",,,1,,CRINV0005363,,Free Gardeners Working Mens Club,,,03/10/2024,,300.00
REGN - Regeneration & Housing,,FAA - Economic Development,,Affordable Warmth Grant,,,1,,CRINV0005368,,Hyndburn Homewise Society Limited,,,03/10/2024,,"12,396.80"
REGN - Regeneration & Housing,,FAA - Economic Development,,Emergency repair Grant fees - to 30.9.24,,,1,,CRINV0005369,,Hyndburn Homewise Society Limited,,,03/10/2024,,"1,499.54"
LEGL - Legal & Democratic,,DAB - Human Resources,,Training Event 16.10.24,,,1,,CRINV0005377,,Royal Town Planning Institute (RTPI),,,03/10/2024,,254.40
REGN - Regeneration & Housing,,FAB - Facilities,,replacement hand dryer fitted at Willows Lane,,,1,,CRINV0005381,,Steven Mercer Electrical Contractors Limited,,,03/10/2024,,696.84
RESO - Resources,,AAD - ICT,,EE invoice 19/08/24 - 18/09/24,,,1,,CRINV0005384,,EE Limited,,,03/10/2024,,"3,052.32"
RESO - Resources,,AAD - ICT,,non-vat charges,,,1,,CRINV0005385,,EE Limited,,,03/10/2024,,77.00
RESO - Resources,,AAD - ICT,,EE invoice 19/06/24- 18/07/24,,,2,,CRINV0005385,,EE Limited,,,03/10/2024,,"3,111.62"
RESO - Resources,,AAD - ICT,,non-vat charges,,,1,,CRINV0005386,,EE Limited,,,03/10/2024,,4.00
RESO - Resources,,AAD - ICT,,ee bill 19/09/24 - 18/10/24,,,2,,CRINV0005386,,EE Limited,,,03/10/2024,,"3,117.66"
LEGL - Legal & Democratic,,DAB - Human Resources,,Job Advertisement,,,1,,CRPOI0005018,,Planningjobs.Com Limited,,,03/10/2024,,"1,314.00"
REGN - Regeneration & Housing,,FAB - Facilities,,Supply and installation of Emergency Lighting in main cellar ,,,1,,CRPOI0005394,,Steven Mercer Electrical Contractors Limited,,,03/10/2024,,714.00
ENVH - Environmental Health,,BAA - Housing Standards,,Agency staff - w/e 08.09.24 ,,,1,,CRINV0004916,,G2 Recruitment Solutions,,,08/10/2024,,"2,380.55"
ENVH - Environmental Health,,BAA - Housing Standards,,Temp staff w/c 19.8.24,,,1,,CRINV0004934,,Oyster Partnership,,,08/10/2024,,801.84
ENVH - Environmental Health,,BAA - Housing Standards,,Temp staff W/C 2.9.24,,,1,,CRINV0004935,,Oyster Partnership,,,08/10/2024,,"1,201.20"
ENVH - Environmental Health,,BAA - Housing Standards,,Temp staff w/c 2.9.24,,,1,,CRINV0004936,,Oyster Partnership,,,08/10/2024,,889.20
ENVH - Environmental Health,,BAA - Housing Standards,,Temp staff w/c 2.9.24,,,1,,CRINV0004937,,Oyster Partnership,,,08/10/2024,,775.44
PLAN - Planning & Transportation,,EAD - Planning,,Agency staff - w/e 08.09.24 ,,,1,,CRINV0004965,,Vivid Resourcing,,,08/10/2024,,"2,160.00"
ENVH - Environmental Health,,BAB - Environmental Protection,,Agency staff - w/e 08.09.24 ,,,1,,CRINV0004966,,Vivid Resourcing,,,08/10/2024,,"2,220.00"
ENVS - Environmental Services,,CAD - Town Centre & Markets,,Gt Har Horticultural Show 07.09.24,,,1,,CRINV0005026,,Great Harwood Civic Society,,,08/10/2024,,500.00
REGN - Regeneration & Housing,,FAB - Facilities,,Fencing repairs- Oakhill,,,1,,CRINV0005059,,Pilkington Bros (Church) Ltd,,,08/10/2024,,373.32
REGN - Regeneration & Housing,,FAB - Facilities,,Repairs tp shelter canopy - Memorial Park,,,1,,CRINV0005063,,Pilkington Bros (Church) Ltd,,,08/10/2024,,479.58
ENVS - Environmental Services,,CAF - CVMU,,Cleaning of vehicles,,,1,,CRINV0005067,,Keep Em Clean,,,08/10/2024,,787.50
ENVS - Environmental Services,,CAF - CVMU,,Safety curtains,,,1,,CRINV0005068,,Epic Media Group Limited,,,08/10/2024,,"1,566.00"
ENVS - Environmental Services,,CAF - CVMU,,Steam cleaning of vehicles,,,1,,CRINV0005071,,Keep Em Clean,,,08/10/2024,,262.50
ENVS - Environmental Services,,CAF - CVMU,,Steam cleaning of vehicles,,,1,,CRINV0005072,,Keep Em Clean,,,08/10/2024,,262.50
ENVS - Environmental Services,,CAF - CVMU,,Cleaning of vehicles,,,1,,CRINV0005074,,Keep Em Clean,,,08/10/2024,,262.50
ENVS - Environmental Services,,CAF - CVMU,,Car parts,,,1,,CRINV0005083,,Dennis Eagle Limited,,,08/10/2024,,254.63
ENVS - Environmental Services,,CAF - CVMU,,Engine parts,,,1,,CRINV0005090,,Dennis Eagle Limited,,,08/10/2024,,737.40
REGN - Regeneration & Housing,,FAB - Facilities,,Fence repairs - Bullough,,,1,,CRINV0005113,,Pilkington Bros (Church) Ltd,,,08/10/2024,,610.32
ENVS - Environmental Services,,CAE - Waste Services,,Temp Staff,,,1,,CRINV0005147,,Rapid Recruitment Ltd,,,08/10/2024,,"3,362.08"
ENVS - Environmental Services,,CAC - Parks & Cemeteries,,Temp Staff w/e 08/09/24 ,,,1,,CRINV0005151,,Proman Supply Chain Ltd,,,08/10/2024,,780.91
ENVS - Environmental Services,,CAC - Parks & Cemeteries,,Temp Staff w/e 08/09/24 ,,,1,,CRINV0005152,,Proman Supply Chain Ltd,,,08/10/2024,,"2,119.80"
ENVS - Environmental Services,,CAB - Other Environmental Services,,Hire of 8 wheeler,,,1,,CRINV0005157,,Stanley Brothers (Tippers) Ltd,,,08/10/2024,,648.00
ENVS - Environmental Services,,CAF - CVMU,,water and wastewater bill CVMU,,,1,,CRINV0005383,,Water Plus - 4206400451 CVMU,,,08/10/2024,,419.47
LEGL - Legal & Democratic,,DAG - Elections,,PCC Elections 24 - Hire of Premises,,,1,,CRINV0005389,,Woodnook Baptist Church,,,08/10/2024,,87.50
LEGL - Legal & Democratic,,DAG - Elections,,HBC  Elections 24 - Hire of Premises,,,2,,CRINV0005389,,Woodnook Baptist Church,,,08/10/2024,,87.50
LEGL - Legal & Democratic,,DAG - Elections,,UKPGE Elections 24 - Hire of Premises,,,3,,CRINV0005389,,Woodnook Baptist Church,,,08/10/2024,,175.00
REGN - Regeneration & Housing,,FAD - Housing Advice,,Accommodation - 30 nights,,,1,,CRINV0005404,,Molesworth Hotel,,,08/10/2024,,"2,700.00"
REGN - Regeneration & Housing,,FAD - Housing Advice,,"Accommodation - 2 rooms, 16 nights",,,1,,CRINV0005412,,Molesworth Hotel,,,08/10/2024,,"2,841.60"
RESO - Resources,,AAD - ICT,,Copying charges - 23.07.24 - 30.08.24,,,1,,CRINV0005417,,Xbm Ltd,,,08/10/2024,,430.26
RESO - Resources,,AAD - ICT,,phone and broadband charges,,,1,,CRINV0005444,,Cloudcoco Limited,,,08/10/2024,,"1,540.24"
LEGL - Legal & Democratic,,DAB - Human Resources,,Traffic Management Course,,,1,,CRINV0005498,,Colne Town Council,,,08/10/2024,,384.00
ENVS - Environmental Services,,CAF - CVMU,,Vehicle Rental,,,1,,CRINV0005505,,Specialist Fleet Services Ltd,,,08/10/2024,,"65,644.39"
ENVS - Environmental Services,,CAF - CVMU,,Vehicle Rental,,,2,,CRINV0005505,,Specialist Fleet Services Ltd,,,08/10/2024,,"3,425.21"
ENVS - Environmental Services,,CAF - CVMU,,Vehicle Rental,,,1,,CRINV0005506,,Specialist Fleet Services Ltd,,,08/10/2024,,"65,644.39"
ENVS - Environmental Services,,CAF - CVMU,,Vehicle Rental,,,2,,CRINV0005506,,Specialist Fleet Services Ltd,,,08/10/2024,,"3,425.21"
ENVS - Environmental Services,,CAF - CVMU,,Vehicle Rental,,,1,,CRINV0005507,,Specialist Fleet Services Ltd,,,08/10/2024,,961.56
ENVS - Environmental Services,,CAC - Parks & Cemeteries,,1 x Pallet 65x10ltr Pails Bowgrass Plus Red Spot Line Marker Paint ,,,1,,CRPOI0005172,,Bowcom,,,08/10/2024,,"1,482.00"
ENVS - Environmental Services,,CAB - Other Environmental Services,,Supply and install a new play area to Milton Close G-H,,,1,,CRPOI0005207,,Groundwork & Leisure Services Limited,,,08/10/2024,,"172,309.20"
ENVS - Environmental Services,,CAB - Other Environmental Services,,1 x MicroChip Scanner - MiniTracker 4,,,1,,CRPOI0005345,,Avid PLC,,,08/10/2024,,504.00
ENVS - Environmental Services,,CAB - Other Environmental Services,,carriage,,,2,,CRPOI0005345,,Avid PLC,,,08/10/2024,,9.60
ENVS - Environmental Services,,CAC - Parks & Cemeteries,,Provide class 1 training and test ,,,1,,CRPOI0005372,,System People Ltd,,,08/10/2024,,731.82
RESO - Resources,,AAD - ICT,,"1 x Red Hat Enterprise Linux Server Renewal Standard 
1 x Red Hat Enterprise Linus Server Renewal Premium ",,,1,,CRPOI0005416,,Bytes Software Services Ltd,,,08/10/2024,,"1,960.34"
PLAN - Planning & Transportation,,EAB - Engineers & Transportation,,Hyndburn Car Park Maintenance,,,1,,CRINV0005054,,Marchbridge Builders Ltd,,,10/10/2024,,624.30
PLAN - Planning & Transportation,,EAB - Engineers & Transportation,,Hyndburn Car Park Maintenance,,,2,,CRINV0005054,,Marchbridge Builders Ltd,,,10/10/2024,,624.30
PLAN - Planning & Transportation,,EAB - Engineers & Transportation,,Hyndburn Car Park Maintenance,,,3,,CRINV0005054,,Marchbridge Builders Ltd,,,10/10/2024,,624.30
PLAN - Planning & Transportation,,EAB - Engineers & Transportation,,Hyndburn Car Park Maintenance,,,4,,CRINV0005054,,Marchbridge Builders Ltd,,,10/10/2024,,624.30
LEGL - Legal & Democratic,,DAB - Human Resources,,HGV Inspection procedures,,,1,,CRINV0005056,,Freight Transport Association,,,10/10/2024,,908.40
ENVS - Environmental Services,,CAF - CVMU,,Vehicle maintenance ,,,1,,CRINV0005092,,Bucher Municipal Ltd,,,10/10/2024,,"1,700.71"
ENVS - Environmental Services,,CAC - Parks & Cemeteries,,Post Instalment Playground Inspection,,,1,,CRINV0005153,,Playground Projects Consultancy Limited,,,10/10/2024,,300.00
ENVS - Environmental Services,,CAA - Environmental Maintenance,,Valuation Fees,,,1,,CRINV0005178,,CBRE Ltd,,,10/10/2024,,"1,400.01"
ENVS - Environmental Services,,CAA - Environmental Maintenance,,Valuation Fees,,,2,,CRINV0005178,,CBRE Ltd,,,10/10/2024,,"1,400.00"
ENVS - Environmental Services,,CAA - Environmental Maintenance,,Valuation Fees,,,3,,CRINV0005178,,CBRE Ltd,,,10/10/2024,,"1,399.99"
ENVS - Environmental Services,,CAC - Parks & Cemeteries,,cleaning supplies,,,1,,CRINV0005180,,"Bubbles, Brushes & Wiper Co Ltd",,,10/10/2024,,291.05
RESO - Resources,,AAF - Finance,,Postage 16.09.24,,,1,,CRINV0005193,,Pitney Bowes Ltd,,,10/10/2024,,"12,000.00"
RESO - Resources,,AAF - Finance,,Postage 16.09.24,,,2,,CRINV0005193,,Pitney Bowes Ltd,,,10/10/2024,,15.60
PLAN - Planning & Transportation,,EAD - Planning,,Temp staff 22.09.24. ,,,1,,CRINV0005229,,Macdonald & Company,,,10/10/2024,,"1,574.40"
ENVS - Environmental Services,,CAC - Parks & Cemeteries,,Works at Accrington Memorial Wall,,,1,,CRINV0005343,,Ken Howe Natural Stone Supplies,,,10/10/2024,,"2,125.20"
ENVS - Environmental Services,,CAF - CVMU,,labour,,,1,,CRINV0005396,,Rob Mercer,,,10/10/2024,,225.00
ENVS - Environmental Services,,CAF - CVMU,,parts,,,2,,CRINV0005396,,Rob Mercer,,,10/10/2024,,223.78
PLAN - Planning & Transportation,,EAD - Planning,,Professional Fees,,,1,,CRINV0005420,,BRYAN CAVE LEIGHTON PAISNER LLP,,,10/10/2024,,"18,361.04"
PLAN - Planning & Transportation,,EAD - Planning,,Temp Staff  w/e 29/09/24,,,1,,CRINV0005439,,Macdonald & Company,,,10/10/2024,,830.24
PLAN - Planning & Transportation,,EAD - Planning,,temp staff w/e 29/09/24 ,,,2,,CRINV0005439,,Macdonald & Company,,,10/10/2024,,830.26
PLAN - Planning & Transportation,,EAA - Building Control,,contract staff travelling expenses,,,1,,CRINV0005441,,Deekay Tech Recruitment Ltd,,,10/10/2024,,"1,745.52"
RESO - Resources,,AAB - Benefits & Customer Contact,,Agency staff - w/e 01.09.24 ,,,1,,CRINV0005452,,Eden Brown Limited,,,10/10/2024,,"1,212.12"
RESO - Resources,,AAB - Benefits & Customer Contact,,Agency staff - w/e 08.09.24,,,1,,CRINV0005457,,Eden Brown Limited,,,10/10/2024,,720.72
ENVS - Environmental Services,,CAA - Environmental Maintenance,,Provision of legal fees,,,1,,CRINV0005511,,Womble Bond Dickinson (Uk) LLP,,,10/10/2024,,"4,200.00"
PLAN - Planning & Transportation,,EAC - Green Infrastructure,,Climate Action Fund Project at Brookside,,,1,,CRINV0005532,,Lancashire Wildlife Trust,,,10/10/2024,,"7,389.60"
ENVS - Environmental Services,,CAA - Environmental Maintenance,,Charges - 01.09.24 - 30.09.24,,,1,,CRINV0005533,,E.On Next Energy - A-54DE8BBA,,,10/10/2024,,416.10
ENVS - Environmental Services,,CAC - Parks & Cemeteries,,September Grass Cutting 2024,,,1,,CRINV0005537,,Grounds Gardens & Trees Ltd,,,10/10/2024,,"21,631.20"
LEGL - Legal & Democratic,,DAB - Human Resources,,Subscription,,,1,,CRINV0005542,,Learning Pool Ltd,,,10/10/2024,,"10,800.00"
REGN - Regeneration & Housing,,FAB - Facilities,,Valuation 3 - Acc Cem,,,1,,CRINV0005548,,Stone Central,,,10/10/2024,,"50,404.34"
RESO - Resources,,AAB - Benefits & Customer Contact,,Whinney Hill - October 24,,,1,,CRINV0005549,,Cheval Social Management,,,10/10/2024,,"1,847.26"
RESO - Resources,,AAB - Benefits & Customer Contact,,Whinney Hill - Oct24,,,1,,CRINV0005550,,Ada Glossop Ltd,,,10/10/2024,,"1,000.00"
REGN - Regeneration & Housing,,FAB - Facilities,,Valuation  2- Acc Cem,,,1,,CRINV0005556,,Stone Central,,,10/10/2024,,"73,149.90"
ENVS - Environmental Services,,CAA - Environmental Maintenance,,Professional Services,,,1,,CRINV0005581,,Perfect Circle JV Ltd,,,10/10/2024,,"21,056.64"
ENVS - Environmental Services,,CAA - Environmental Maintenance,,Professional Services,,,1,,CRINV0005582,,Perfect Circle JV Ltd,,,10/10/2024,,"12,227.36"
ENVS - Environmental Services,,CAA - Environmental Maintenance,,Professional Services,,,1,,CRINV0005583,,Perfect Circle JV Ltd,,,10/10/2024,,"35,673.07"
ENVS - Environmental Services,,CAE - Waste Services,,To carry out repairs to B300i machine for Brake pump ,,,1,,CRPOI0005347,,Karcher UK Limited,,,10/10/2024,,911.94
RESO - Resources,,AAB - Benefits & Customer Contact,,Civicapay 01.11.24 - 31.10.25,,,1,,CRINV0005132,,Civica Uk Limited,,,15/10/2024,,"39,346.25"
REGN - Regeneration & Housing,,FAC - Haworth Art Gallery,,interpretation boards,,,1,,CRINV0005133,,The Small Sign Company,,,15/10/2024,,259.20
PLAN - Planning & Transportation,,EAB - Engineers & Transportation,,Street signs and postage,,,1,,CRINV0005134,,G & G Signs,,,15/10/2024,,420.00
PLAN - Planning & Transportation,,EAB - Engineers & Transportation,,Gt Harwood cemetery Ground beams,,,1,,CRINV0005136,,Marchbridge Builders Ltd,,,15/10/2024,,"6,861.26"
ENVH - Environmental Health,,BAA - Housing Standards,,Staff w/c 09.09.24. ,,,1,,CRINV0005137,,Oyster Partnership,,,15/10/2024,,"1,248.00"
ENVH - Environmental Health,,BAA - Housing Standards,,Staff w/c 09.09.24. ,,,1,,CRINV0005138,,Oyster Partnership,,,15/10/2024,,"1,057.68"
ENVH - Environmental Health,,BAA - Housing Standards,,staff w/c 09.09.24 . ,,,1,,CRINV0005139,,Oyster Partnership,,,15/10/2024,,324.00
ENVH - Environmental Health,,BAA - Housing Standards,,Staff. 15.09.24. ,,,1,,CRINV0005141,,G2 Recruitment Solutions,,,15/10/2024,,"2,461.58"
PLAN - Planning & Transportation,,EAD - Planning,,Temp staff ,,,1,,CRINV0005144,,Vivid Resourcing,,,15/10/2024,,"2,160.00"
ENVS - Environmental Services,,CAF - CVMU,,sabo air spring and fitments,,,1,,CRINV0005160,,A&P Truck And Trailer Parts,,,15/10/2024,,380.95
ENVS - Environmental Services,,CAD - Town Centre & Markets,,Electricity Bill,,,1,,CRINV0005163,,British Gas Lite BGL499730,,,15/10/2024,,119.83
ENVS - Environmental Services,,CAD - Town Centre & Markets,,Electricity Bill,,,2,,CRINV0005163,,British Gas Lite BGL499730,,,15/10/2024,,365.73
ENVS - Environmental Services,,CAF - CVMU,,Maintenance parts,,,1,,CRINV0005173,,Dennis Eagle Limited,,,15/10/2024,,429.24
REGN - Regeneration & Housing,,FAC - Haworth Art Gallery,,goods for resale,,,1,,CRINV0005176,,Hachette Uk Distribution Ltd,,,15/10/2024,,642.01
REGN - Regeneration & Housing,,FAC - Haworth Art Gallery,,goods for resale,,,2,,CRINV0005176,,Hachette Uk Distribution Ltd,,,15/10/2024,,153.00
ENVH - Environmental Health,,BAB - Environmental Protection,,Temp Staff. 15.09.24,,,1,,CRINV0005177,,Vivid Resourcing,,,15/10/2024,,279.72
REGN - Regeneration & Housing,,FAB - Facilities,,plumber fees,,,1,,CRINV0005181,,Pilkington Bros (Church) Ltd,,,15/10/2024,,527.42
PLAN - Planning & Transportation,,EAD - Planning,,Acc Ob 20.09.24 Advert,,,1,,CRINV0005188,,People Scout Limited,,,15/10/2024,,289.66
ENVS - Environmental Services,,CAC - Parks & Cemeteries,,temp staff w.e 15/09/24,,,1,,CRINV0005201,,Proman Supply Chain Ltd,,,15/10/2024,,"1,942.32"
ENVS - Environmental Services,,CAB - Other Environmental Services,,hire of 8 wheeler,,,1,,CRINV0005202,,Stanley Brothers (Tippers) Ltd,,,15/10/2024,,648.00
ENVS - Environmental Services,,CAC - Parks & Cemeteries,,temp staff w/e 15/09/24,,,1,,CRINV0005206,,Proman Supply Chain Ltd,,,15/10/2024,,542.46
ENVS - Environmental Services,,CAF - CVMU,,Lithium EP2 Grease,,,1,,CRINV0005214,,A&P Truck And Trailer Parts,,,15/10/2024,,318.00
REGN - Regeneration & Housing,,FAC - Haworth Art Gallery,,Goods for shop sale,,,1,,CRINV0005254,,Museums & Galleries,,,15/10/2024,,334.58
LEGL - Legal & Democratic,,DAB - Human Resources,,Conference - 3 days ,,,1,,CRINV0005266,,Institute Of Licensing,,,15/10/2024,,"1,106.70"
ENVS - Environmental Services,,CAC - Parks & Cemeteries,,Agency staff - w/c 16.09.24 -,,,1,,CRINV0005309,,Proman Supply Chain Ltd,,,15/10/2024,,780.91
ENVS - Environmental Services,,CAC - Parks & Cemeteries,,Copier charges,,,1,,CRINV0005315,,Aurora Managed Services Ltd,,,15/10/2024,,384.46
ENVS - Environmental Services,,CAC - Parks & Cemeteries,,Copier charges,,,2,,CRINV0005315,,Aurora Managed Services Ltd,,,15/10/2024,,192.00
REGN - Regeneration & Housing,,FAC - Haworth Art Gallery,,Cards,,,1,,CRINV0005318,,Moongazer Cards Ltd,,,15/10/2024,,346.50
REGN - Regeneration & Housing,,FAC - Haworth Art Gallery,,Cards,,,2,,CRINV0005318,,Moongazer Cards Ltd,,,15/10/2024,,22.50
ENVS - Environmental Services,,CAF - CVMU,,Safety checks,,,1,,CRINV0005431,,British Oxygen Co Ltd,,,15/10/2024,,444.00
ENVH - Environmental Health,,BAA - Housing Standards,,Waste Removal and Prop boarding ,,,1,,CRINV0005522,,Waste Busters Waste Removal,,,15/10/2024,,350.00
REGN - Regeneration & Housing,,FAB - Facilities,,Charges - 01.09.24 - 30.09.24,,,1,,CRINV0005536,,Crown Gas and Power Ltd - P002258 Ossy Civic Theat,,,15/10/2024,,663.27
RESO - Resources,,AAB - Benefits & Customer Contact,,Professional Fees,,,1,,CRINV0005580,,Stephensons Solicitors LLP,,,15/10/2024,,600.00
ENVS - Environmental Services,,CAC - Parks & Cemeteries,,Charges - 03.09.24 - 02.10.24,,,1,,CRINV0005587,,Water Plus - 4081821747 Woodlands Sports Pavillion,,,15/10/2024,,676.41
ENVS - Environmental Services,,CAC - Parks & Cemeteries,,LOLER inspection of climbing kit,,,1,,CRINV0005594,,G M Tree Consultants,,,15/10/2024,,641.00
RESO - Resources,,AAF - Finance,,Professional Services,,,1,,CRINV0005615,,Aon Consulting,,,15/10/2024,,"1,625.95"
RESO - Resources,,AAB - Benefits & Customer Contact,,Agency staff - w/e 29.09.24 ,,,1,,CRINV0005616,,Eden Brown Limited,,,15/10/2024,,"1,212.12"
PLAN - Planning & Transportation,,EAA - Building Control,,Agency staff - w/e 04.10.24 ,,,1,,CRINV0005628,,Deekay Tech Recruitment Ltd,,,15/10/2024,,"1,196.38"
ENVS - Environmental Services,,CAA - Environmental Maintenance,,Accrington LUF Multi-Discipline Team,,,1,,CRINV0005690,,Aecom Limited,,,15/10/2024,,"6,352.80"
ENVS - Environmental Services,,CAA - Environmental Maintenance,,Accrington LUF Multi-Discipline team,,,2,,CRINV0005690,,Aecom Limited,,,15/10/2024,,"6,352.80"
ENVS - Environmental Services,,CAA - Environmental Maintenance,,Accrington LUF - Multi-Discipline Team,,,3,,CRINV0005690,,Aecom Limited,,,15/10/2024,,"6,352.80"
ENVS - Environmental Services,,CAE - Waste Services,,3 Day Training course,,,1,,CRPOI0005194,,Mallard Consultancy Ltd,,,15/10/2024,,"3,596.40"
ENVS - Environmental Services,,CAC - Parks & Cemeteries,,NPTC ride-on mower training 26th and 27th September - 6 people,,,1,,CRPOI0005209,,Myerscough College,,,15/10/2024,,"1,092.00"
RESO - Resources,,AAD - ICT,,1 x Apple 11`` iPad Pro WiFi & Cellular 256GB  x Apple Magic Keyboard ,,,1,,CRPOI0005432,,Insight Direct (Uk) Ltd,,,15/10/2024,,"1,421.48"
RESO - Resources,,AAD - ICT,,1 x Apple iPhone 14 - midnight - 5G smartphone  25,,,1,,CRPOI0005436,,Insight Direct (Uk) Ltd,,,15/10/2024,,683.99
ENVS - Environmental Services,,CAC - Parks & Cemeteries,,Restoration and Cleaning of Accrington Memorial Wall.,,,1,,CRPOI0005624,,Ken Howe Natural Stone Supplies,,,15/10/2024,,"11,940.00"
ENVS - Environmental Services,,CAD - Town Centre & Markets,,Electricity Bill,,,1,,CRINV0005169,,British Gas Lite BGL504723,,,17/10/2024,,"1,935.20"
PLAN - Planning & Transportation,,EAB - Engineers & Transportation,,Sink hole investigation,,,1,,CRINV0005211,,Marchbridge Builders Ltd,,,17/10/2024,,"1,570.60"
ENVS - Environmental Services,,CAF - CVMU,,Active XLS ,,,1,,CRINV0005213,,Hope & Brown Ltd,,,17/10/2024,,256.80
RESO - Resources,,AAB - Benefits & Customer Contact,,Benefits Automation Package and One Digital HBAAI Form,,,1,,CRINV0005217,,Capita One Limited,,,17/10/2024,,"11,900.00"
RESO - Resources,,AAB - Benefits & Customer Contact,,CTAX Automation modules for period: 01/10/2024 to 31/03/2025,,,1,,CRINV0005219,,Capita One Limited,,,17/10/2024,,"8,838.00"
PLAN - Planning & Transportation,,EAD - Planning,,Temp staff 22.09.24  ,,,1,,CRINV0005228,,Vivid Resourcing,,,17/10/2024,,"2,160.00"
PLAN - Planning & Transportation,,EAD - Planning,,Temp staff 16.09.24. ,,,1,,CRINV0005230,,Oyster Partnership,,,17/10/2024,,"1,881.00"
LEGL - Legal & Democratic,,DAB - Human Resources,,Introduction to collection fund 22.10.24,,,1,,CRINV0005237,,CIPFA Business Limited,,,17/10/2024,,438.00
REGN - Regeneration & Housing,,FAC - Haworth Art Gallery,,Workshop 15.9.24,,,1,,CRINV0005243,,Alison Erika Forde,,,17/10/2024,,400.00
ENVS - Environmental Services,,CAA - Environmental Maintenance,,Boiler repairs - Rhyddings Coach House,,,1,,CRINV0005244,,Lancashire Gas Services,,,17/10/2024,,273.60
ENVH - Environmental Health,,BAA - Housing Standards,,Temp staff w/c 16.9.24,,,1,,CRINV0005245,,Oyster Partnership,,,17/10/2024,,"1,206.19"
ENVH - Environmental Health,,BAA - Housing Standards,,Temp staff w/c 16.9.24,,,1,,CRINV0005246,,Oyster Partnership,,,17/10/2024,,"1,148.16"
ENVH - Environmental Health,,BAA - Housing Standards,,Temp staff w/e  22.9.24,,,1,,CRINV0005260,,G2 Recruitment Solutions,,,17/10/2024,,"2,353.20"
REGN - Regeneration & Housing,,FAC - Haworth Art Gallery,,Weddings August and September 2024,,,1,,CRINV0005270,,S.R.S. Catering Ltd,,,17/10/2024,,"10,150.00"
ENVS - Environmental Services,,CAD - Town Centre & Markets,,Final charges - 05.08.24 - 31.08.24,,,1,,CRINV0005273,,"Opus Energy Ltd - Unit 14, Market Hall - 1531570",,,17/10/2024,,210.10
ENVS - Environmental Services,,CAD - Town Centre & Markets,,Final charges - 05.08.24 - 31.08.24,,,2,,CRINV0005273,,"Opus Energy Ltd - Unit 14, Market Hall - 1531570",,,17/10/2024,,91.40
ENVS - Environmental Services,,CAD - Town Centre & Markets,,Final charges - 12.08.24 - 31.08.24,,,1,,CRINV0005274,,"Opus Energy Ltd - Unit 14, Market Hall - 1531570",,,17/10/2024,,615.15
ENVS - Environmental Services,,CAD - Town Centre & Markets,,Final charges - 12.08.24 - 31.08.24,,,2,,CRINV0005274,,"Opus Energy Ltd - Unit 14, Market Hall - 1531570",,,17/10/2024,,60.13
ENVS - Environmental Services,,CAD - Town Centre & Markets,,Final charges - 05.08.24 - 31.08.24,,,1,,CRINV0005275,,"Opus Energy Ltd - Unit 14, Market Hall - 1531570",,,17/10/2024,,195.80
ENVS - Environmental Services,,CAD - Town Centre & Markets,,Final charges - 05.08.24 - 31.08.24,,,2,,CRINV0005275,,"Opus Energy Ltd - Unit 14, Market Hall - 1531570",,,17/10/2024,,90.42
LEGL - Legal & Democratic,,DAB - Human Resources,,Contribution to the Pennine Lancashire CSP`s Coordinator Role for 24/25,,,1,,CRINV0005277,,Blackburn With Darwen Borough Council,,,17/10/2024,,"1,500.00"
REGN - Regeneration & Housing,,FAC - Haworth Art Gallery,,Goods for shop sale,,,1,,CRINV0005278,,Art Angels Publishing Ltd,,,17/10/2024,,392.04
ENVH - Environmental Health,,BAB - Environmental Protection,,Temp staff w/e 22.9.24,,,1,,CRINV0005279,,Vivid Resourcing,,,17/10/2024,,"2,220.00"
ENVH - Environmental Health,,BAB - Environmental Protection,,Agency staff - w/e 22.09.24,,,1,,CRINV0005311,,Vivid Resourcing,,,17/10/2024,,287.28
ENVS - Environmental Services,,CAA - Environmental Maintenance,,provision of legal services,,,1,,CRINV0005351,,Womble Bond Dickinson (Uk) LLP,,,17/10/2024,,"12,853.80"
ENVS - Environmental Services,,CAA - Environmental Maintenance,,Legal services,,,1,,CRINV0005370,,Womble Bond Dickinson (Uk) LLP,,,17/10/2024,,"2,293.26"
ENVS - Environmental Services,,CAA - Environmental Maintenance,,Legal services,,,2,,CRINV0005370,,Womble Bond Dickinson (Uk) LLP,,,17/10/2024,,157.00
RESO - Resources,,AAF - Finance,,Monthly charges - Benefits and Revenues,,,1,,CRINV0005413,,Allpay Ltd,,,17/10/2024,,"1,265.09"
RESO - Resources,,AAF - Finance,,Elections June 24,,,1,,CRINV0005426,,HM Revenue & Customs (Direct Debit),,,17/10/2024,,"3,619.20"
RESO - Resources,,AAF - Finance,,Land Reg Charges,,,1,,CRINV0005456,,HM Land Registry,,,17/10/2024,,435.00
RESO - Resources,,AAF - Finance,,Land Reg Charges,,,2,,CRINV0005456,,HM Land Registry,,,17/10/2024,,6.00
RESO - Resources,,AAF - Finance,,Land Reg Charges,,,3,,CRINV0005456,,HM Land Registry,,,17/10/2024,,171.00
RESO - Resources,,AAF - Finance,,Land Reg Charges,,,4,,CRINV0005456,,HM Land Registry,,,17/10/2024,,93.00
RESO - Resources,,AAF - Finance,,Land Reg Charges,,,5,,CRINV0005456,,HM Land Registry,,,17/10/2024,,3.00
RESO - Resources,,AAF - Finance,,Land Reg Charges,,,6,,CRINV0005456,,HM Land Registry,,,17/10/2024,,9.00
RESO - Resources,,AAF - Finance,,Land Reg Charges,,,7,,CRINV0005456,,HM Land Registry,,,17/10/2024,,3.00
RESO - Resources,,AAF - Finance,,Land Reg Charges,,,8,,CRINV0005456,,HM Land Registry,,,17/10/2024,,57.00
RESO - Resources,,AAF - Finance,,Land Reg Charges,,,9,,CRINV0005456,,HM Land Registry,,,17/10/2024,,6.00
RESO - Resources,,AAF - Finance,,Land Reg Charges,,,10,,CRINV0005456,,HM Land Registry,,,17/10/2024,,6.00
RESO - Resources,,AAF - Finance,,Land Reg Charges,,,11,,CRINV0005456,,HM Land Registry,,,17/10/2024,,36.00
ENVS - Environmental Services,,CAE - Waste Services,,Waste Disposal,,,1,,CRINV0005486,,Suez Recycling And Recovery Uk Ltd,,,17/10/2024,,"15,064.07"
RESO - Resources,,AAF - Finance,,Charges - 01.09.24 - 30.09.24,,,1,,CRINV0005541,,G4S Cash Solutions (UK) Limited,,,17/10/2024,,601.10
RESO - Resources,,AAB - Benefits & Customer Contact,,Agency staff - w/e 06.10.24 ,,,1,,CRINV0005654,,Eden Brown Limited,,,17/10/2024,,"1,212.12"
ENVS - Environmental Services,,CAA - Environmental Maintenance,,01/09/2024 - 30/09/2024 Electricity Invoice 77-79 Blackburn Road,,,1,,CRINV0005703,,Smartest Energy - 100011736903 77-79 Blackburn Rd,,,17/10/2024,,689.81
ENVS - Environmental Services,,CAA - Environmental Maintenance,,Property Management,,,1,,CRINV0005711,,CBRE Ltd,,,17/10/2024,,"9,000.00"
REGN - Regeneration & Housing,,FAB - Facilities,,Cycle track - repair to lights x 3 ,,,1,,CRPOI0005264,,Lighting And Building Services Ltd,,,17/10/2024,,288.00
ENVS - Environmental Services,,CAE - Waste Services,,7 X  Bleach ( 1 x 5 Ltr) ,,,1,,CRPOI0005313,,Systems Hygiene Ltd,,,17/10/2024,,22.92
ENVS - Environmental Services,,CAE - Waste Services,,6 X  Toilet Cleaner (1 x 1ltr) ,,,2,,CRPOI0005313,,Systems Hygiene Ltd,,,17/10/2024,,11.46
ENVS - Environmental Services,,CAE - Waste Services,,5 X LA Cloths Red ,,,3,,CRPOI0005313,,Systems Hygiene Ltd,,,17/10/2024,,10.93
ENVS - Environmental Services,,CAE - Waste Services,,5 X  LA Cloths Blue (1 x 5),,,4,,CRPOI0005313,,Systems Hygiene Ltd,,,17/10/2024,,10.93
ENVS - Environmental Services,,CAE - Waste Services,,6 X Shades Professional Citrus Air Freshener ,,,5,,CRPOI0005313,,Systems Hygiene Ltd,,,17/10/2024,,11.80
ENVS - Environmental Services,,CAE - Waste Services,,6 X  Premier Toilet Rolls ,,,6,,CRPOI0005313,,Systems Hygiene Ltd,,,17/10/2024,,81.00
ENVS - Environmental Services,,CAE - Waste Services,,2 X  Beaded Handsoap,,,7,,CRPOI0005313,,Systems Hygiene Ltd,,,17/10/2024,,33.40
ENVS - Environmental Services,,CAE - Waste Services,,6 X  Aerosol Hi Shine Furniture Polish 480ml cans ,,,8,,CRPOI0005313,,Systems Hygiene Ltd,,,17/10/2024,,14.26
ENVS - Environmental Services,,CAE - Waste Services,,5 X Pine Disinfectant (1 x 5ltr) ,,,9,,CRPOI0005313,,Systems Hygiene Ltd,,,17/10/2024,,12.54
ENVS - Environmental Services,,CAE - Waste Services,,2 X  Standard Yellow Dusters ,,,10,,CRPOI0005313,,Systems Hygiene Ltd,,,17/10/2024,,12.74
ENVS - Environmental Services,,CAE - Waste Services,,3 X Pearlised Hand Soap,,,11,,CRPOI0005313,,Systems Hygiene Ltd,,,17/10/2024,,27.97
ENVS - Environmental Services,,CAE - Waste Services,,2 XGreen hand Rolls ,,,12,,CRPOI0005313,,Systems Hygiene Ltd,,,17/10/2024,,52.25
ENVS - Environmental Services,,CAE - Waste Services,,1 X  Dishwasher Tablets ,,,13,,CRPOI0005313,,Systems Hygiene Ltd,,,17/10/2024,,12.80
ENVS - Environmental Services,,CAC - Parks & Cemeteries,,"3 X  Rubber Gauntlet Gloves, 24 inch",,,1,,CRPOI0005314,,Tudor Environmental,,,17/10/2024,,88.67
ENVS - Environmental Services,,CAC - Parks & Cemeteries,,10 X STBS/WH/XL Tyvek 500 `Xpert` Disposable Coverall,,,2,,CRPOI0005314,,Tudor Environmental,,,17/10/2024,,87.61
ENVS - Environmental Services,,CAC - Parks & Cemeteries,,3 X  Nyplax Apron Green,,,3,,CRPOI0005314,,Tudor Environmental,,,17/10/2024,,33.51
ENVS - Environmental Services,,CAC - Parks & Cemeteries,,10 X Respirator Face Mask ,,,4,,CRPOI0005314,,Tudor Environmental,,,17/10/2024,,86.76
ENVS - Environmental Services,,CAC - Parks & Cemeteries,,5 X Breathable Waterproof Hi-Vis Jackets Size Medium ,,,1,,CRPOI0005481,,"Bubbles, Brushes & Wiper Co Ltd",,,17/10/2024,,219.96
ENVS - Environmental Services,,CAC - Parks & Cemeteries,,5 X Breathable Waterproof Hi-Vis Size Medium ,,,2,,CRPOI0005481,,"Bubbles, Brushes & Wiper Co Ltd",,,17/10/2024,,137.88
ENVS - Environmental Services,,CAE - Waste Services,,6 X  W/proof Jacket Hi Vis Orange Size M ,,,1,,CRPOI0005526,,"Bubbles, Brushes & Wiper Co Ltd",,,17/10/2024,,263.95
ENVS - Environmental Services,,CAE - Waste Services,,6 X  W/proof Jacket Hi Vis Orange Size L,,,2,,CRPOI0005526,,"Bubbles, Brushes & Wiper Co Ltd",,,17/10/2024,,263.95
ENVS - Environmental Services,,CAE - Waste Services,,1 X  W/proof Jacket Hi Vis Orange Size XL ,,,3,,CRPOI0005526,,"Bubbles, Brushes & Wiper Co Ltd",,,17/10/2024,,43.99
ENVS - Environmental Services,,CAE - Waste Services,,6 X  W/proof Trousers Hi Vis Orange Size M ,,,4,,CRPOI0005526,,"Bubbles, Brushes & Wiper Co Ltd",,,17/10/2024,,165.46
ENVS - Environmental Services,,CAE - Waste Services,,1 X W/proof Trousers Hi Vis Orange Size L,,,5,,CRPOI0005526,,"Bubbles, Brushes & Wiper Co Ltd",,,17/10/2024,,27.58
ENVS - Environmental Services,,CAB - Other Environmental Services,,"24,000 Litres HVO ",,,1,,CRPOI0005686,,Certas Energy,,,17/10/2024,,"24,346.32"
ENVS - Environmental Services,,CAB - Other Environmental Services,,"24,000 Litres HVO ",,,1,,CRPOI0005687,,Certas Energy,,,17/10/2024,,"10,248.00"
RESO - Resources,,AAD - ICT,,Support & Maintenance:PDF Creator   ,,,1,,CRPOI0005699,,Nec Software Solutions Uk Ltd,,,17/10/2024,,900.00
PLAN - Planning & Transportation,,EAD - Planning,,Licence and support 01.11.24 - 31.10.25,,,1,,CRINV0005185,,Nec Software Solutions Uk Ltd,,,22/10/2024,,"20,400.00"
PLAN - Planning & Transportation,,EAB - Engineers & Transportation,,Installation of street namplates,,,1,,CRINV0005269,,Marchbridge Builders Ltd,,,22/10/2024,,"1,786.80"
ENVS - Environmental Services,,CAC - Parks & Cemeteries,,Temp staff w/c 6.9.24,,,1,,CRINV0005316,,Proman Supply Chain Ltd,,,22/10/2024,,"1,524.24"
RESO - Resources,,AAB - Benefits & Customer Contact,,professional charges,,,1,,CRINV0005322,,Stephensons Solicitors LLP,,,22/10/2024,,600.00
REGN - Regeneration & Housing,,FAB - Facilities,,repair to heating system at Haworth Art Gallery,,,1,,CRINV0005327,,Lancashire Gas Services,,,22/10/2024,,273.60
ENVS - Environmental Services,,CAF - CVMU,,Bumper cover,,,1,,CRINV0005393,,Dennis Eagle Limited,,,22/10/2024,,372.22
ENVS - Environmental Services,,CAF - CVMU,,Vehicle Parts,,,1,,CRINV0005410,,OMC Ford (Accrington),,,22/10/2024,,383.10
RESO - Resources,,AAF - Finance,,Service Contract 28.09.24 - 27.09.25,,,1,,CRINV0005411,,Pitney Bowes Ltd,,,22/10/2024,,"1,653.49"
ENVS - Environmental Services,,CAF - CVMU,,Maintenance Service,,,1,,CRINV0005433,,Bucher Municipal Ltd,,,22/10/2024,,"2,397.10"
ENVS - Environmental Services,,CAE - Waste Services,,Agency staff - w/e 29.09.24,,,1,,CRINV0005477,,Rapid Recruitment Ltd,,,22/10/2024,,"3,636.80"
ENVS - Environmental Services,,CAA - Environmental Maintenance,,Provision of legal services,,,1,,CRINV0005517,,Womble Bond Dickinson (Uk) LLP,,,22/10/2024,,"6,556.61"
ENVS - Environmental Services,,CAA - Environmental Maintenance,,Provision of legal services,,,2,,CRINV0005517,,Womble Bond Dickinson (Uk) LLP,,,22/10/2024,,"6,556.61"
ENVS - Environmental Services,,CAA - Environmental Maintenance,,Provision of legal services,,,1,,CRINV0005518,,Womble Bond Dickinson (Uk) LLP,,,22/10/2024,,332.64
REGN - Regeneration & Housing,,FAB - Facilities,,September Monitoring - Accrington Crematorium,,,1,,CRINV0005619,,HSL Compliance,,,22/10/2024,,43.20
REGN - Regeneration & Housing,,FAB - Facilities,,September Monitoring - Acc Cemetery Office,,,2,,CRINV0005619,,HSL Compliance,,,22/10/2024,,43.20
REGN - Regeneration & Housing,,FAB - Facilities,,September Monitoring - Acc Cemetery Service Building,,,3,,CRINV0005619,,HSL Compliance,,,22/10/2024,,42.00
REGN - Regeneration & Housing,,FAB - Facilities,,September Monitoring -Accrington Town Hall,,,4,,CRINV0005619,,HSL Compliance,,,22/10/2024,,99.60
REGN - Regeneration & Housing,,FAB - Facilities,,September Monitoring - Broadway Offices,,,5,,CRINV0005619,,HSL Compliance,,,22/10/2024,,62.40
REGN - Regeneration & Housing,,FAB - Facilities,,September Monitoring - Bullough Park Pavilion,,,6,,CRINV0005619,,HSL Compliance,,,22/10/2024,,78.00
REGN - Regeneration & Housing,,FAB - Facilities,,September Monitoring - Dill Hall Cem Service Building,,,7,,CRINV0005619,,HSL Compliance,,,22/10/2024,,34.80
REGN - Regeneration & Housing,,FAB - Facilities,,September Monitoring - Gt Harwood Cem Service Building,,,8,,CRINV0005619,,HSL Compliance,,,22/10/2024,,43.20
REGN - Regeneration & Housing,,FAB - Facilities,,September Monitoring - Lowerfold Pavilion,,,9,,CRINV0005619,,HSL Compliance,,,22/10/2024,,37.20
REGN - Regeneration & Housing,,FAB - Facilities,,September Monitoring - Memorial Paviion,,,10,,CRINV0005619,,HSL Compliance,,,22/10/2024,,50.40
REGN - Regeneration & Housing,,FAB - Facilities,,September Monitoring - Mercer House,,,11,,CRINV0005619,,HSL Compliance,,,22/10/2024,,33.60
REGN - Regeneration & Housing,,FAB - Facilities,,September Monitoring - Mercer Park Bowls Pavilion,,,12,,CRINV0005619,,HSL Compliance,,,22/10/2024,,31.20
REGN - Regeneration & Housing,,FAB - Facilities,,September Monitoring - Mercer Park Service Building,,,13,,CRINV0005619,,HSL Compliance,,,22/10/2024,,33.60
REGN - Regeneration & Housing,,FAB - Facilities,,September Monitoring - Oakhill Park Bandstand,,,14,,CRINV0005619,,HSL Compliance,,,22/10/2024,,34.80
REGN - Regeneration & Housing,,FAB - Facilities,,September Monitoring - Oakhill Park Bowls Pavilion,,,15,,CRINV0005619,,HSL Compliance,,,22/10/2024,,37.20
REGN - Regeneration & Housing,,FAB - Facilities,,September Monitoring - Oakhill Park Service Building,,,16,,CRINV0005619,,HSL Compliance,,,22/10/2024,,37.20
REGN - Regeneration & Housing,,FAB - Facilities,,September Monitoring - Oakhill Park Tennis Pavilion,,,17,,CRINV0005619,,HSL Compliance,,,22/10/2024,,39.60
REGN - Regeneration & Housing,,FAB - Facilities,,September Monitoring - Parker Street Bowls Pavilion,,,18,,CRINV0005619,,HSL Compliance,,,22/10/2024,,33.60
REGN - Regeneration & Housing,,FAB - Facilities,,September Monitoring - Peel Park Bowls Paviion,,,19,,CRINV0005619,,HSL Compliance,,,22/10/2024,,37.20
REGN - Regeneration & Housing,,FAB - Facilities,,September Monitoring - Rhyddings Park Bowls Pavilion,,,20,,CRINV0005619,,HSL Compliance,,,22/10/2024,,37.20
REGN - Regeneration & Housing,,FAB - Facilities,,September Monitoring - Rhyddings Park Coach House,,,21,,CRINV0005619,,HSL Compliance,,,22/10/2024,,46.80
REGN - Regeneration & Housing,,FAB - Facilities,,September Monitoring - Scaitcliffe House,,,22,,CRINV0005619,,HSL Compliance,,,22/10/2024,,76.80
REGN - Regeneration & Housing,,FAB - Facilities,,September Monitoring - Wilsons Paviion,,,23,,CRINV0005619,,HSL Compliance,,,22/10/2024,,37.20
REGN - Regeneration & Housing,,FAB - Facilities,,September Monitoring - CVMU,,,24,,CRINV0005619,,HSL Compliance,,,22/10/2024,,50.40
REGN - Regeneration & Housing,,FAB - Facilities,,September Monitoring - Haworth Art Gallery,,,25,,CRINV0005619,,HSL Compliance,,,22/10/2024,,54.00
REGN - Regeneration & Housing,,FAB - Facilities,,September Monitoring - Haworth Stables,,,26,,CRINV0005619,,HSL Compliance,,,22/10/2024,,51.60
REGN - Regeneration & Housing,,FAB - Facilities,,September Monitoring - Milnshaw Park Bowls,,,27,,CRINV0005619,,HSL Compliance,,,22/10/2024,,40.80
REGN - Regeneration & Housing,,FAB - Facilities,,September Monitoring - Peel Street Toilets,,,28,,CRINV0005619,,HSL Compliance,,,22/10/2024,,51.60
REGN - Regeneration & Housing,,FAB - Facilities,,September Monitoring - Willows Lane Office,,,29,,CRINV0005619,,HSL Compliance,,,22/10/2024,,50.40
REGN - Regeneration & Housing,,FAB - Facilities,,September Monitoring - Willows Lane Canteen,,,30,,CRINV0005619,,HSL Compliance,,,22/10/2024,,45.60
REGN - Regeneration & Housing,,FAB - Facilities,,September Monitoring - Willows Lane Stores,,,31,,CRINV0005619,,HSL Compliance,,,22/10/2024,,37.20
REGN - Regeneration & Housing,,FAB - Facilities,,September Monitoring - Brian Walmsley,,,32,,CRINV0005619,,HSL Compliance,,,22/10/2024,,74.40
LEGL - Legal & Democratic,,DAG - Elections,,Publications,,,1,,CRINV0005642,,Thomson Reuters Professional Uk Ltd,,,22/10/2024,,374.00
ENVS - Environmental Services,,CAA - Environmental Maintenance,,Burton Chambers Property manangement 01.07.24 - 30.09.24,,,1,,CRINV0005708,,CBRE Ltd,,,22/10/2024,,"9,000.00"
ENVS - Environmental Services,,CAD - Town Centre & Markets,,Electrical works - Acc Market Hall,,,1,,CRINV0005720,,Steven Mercer Electrical Contractors Limited,,,22/10/2024,,546.76
ENVS - Environmental Services,,CAA - Environmental Maintenance,,Charges - 26.08.24 - 25.09.24,,,1,,CRINV0005734,,Water Plus - 4083296151 Market Hall,,,22/10/2024,,804.93
PLAN - Planning & Transportation,,EAA - Building Control,,Agency staff - w/e 11.10.24 ,,,1,,CRINV0005746,,Deekay Tech Recruitment Ltd,,,22/10/2024,,"1,517.82"
ENVS - Environmental Services,,CAA - Environmental Maintenance,,LUF Programme Director,,,1,,CRINV0005769,,Rider Levett Bucknall Uk Ltd,,,22/10/2024,,"5,362.41"
ENVS - Environmental Services,,CAA - Environmental Maintenance,,LUF Programme Director,,,2,,CRINV0005769,,Rider Levett Bucknall Uk Ltd,,,22/10/2024,,"5,362.40"
ENVS - Environmental Services,,CAA - Environmental Maintenance,,LUF Programme Director,,,3,,CRINV0005769,,Rider Levett Bucknall Uk Ltd,,,22/10/2024,,"5,362.39"
RESO - Resources,,AAG - Management Resources,,Options appraisal,,,1,,CRINV0005771,,Max Associates (Holdings) Limited,,,22/10/2024,,"9,000.00"
RESO - Resources,,AAB - Benefits & Customer Contact,,Whinney Hill - October 24,,,1,,CRINV0005779,,Cheval Social Management,,,22/10/2024,,400.50
RESO - Resources,,AAB - Benefits & Customer Contact,,Whinney Hill - October 24,,,1,,CRINV0005780,,Ada Glossop Ltd,,,22/10/2024,,765.00
LEGL - Legal & Democratic,,DAG - Elections,,Printing / Envelopes / Fees,,,1,,CRINV0005815,,Civica Election Services,,,22/10/2024,,"2,950.74"
LEGL - Legal & Democratic,,DAG - Elections,,Postage / Delivery Charges,,,2,,CRINV0005815,,Civica Election Services,,,22/10/2024,,"16,242.60"
LEGL - Legal & Democratic,,DAG - Elections,,Printing / Envelopes / Fees,,,1,,CRINV0005817,,Civica Election Services,,,22/10/2024,,"1,678.04"
LEGL - Legal & Democratic,,DAG - Elections,,Postage / Delivery Charges,,,2,,CRINV0005817,,Civica Election Services,,,22/10/2024,,"6,670.20"
ENVS - Environmental Services,,CAC - Parks & Cemeteries,,Excavate existing spinner and dispose,,,1,,CRPOI0005346,,Groundwork & Leisure Services Limited,,,22/10/2024,,"1,296.00"
ENVS - Environmental Services,,CAB - Other Environmental Services,,4 x W/Proof Trousers Hi Vis Orange Size M,,,1,,CRPOI0005479,,"Bubbles, Brushes & Wiper Co Ltd",,,22/10/2024,,110.30
ENVS - Environmental Services,,CAB - Other Environmental Services,,4 x W/Proof Jacket Hi Vis Orange size - M,,,2,,CRPOI0005479,,"Bubbles, Brushes & Wiper Co Ltd",,,22/10/2024,,131.98
ENVS - Environmental Services,,CAB - Other Environmental Services,,W/Proof Jacket Hi Vis orange Size - L,,,3,,CRPOI0005479,,"Bubbles, Brushes & Wiper Co Ltd",,,22/10/2024,,175.97
ENVS - Environmental Services,,CAE - Waste Services,,3 X Safety Boots Size 7 ,,,1,,CRPOI0005527,,"Bubbles, Brushes & Wiper Co Ltd",,,22/10/2024,,157.72
ENVS - Environmental Services,,CAE - Waste Services,,5 X Safety Boots Size 8 ,,,2,,CRPOI0005527,,"Bubbles, Brushes & Wiper Co Ltd",,,22/10/2024,,262.86
ENVS - Environmental Services,,CAE - Waste Services,,3 X  Safety Boots Size 9 ,,,3,,CRPOI0005527,,"Bubbles, Brushes & Wiper Co Ltd",,,22/10/2024,,157.72
ENVS - Environmental Services,,CAE - Waste Services,,5 X  Safety Boots Size 10 ,,,4,,CRPOI0005527,,"Bubbles, Brushes & Wiper Co Ltd",,,22/10/2024,,262.86
ENVS - Environmental Services,,CAE - Waste Services,,4 X Hi Vis Ballistic Trousers Orange/Navy Size M ,,,5,,CRPOI0005527,,"Bubbles, Brushes & Wiper Co Ltd",,,22/10/2024,,152.98
ENVS - Environmental Services,,CAE - Waste Services,,8 X Hi Vis Ballistic Trousers Orange/Navy Size L ,,,6,,CRPOI0005527,,"Bubbles, Brushes & Wiper Co Ltd",,,22/10/2024,,305.95
ENVS - Environmental Services,,CAE - Waste Services,,2 X Supertouch Two Tone Sweatshirt Orange/Navy Size M ,,,7,,CRPOI0005527,,"Bubbles, Brushes & Wiper Co Ltd",,,22/10/2024,,31.18
ENVS - Environmental Services,,CAE - Waste Services,,6 X Supertouch Two Tone Sweatshirt Orange/Navy Size L ,,,8,,CRPOI0005527,,"Bubbles, Brushes & Wiper Co Ltd",,,22/10/2024,,93.52
ENVS - Environmental Services,,CAE - Waste Services,,2 X  Hi Vis Bomber Jacket Orange Size M ,,,9,,CRPOI0005527,,"Bubbles, Brushes & Wiper Co Ltd",,,22/10/2024,,56.86
ENVS - Environmental Services,,CAE - Waste Services,,2 X  Hi Vis Bomber Jacket Orange Size L ,,,10,,CRPOI0005527,,"Bubbles, Brushes & Wiper Co Ltd",,,22/10/2024,,56.86
ENVS - Environmental Services,,CAE - Waste Services,,10 X Hi Vis Polo T-shirt Size M ,,,11,,CRPOI0005527,,"Bubbles, Brushes & Wiper Co Ltd",,,22/10/2024,,119.88
ENVS - Environmental Services,,CAE - Waste Services,,6 XHi Vis Polo T-shirt Size L ,,,12,,CRPOI0005527,,"Bubbles, Brushes & Wiper Co Ltd",,,22/10/2024,,71.93
ENVS - Environmental Services,,CAE - Waste Services,,6 X  Hi Vis Polo T-shirt Size XL ,,,13,,CRPOI0005527,,"Bubbles, Brushes & Wiper Co Ltd",,,22/10/2024,,71.93
ENVS - Environmental Services,,CAE - Waste Services,,100 X  X5 Gloves Size 9,,,14,,CRPOI0005527,,"Bubbles, Brushes & Wiper Co Ltd",,,22/10/2024,,573.59
ENVS - Environmental Services,,CAE - Waste Services,,100 X X55 Gloves Size 10 ,,,15,,CRPOI0005527,,"Bubbles, Brushes & Wiper Co Ltd",,,22/10/2024,,573.59
ENVS - Environmental Services,,CAE - Waste Services,,1 X  Hi Vis Highways Jackets - Orange Size L ,,,16,,CRPOI0005527,,"Bubbles, Brushes & Wiper Co Ltd",,,22/10/2024,,27.58
ENVS - Environmental Services,,CAE - Waste Services,,36 X  Safety Glasses Clear Lens/Black Frame ,,,17,,CRPOI0005527,,"Bubbles, Brushes & Wiper Co Ltd",,,22/10/2024,,103.25
ENVS - Environmental Services,,CAE - Waste Services,,10 X  White Asbestos Suit Size XL ,,,18,,CRPOI0005527,,"Bubbles, Brushes & Wiper Co Ltd",,,22/10/2024,,35.88
ENVS - Environmental Services,,CAE - Waste Services,,5 X Wire Wool ,,,19,,CRPOI0005527,,"Bubbles, Brushes & Wiper Co Ltd",,,22/10/2024,,29.94
ENVS - Environmental Services,,CAE - Waste Services,,5 X H Hi Vis Vest Size ,,,20,,CRPOI0005527,,"Bubbles, Brushes & Wiper Co Ltd",,,22/10/2024,,11.94
ENVS - Environmental Services,,CAE - Waste Services,,5 X Hi Vis Vest Size L ,,,21,,CRPOI0005527,,"Bubbles, Brushes & Wiper Co Ltd",,,22/10/2024,,11.94
ENVS - Environmental Services,,CAE - Waste Services,,3 X  Hi Vis Vest Size XL ,,,22,,CRPOI0005527,,"Bubbles, Brushes & Wiper Co Ltd",,,22/10/2024,,7.16
ENVS - Environmental Services,,CAE - Waste Services,,6 X W/proof Jacket Hi Vis Orange Size M ,,,23,,CRPOI0005527,,"Bubbles, Brushes & Wiper Co Ltd",,,22/10/2024,,43.99
ENVS - Environmental Services,,CAE - Waste Services,,2 X W/proof Trousers Hi Vis Orange Size L ,,,24,,CRPOI0005527,,"Bubbles, Brushes & Wiper Co Ltd",,,22/10/2024,,55.15
ENVS - Environmental Services,,CAE - Waste Services,,18 X 1100 Grey Bins (0300) body and lid,,,1,,CRPOI0005604,,Contenur Uk Limited,,,22/10/2024,,"2,456.78"
ENVS - Environmental Services,,CAE - Waste Services,,18 X 1100 Brown bins (0905) body and lid,,,2,,CRPOI0005604,,Contenur Uk Limited,,,22/10/2024,,"2,456.78"
ENVS - Environmental Services,,CAE - Waste Services,,18 X 1100 Blue bins (0805) body and lid,,,3,,CRPOI0005604,,Contenur Uk Limited,,,22/10/2024,,"2,521.59"
RESO - Resources,,AAF - Finance,,Charges - 1.9.24 to 30.9.24,,,1,,CRINV0005691,,Lloyds Bank Cardnet,,,23/10/2024,,"2,151.77"
RESO - Resources,,AAF - Finance,,Direct Debit,,,1,,CRINV0005713,,G4S Cash Solutions (UK) Limited,,,23/10/2024,,751.38
RESO - Resources,,AAF - Finance,,LCC Ctax Precept October 24,,,1,,CRINV0005739,,Lancashire County Council (Direct Debit Payments),,,23/10/2024,,"3,652,944.00"
RESO - Resources,,AAF - Finance,,LCC Ctax Deficit 23/24,,,2,,CRINV0005739,,Lancashire County Council (Direct Debit Payments),,,23/10/2024,,"106,396.00-"
RESO - Resources,,AAF - Finance,,LCC NDR Precept October 24,,,3,,CRINV0005739,,Lancashire County Council (Direct Debit Payments),,,23/10/2024,,"211,187.00"
RESO - Resources,,AAF - Finance,,LCC NDR Surplus 23/24,,,4,,CRINV0005739,,Lancashire County Council (Direct Debit Payments),,,23/10/2024,,"15,923.00"
RESO - Resources,,AAF - Finance,,Fire Ctax Precept October 24,,,5,,CRINV0005739,,Lancashire County Council (Direct Debit Payments),,,23/10/2024,,"187,211.00"
RESO - Resources,,AAF - Finance,,Fire Ctax Deficit 23/24,,,6,,CRINV0005739,,Lancashire County Council (Direct Debit Payments),,,23/10/2024,,"5,559.00-"
RESO - Resources,,AAF - Finance,,Fire NDR Precept October 24,,,7,,CRINV0005739,,Lancashire County Council (Direct Debit Payments),,,23/10/2024,,"23,465.00"
RESO - Resources,,AAF - Finance,,Fire NDR Surplus 23/24,,,8,,CRINV0005739,,Lancashire County Council (Direct Debit Payments),,,23/10/2024,,"1,769.00"
RESO - Resources,,AAF - Finance,,Police Ctax Precept October 24,,,9,,CRINV0005739,,Lancashire County Council (Direct Debit Payments),,,23/10/2024,,"581,982.00"
RESO - Resources,,AAF - Finance,,Police Ctax Deficit 23/24,,,10,,CRINV0005739,,Lancashire County Council (Direct Debit Payments),,,23/10/2024,,"16,989.00-"
RESO - Resources,,AAF - Finance,,Class 1A NICs for 23-24,,,1,,CRINV0005775,,HM Revenue & Customs (Direct Debit),,,23/10/2024,,744.51
RESO - Resources,,AAF - Finance,,Class 1A NICs for 23-24,,,2,,CRINV0005775,,HM Revenue & Customs (Direct Debit),,,23/10/2024,,838.21
RESO - Resources,,AAF - Finance,,Class 1A NICs for 23-24,,,3,,CRINV0005775,,HM Revenue & Customs (Direct Debit),,,23/10/2024,,617.55
RESO - Resources,,AAF - Finance,,Class 1A NICs for 23-24,,,4,,CRINV0005775,,HM Revenue & Customs (Direct Debit),,,23/10/2024,,782.87
RESO - Resources,,AAF - Finance,,Class 1A NICs for 23-24,,,5,,CRINV0005775,,HM Revenue & Customs (Direct Debit),,,23/10/2024,,"3,783.14"
RESO - Resources,,AAF - Finance,,Tariff Due October 2024 - Direct Debit,,,1,,CRINV0005795,,(DD ONLY) Ribble Valley Borough Council,,,23/10/2024,,"403,261.00"
RESO - Resources,,AAF - Finance,,BRR & RSG October 24,,,1,,CRINV0005796,,"(DD) Department of Levelling Up, Housing & Comm...",,,23/10/2024,,"161,413.00-"
RESO - Resources,,AAF - Finance,,BRR & RSG Central Share October 24,,,2,,CRINV0005796,,"(DD) Department of Levelling Up, Housing & Comm...",,,23/10/2024,,"938,611.00"
RESO - Resources,,AAF - Finance,,BRR & RSG Top Up October 24,,,3,,CRINV0005796,,"(DD) Department of Levelling Up, Housing & Comm...",,,23/10/2024,,"1,043.00-"
RESO - Resources,,AAF - Finance,,BRR & RSG Surplus for 23-24 October 24,,,4,,CRINV0005796,,"(DD) Department of Levelling Up, Housing & Comm...",,,23/10/2024,,"222,951.00"
RESO - Resources,,AAF - Finance,,BRR & RSG Surplus for 22-23 October 24,,,5,,CRINV0005796,,"(DD) Department of Levelling Up, Housing & Comm...",,,23/10/2024,,"152,184.00-"
RESO - Resources,,AAF - Finance,,BRR & RSG TR Payments October 24,,,6,,CRINV0005796,,"(DD) Department of Levelling Up, Housing & Comm...",,,23/10/2024,,"79,698.00-"
RESO - Resources,,AAF - Finance,,CAY Recharge Sept 24 (Paid Oct 24),,,1,,CRINV0005816,,Lancashire County Council (Direct Debit Payments),,,23/10/2024,,"43,988.60"
ENVS - Environmental Services,,CAA - Environmental Maintenance,,Period:7.7.23 to 15.5.24,,,1,,CRINV0005073,,E.On Next Energy - A-8A818521 - 4 Broadway,,,24/10/2024,,631.02
RESO - Resources,,AAB - Benefits & Customer Contact,,Cleaning costs at Broadway Offices,,,1,,CRINV0005341,,Hyndburn Leisure,,,24/10/2024,,"1,813.60"
PLAN - Planning & Transportation,,EAB - Engineers & Transportation,,automated barrier system WL depot,,,1,,CRINV0005352,,Marchbridge Builders Ltd,,,24/10/2024,,"9,072.82"
LEGL - Legal & Democratic,,DAB - Human Resources,,planning jobs site date 30/09/24,,,1,,CRINV0005357,,Haymarket Media Group Ltd,,,24/10/2024,,"1,794.00"
RESO - Resources,,AAB - Benefits & Customer Contact,,VAT invoice,,,1,,CRINV0005359,,Marston (Holdings) Ltd,,,24/10/2024,,"2,171.67"
PLAN - Planning & Transportation,,EAB - Engineers & Transportation,,"installation, plus parts + labour",,,1,,CRINV0005360,,Gate Automation Solutions Ltd,,,24/10/2024,,"10,686.73"
ENVS - Environmental Services,,CAC - Parks & Cemeteries,,Charges - September 24,,,1,,CRINV0005373,,Obitus (Vivedia Ltd),,,24/10/2024,,"1,404.00"
ENVS - Environmental Services,,CAF - CVMU,,mirror,,,1,,CRINV0005392,,Chorley Nissan,,,24/10/2024,,532.84
ENVS - Environmental Services,,CAF - CVMU,,goods,,,1,,CRINV0005401,,Bucher Municipal Ltd,,,24/10/2024,,341.05
ENVS - Environmental Services,,CAF - CVMU,,Vehicle cleaning,,,1,,CRINV0005407,,Keep Em Clean,,,24/10/2024,,262.50
PLAN - Planning & Transportation,,EAC - Green Infrastructure,,Bullough Park Community Woodland Consultancy support,,,1,,CRINV0005428,,Proffitts Investing In Communities,,,24/10/2024,,"1,650.00"
PLAN - Planning & Transportation,,EAD - Planning,,Support & Maintenance x50 Universal Capture licenses,,,1,,CRINV0005442,,Nec Software Solutions Uk Ltd,,,24/10/2024,,987.73
PLAN - Planning & Transportation,,EAB - Engineers & Transportation,,Canal towpath improvements,,,1,,CRINV0005443,,John Wade Groundworks Ltd,,,24/10/2024,,564.00
RESO - Resources,,AAB - Benefits & Customer Contact,,Electricity costs,,,1,,CRINV0005451,,Hyndburn Leisure,,,24/10/2024,,"1,732.10"
RESO - Resources,,AAB - Benefits & Customer Contact,,Gas charges,,,2,,CRINV0005451,,Hyndburn Leisure,,,24/10/2024,,198.18
RESO - Resources,,AAB - Benefits & Customer Contact,,Water charges,,,3,,CRINV0005451,,Hyndburn Leisure,,,24/10/2024,,58.67
PLAN - Planning & Transportation,,EAD - Planning,,Professional Fees,,,1,,CRINV0005453,,Mr Wilson Horne (Kings Chambers),,,24/10/2024,,"4,200.00"
RESO - Resources,,AAB - Benefits & Customer Contact,,Web Benefits Calculator software,,,1,,CRINV0005454,,Ovaltech Ltd,,,24/10/2024,,"1,056.00"
REGN - Regeneration & Housing,,FAB - Facilities,,Cleaning - October 24,,,1,,CRINV0005461,,ServiceMaster Clean Contract Services AAA,,,24/10/2024,,368.52
REGN - Regeneration & Housing,,FAF - Strategic Housing,,Affordable Warmth Grant,,,1,,CRINV0005467,,A G S Heating & Plumbing Ltd,,,24/10/2024,,"1,320.00"
ENVS - Environmental Services,,CAC - Parks & Cemeteries,,Inseego Fleet,,,1,,CRINV0005471,,Inseego UK Ltd,,,24/10/2024,,288.00
REGN - Regeneration & Housing,,FAF - Strategic Housing,,Affordable Warmth Grant,,,1,,CRINV0005480,,Rhea Projects,,,24/10/2024,,"2,205.00"
REGN - Regeneration & Housing,,FAF - Strategic Housing,,Affordable Warmth Grant,,,1,,CRINV0005482,,Rhea Projects,,,24/10/2024,,"2,205.00"
REGN - Regeneration & Housing,,FAF - Strategic Housing,,Affordable Warmth Grant,,,1,,CRINV0005483,,Rhea Projects,,,24/10/2024,,"2,205.00"
ENVS - Environmental Services,,CAC - Parks & Cemeteries,,CCTV Hire - 31.08.24 - 27.09.24,,,1,,CRINV0005484,,Rosslee Construction Ltd,,,24/10/2024,,"1,056.00"
ENVS - Environmental Services,,CAB - Other Environmental Services,,Vehicle Hire,,,1,,CRINV0005485,,Stanley Brothers (Tippers) Ltd,,,24/10/2024,,648.00
ENVS - Environmental Services,,CAB - Other Environmental Services,,Supplementary Cleaning for Month of October 2024 - Willows Lane,,,1,,CRINV0005488,,ServiceMaster Clean Contract Services AAA,,,24/10/2024,,"1,257.69"
ENVS - Environmental Services,,CAB - Other Environmental Services,,Supplementary Cleaning for the Month of October 2024 - RHYDDINGS,,,1,,CRINV0005490,,ServiceMaster Clean Contract Services AAA,,,24/10/2024,,652.99
ENVS - Environmental Services,,CAB - Other Environmental Services,,Supplementary Cleaning Month of October 2024 - Wilsons,,,1,,CRINV0005491,,ServiceMaster Clean Contract Services AAA,,,24/10/2024,,725.57
ENVS - Environmental Services,,CAB - Other Environmental Services,,Hyndburn,,,1,,CRINV0005493,,ServiceMaster Clean Contract Services AAA,,,24/10/2024,,265.86
LEGL - Legal & Democratic,,DAG - Elections,,Publications,,,1,,CRINV0005495,,Thomson Reuters Professional Uk Ltd,,,24/10/2024,,374.00
RESO - Resources,,AAB - Benefits & Customer Contact,,Services Sept 24,,,1,,CRINV0005512,,Critiqom,,,24/10/2024,,760.27
RESO - Resources,,AAB - Benefits & Customer Contact,,Services Sept 24,,,2,,CRINV0005512,,Critiqom,,,24/10/2024,,"2,531.47"
RESO - Resources,,AAB - Benefits & Customer Contact,,postage Sept 24,,,1,,CRINV0005513,,Critiqom,,,24/10/2024,,55.97
RESO - Resources,,AAB - Benefits & Customer Contact,,Postage Sept 24,,,2,,CRINV0005513,,Critiqom,,,24/10/2024,,862.02
ENVS - Environmental Services,,CAC - Parks & Cemeteries,,Monthly doc charges,,,1,,CRINV0005514,,Minster Cleaning Services,,,24/10/2024,,"1,478.22"
REGN - Regeneration & Housing,,FAF - Strategic Housing,,Grant - 01.10.24 - 31.12.24,,,1,,CRINV0005530,,Hyndburn Homewise Society Limited,,,24/10/2024,,"6,233.13"
RESO - Resources,,AAB - Benefits & Customer Contact,,Professional Charges,,,1,,CRINV0005531,,Greenhalgh Kerr,,,24/10/2024,,"2,639.00"
ENVS - Environmental Services,,CAF - CVMU,,Cleaning - Oct 24 - CVMU,,,1,,CRINV0005562,,ServiceMaster Clean Contract Services AAA,,,24/10/2024,,967.44
REGN - Regeneration & Housing,,FAB - Facilities,,Alarm Responses,,,1,,CRINV0005572,,Keyplus Security Ltd,,,24/10/2024,,255.75
REGN - Regeneration & Housing,,FAB - Facilities,,Alarm responses Sept 24,,,1,,CRINV0005577,,Keyplus Security Ltd,,,24/10/2024,,255.75
ENVS - Environmental Services,,CAB - Other Environmental Services,,1 months service charge,,,1,,CRINV0005585,,Trakm8 Holdings Plc,,,24/10/2024,,133.43
ENVS - Environmental Services,,CAB - Other Environmental Services,,1 months services charges,,,2,,CRINV0005585,,Trakm8 Holdings Plc,,,24/10/2024,,40.01
ENVS - Environmental Services,,CAB - Other Environmental Services,,1 months service charges,,,3,,CRINV0005585,,Trakm8 Holdings Plc,,,24/10/2024,,40.01
ENVS - Environmental Services,,CAB - Other Environmental Services,,1 months service charges,,,4,,CRINV0005585,,Trakm8 Holdings Plc,,,24/10/2024,,13.33
ENVS - Environmental Services,,CAB - Other Environmental Services,,1 months service charges,,,5,,CRINV0005585,,Trakm8 Holdings Plc,,,24/10/2024,,26.72
ENVS - Environmental Services,,CAB - Other Environmental Services,,1 months service charges,,,6,,CRINV0005585,,Trakm8 Holdings Plc,,,24/10/2024,,13.34
ENVS - Environmental Services,,CAB - Other Environmental Services,,1 months service charges,,,7,,CRINV0005585,,Trakm8 Holdings Plc,,,24/10/2024,,13.33
ENVS - Environmental Services,,CAB - Other Environmental Services,,1 months service charges,,,8,,CRINV0005585,,Trakm8 Holdings Plc,,,24/10/2024,,13.33
ENVS - Environmental Services,,CAB - Other Environmental Services,,1 months service charges,,,9,,CRINV0005585,,Trakm8 Holdings Plc,,,24/10/2024,,13.33
ENVS - Environmental Services,,CAB - Other Environmental Services,,1 months service charges,,,10,,CRINV0005585,,Trakm8 Holdings Plc,,,24/10/2024,,13.33
ENVS - Environmental Services,,CAB - Other Environmental Services,,Kennelling charges - sept 24,,,1,,CRINV0005588,,Aspen Valley Boarding Kennels & Cattery,,,24/10/2024,,"2,464.60"
REGN - Regeneration & Housing,,FAC - Haworth Art Gallery,,Alarm responses,,,1,,CRINV0005596,,Keyplus Security Ltd,,,24/10/2024,,309.99
REGN - Regeneration & Housing,,FAC - Haworth Art Gallery,,Alarm responses,,,2,,CRINV0005596,,Keyplus Security Ltd,,,24/10/2024,,85.71
ENVS - Environmental Services,,CAE - Waste Services,,Vehicle Hire,,,1,,CRINV0005597,,Leeds Commercial Vehicle Hire,,,24/10/2024,,"1,940.40"
ENVS - Environmental Services,,CAC - Parks & Cemeteries,,Site attendance to resolve screen issue.,,,1,,CRINV0005638,,Obitus (Vivedia Ltd),,,24/10/2024,,426.24
REGN - Regeneration & Housing,,FAF - Strategic Housing,,Affordable Warmth Grant,,,1,,CRINV0005643,,Artisan Windows,,,24/10/2024,,"3,400.00"
REGN - Regeneration & Housing,,FAF - Strategic Housing,,Affordable Warmth Grant,,,1,,CRINV0005646,,Harris Heating (Nw) Ltd,,,24/10/2024,,"4,365.00"
REGN - Regeneration & Housing,,FAF - Strategic Housing,,Affordable Warmth Grant,,,1,,CRINV0005647,,Harris Heating (Nw) Ltd,,,24/10/2024,,"4,485.00"
ENVH - Environmental Health,,BAA - Housing Standards,,Maintenance / Licence Fee,,,1,,CRINV0005651,,Civica Uk Limited,,,24/10/2024,,"14,460.00"
ENVH - Environmental Health,,BAA - Housing Standards,,Maintenance  Licence Fee,,,2,,CRINV0005651,,Civica Uk Limited,,,24/10/2024,,"7,230.00"
ENVH - Environmental Health,,BAA - Housing Standards,,Maintenance / Licence Fee,,,3,,CRINV0005651,,Civica Uk Limited,,,24/10/2024,,"7,230.00"
REGN - Regeneration & Housing,,FAF - Strategic Housing,,Deposit,,,1,,CRINV0005714,,Property Shop (Accrington) Ltd,,,24/10/2024,,"1,032.69"
REGN - Regeneration & Housing,,FAD - Housing Advice,,5 weeks rent from 11.09.24,,,1,,CRINV0005719,,Onward Homes,,,24/10/2024,,529.58
RESO - Resources,,AAB - Benefits & Customer Contact,,Secondary Period Rental,,,1,,CRINV0005729,,Rigby Capital Ltd,,,24/10/2024,,471.86
REGN - Regeneration & Housing,,FAF - Strategic Housing,,Affordable Warmth Grant,,,1,,CRINV0005740,,Harris Heating (Nw) Ltd,,,24/10/2024,,"4,265.00"
ENVS - Environmental Services,,CAB - Other Environmental Services,,Annual Charges ,,,1,,CRINV0005745,,On Tower Uk,,,24/10/2024,,"2,253.05"
ENVS - Environmental Services,,CAB - Other Environmental Services,,Funds for Christmas / Halloween Events,,,1,,CRINV0005747,,My Happy Place Ltd,,,24/10/2024,,"3,250.00"
ENVS - Environmental Services,,CAA - Environmental Maintenance,,Provision of professional services,,,1,,CRINV0005772,,Ma Cost Consulting Limited,,,24/10/2024,,"4,569.99"
ENVS - Environmental Services,,CAA - Environmental Maintenance,,provision of professional services,,,2,,CRINV0005772,,Ma Cost Consulting Limited,,,24/10/2024,,"4,570.00"
ENVS - Environmental Services,,CAA - Environmental Maintenance,,provision of professional services,,,3,,CRINV0005772,,Ma Cost Consulting Limited,,,24/10/2024,,"4,570.01"
ENVS - Environmental Services,,CAD - Town Centre & Markets,,Final Bill - Unit 15 Market Hall (Stall 16),,,1,,CRINV0005776,,British Gas Lite BGL505569 - Unit 15 Market Hall,,,24/10/2024,,357.09
ENVS - Environmental Services,,CAD - Town Centre & Markets,,Final bill Unit 15 Market Hall (Stall 45/46),,,1,,CRINV0005777,,British Gas Lite BGL505532 - Unit 15 Market Hall,,,24/10/2024,,503.10
ENVS - Environmental Services,,CAC - Parks & Cemeteries,,Work wear,,,1,,CRINV0005789,,"Bubbles, Brushes & Wiper Co Ltd",,,24/10/2024,,859.70
ENVS - Environmental Services,,CAE - Waste Services,,01.08.24 - 31.08.24,,,1,,CRINV0005793,,Rentokil Initial Uk Ltd,,,24/10/2024,,304.24
RESO - Resources,,AAF - Finance,,Charges - 15.05.24 - 25.08.24,,,1,,CRINV0005799,,E.On Next Energy - A-8A818521 - 4 Broadway,,,24/10/2024,,"2,026.39"
ENVS - Environmental Services,,CAE - Waste Services,,Hazardous Waste Service,,,1,,CRINV0005807,,Rentokil Initial Uk Ltd,,,24/10/2024,,304.24
ENVS - Environmental Services,,CAE - Waste Services,,Oct Hazardous waste fee,,,1,,CRINV0005810,,Rentokil Initial Uk Ltd,,,24/10/2024,,304.24
ENVS - Environmental Services,,CAE - Waste Services,,Sept 24 Hazardous waste service fee,,,1,,CRINV0005811,,Rentokil Initial Uk Ltd,,,24/10/2024,,304.24
RESO - Resources,,AAF - Finance,,Firework display contrtibution,,,1,,CRINV0005819,,Accrington Stanley F C Ltd,,,24/10/2024,,"3,000.00"
RESO - Resources,,AAF - Finance,,Bullough Park gas charges - 01.08.24 - 30.09.24,,,1,,CRINV0005861,,"SEFE Energy - 10174064 Mercer Park, CLM",,,24/10/2024,,30.99
RESO - Resources,,AAF - Finance,,Lowerfold gas charges - 01.08.24 - 30.09.24,,,2,,CRINV0005861,,"SEFE Energy - 10174064 Mercer Park, CLM",,,24/10/2024,,91.98
RESO - Resources,,AAF - Finance,,Willows Lane gas charges - 01.08.24 - 30.09.24,,,3,,CRINV0005861,,"SEFE Energy - 10174064 Mercer Park, CLM",,,24/10/2024,,525.41
RESO - Resources,,AAF - Finance,,Acc Town Hall gas charges - 01.08.24 - 30.09.24,,,4,,CRINV0005861,,"SEFE Energy - 10174064 Mercer Park, CLM",,,24/10/2024,,647.65
RESO - Resources,,AAF - Finance,,Cannon St gas charges 01.08.24 - 30.09.24,,,5,,CRINV0005861,,"SEFE Energy - 10174064 Mercer Park, CLM",,,24/10/2024,,55.82
RESO - Resources,,AAF - Finance,,Mercer Hall gas charges - 01.08.24 - 30.09.24,,,6,,CRINV0005861,,"SEFE Energy - 10174064 Mercer Park, CLM",,,24/10/2024,,"3,235.04"
RESO - Resources,,AAF - Finance,,Acc Crematorium gas charges - 01.08.24 - 30.09.24,,,7,,CRINV0005861,,"SEFE Energy - 10174064 Mercer Park, CLM",,,24/10/2024,,411.87
RESO - Resources,,AAF - Finance,,Acc Crematorium gas charges - 01.08.24 - 30.09.24,,,8,,CRINV0005861,,"SEFE Energy - 10174064 Mercer Park, CLM",,,24/10/2024,,"13,580.73"
RESO - Resources,,AAF - Finance,,Acc Cem Mess gas charges - 01.08.24 - 30.09.24,,,9,,CRINV0005861,,"SEFE Energy - 10174064 Mercer Park, CLM",,,24/10/2024,,113.89
RESO - Resources,,AAF - Finance,,Acc Market Hall gas charges - 01.08.24 - 30.09.24,,,10,,CRINV0005861,,"SEFE Energy - 10174064 Mercer Park, CLM",,,24/10/2024,,991.53
RESO - Resources,,AAF - Finance,,Haworth Art Gallery gas charges - 01.08.24 - 30.09.24,,,11,,CRINV0005861,,"SEFE Energy - 10174064 Mercer Park, CLM",,,24/10/2024,,"2,550.98"
RESO - Resources,,AAF - Finance,,Eagle St OAP gas charges - 01.08.24 - 30.09.24,,,12,,CRINV0005861,,"SEFE Energy - 10174064 Mercer Park, CLM",,,24/10/2024,,17.68
RESO - Resources,,AAF - Finance,,Wilsons gas charges - 01.08.24 - 30.09.24,,,13,,CRINV0005861,,"SEFE Energy - 10174064 Mercer Park, CLM",,,24/10/2024,,499.26
RESO - Resources,,AAF - Finance,,Oakhill Park gas charges - 01.08.24 - 30.09.24,,,14,,CRINV0005861,,"SEFE Energy - 10174064 Mercer Park, CLM",,,24/10/2024,,"15,841.66-"
RESO - Resources,,AAF - Finance,,Clayton Civic gas charges - 01.08.24 - 30.09.24,,,15,,CRINV0005861,,"SEFE Energy - 10174064 Mercer Park, CLM",,,24/10/2024,,258.06
RESO - Resources,,AAF - Finance,,Willows Lane gas charges - 01.08.24 - 30.09.24,,,16,,CRINV0005861,,"SEFE Energy - 10174064 Mercer Park, CLM",,,24/10/2024,,429.70
RESO - Resources,,AAF - Finance,,CVMU gas charges - 01.08.24 - 30.09.24,,,17,,CRINV0005861,,"SEFE Energy - 10174064 Mercer Park, CLM",,,24/10/2024,,"2,277.95"
RESO - Resources,,AAF - Finance,,Haworth Stables gas charges - 01.08.24 - 30.09.24,,,18,,CRINV0005861,,"SEFE Energy - 10174064 Mercer Park, CLM",,,24/10/2024,,"1,580.86"
RESO - Resources,,AAF - Finance,,Rhyddings Park gas charges - 01.08.24 - 30.09.24,,,19,,CRINV0005861,,"SEFE Energy - 10174064 Mercer Park, CLM",,,24/10/2024,,395.35
RESO - Resources,,AAF - Finance,,Acc Town Hall gas charges - 01.08.24 - 30.09.24,,,20,,CRINV0005861,,"SEFE Energy - 10174064 Mercer Park, CLM",,,24/10/2024,,95.94
RESO - Resources,,AAF - Finance,,Oakhill Park gas charges - 01.08.24 - 30.09.24,,,21,,CRINV0005861,,"SEFE Energy - 10174064 Mercer Park, CLM",,,24/10/2024,,204.96
RESO - Resources,,AAF - Finance,,Provision of professional services in relation to Accrington Town Centre Regeneration,,,1,,CRINV0005880,,Ma Cost Consulting Limited,,,24/10/2024,,"3,500.01"
RESO - Resources,,AAF - Finance,,Provision of professional services in relation to Accrington Town Centre Regeneration,,,2,,CRINV0005880,,Ma Cost Consulting Limited,,,24/10/2024,,"3,500.00"
RESO - Resources,,AAF - Finance,,Provision of professional services in relation to Accrington Town Centre Regeneration,,,3,,CRINV0005880,,Ma Cost Consulting Limited,,,24/10/2024,,"3,499.99"
ENVS - Environmental Services,,CAB - Other Environmental Services,,2 X X-Flex design A medium chainsaw trousers ,,,1,,CRPOI0005803,,Dick Leigh LLP,,,24/10/2024,,409.28
ENVS - Environmental Services,,CAB - Other Environmental Services,,1 X Yukon chainsaw boots ,,,2,,CRPOI0005803,,Dick Leigh LLP,,,24/10/2024,,119.46
ENVS - Environmental Services,,CAB - Other Environmental Services,,1 X Scafell lite chainsaw boot (black) ,,,3,,CRPOI0005803,,Dick Leigh LLP,,,24/10/2024,,301.32
ENVS - Environmental Services,,CAB - Other Environmental Services,,2 X Gloves technical saw protection size 9 class 1 ,,,4,,CRPOI0005803,,Dick Leigh LLP,,,24/10/2024,,93.49
ENVS - Environmental Services,,CAB - Other Environmental Services,,2 X Helment functional C/W ultravision visor ,,,5,,CRPOI0005803,,Dick Leigh LLP,,,24/10/2024,,149.74
ENVH - Environmental Health,,BAA - Housing Standards,,Temp Staff w/e 29/09/24 ,,,1,,CRINV0005399,,G2 Recruitment Solutions,,,29/10/2024,,"2,552.76"
RESO - Resources,,AAD - ICT,,Printer charges,,,1,,CRINV0005421,,Xbm Ltd,,,29/10/2024,,423.99
PLAN - Planning & Transportation,,EAD - Planning,,Temp Staff  W/e 29/09/24,,,1,,CRINV0005440,,Vivid Resourcing,,,29/10/2024,,"2,160.00"
ENVH - Environmental Health,,BAA - Housing Standards,,Agency staff - w/c 23.09.24 ,,,1,,CRINV0005445,,Oyster Partnership,,,29/10/2024,,"1,388.40"
PLAN - Planning & Transportation,,EAD - Planning,,Temp Staff w/e 23/09/24 ,,,1,,CRINV0005449,,Oyster Partnership,,,29/10/2024,,"2,319.44"
ENVH - Environmental Health,,BAB - Environmental Protection,,Agency staff - w/e 29.09.24 ,,,1,,CRINV0005450,,Vivid Resourcing,,,29/10/2024,,"2,214.00"
REGN - Regeneration & Housing,,FAB - Facilities,,12 month sim card subs,,,1,,CRINV0005460,,L I T E,,,29/10/2024,,432.00
ENVS - Environmental Services,,CAC - Parks & Cemeteries,,Agency staff - w/c 23.09.24 ,,,1,,CRINV0005475,,Proman Supply Chain Ltd,,,29/10/2024,,624.73
ENVS - Environmental Services,,CAC - Parks & Cemeteries,,Agency staff - w/c 23.09.24 ,,,1,,CRINV0005476,,Proman Supply Chain Ltd,,,29/10/2024,,"1,524.24"
RESO - Resources,,AAE - Residual Leisure,,provisions of use of facilities for armed forces,,,1,,CRINV0005502,,Hyndburn Leisure,,,29/10/2024,,"1,427.52"
RESO - Resources,,AAE - Residual Leisure,,Contributions towards reduced holiday swims,,,1,,CRINV0005516,,Hyndburn Leisure,,,29/10/2024,,"3,168.00"
ENVS - Environmental Services,,CAC - Parks & Cemeteries,,Cremation Forms - July/Aug/Sep 2024,,,1,,CRINV0005543,,Peel House Medical Practice,,,29/10/2024,,"4,392.00"
RESO - Resources,,AAB - Benefits & Customer Contact,,no vat disbursements,,,1,,CRINV0005564,,Greenhalgh Kerr,,,29/10/2024,,"4,070.00"
RESO - Resources,,AAB - Benefits & Customer Contact,,vat disbursements,,,2,,CRINV0005564,,Greenhalgh Kerr,,,29/10/2024,,88.80
RESO - Resources,,AAB - Benefits & Customer Contact,,unpaid vat disbursements,,,3,,CRINV0005564,,Greenhalgh Kerr,,,29/10/2024,,300.00
ENVS - Environmental Services,,CAF - CVMU,,Parts,,,1,,CRINV0005567,,Dennis Eagle Limited,,,29/10/2024,,463.87
ENVS - Environmental Services,,CAF - CVMU,,Vehicle Cleaning - 30.09.24,,,1,,CRINV0005610,,Keep Em Clean,,,29/10/2024,,262.50
ENVS - Environmental Services,,CAC - Parks & Cemeteries,,Final instalment for Acc Pals Sculpture,,,1,,CRINV0005625,,John Everiss Design,,,29/10/2024,,"4,800.00"
PLAN - Planning & Transportation,,EAD - Planning,,Agency staff - w/e 06.10.24 ,,,1,,CRINV0005630,,Macdonald & Company,,,29/10/2024,,746.19
PLAN - Planning & Transportation,,EAD - Planning,,Agency staff - w/e 06.10.24 ,,,2,,CRINV0005630,,Macdonald & Company,,,29/10/2024,,746.21
ENVS - Environmental Services,,CAE - Waste Services,,Agency staff - w/e 06.10.24,,,1,,CRINV0005636,,Rapid Recruitment Ltd,,,29/10/2024,,"2,226.37"
REGN - Regeneration & Housing,,FAB - Facilities,,Engineer site visit,,,1,,CRINV0005665,,H Breakell & Co (Blackburn) Limited,,,29/10/2024,,756.00
PLAN - Planning & Transportation,,EAD - Planning,,3 Year subscription from 1.6.24,,,1,,CRINV0005692,,Pick Protection,,,29/10/2024,,"1,236.00"
PLAN - Planning & Transportation,,EAD - Planning,,Service charges for the period 03.07.2024 - 02.10.2024,,,1,,CRINV0005724,,Specialist Computer Centres PLC,,,29/10/2024,,48.72
PLAN - Planning & Transportation,,EAD - Planning,,Service charges (click) for the period 03.07.2024 - 02.10.2024,,,2,,CRINV0005724,,Specialist Computer Centres PLC,,,29/10/2024,,121.57
PLAN - Planning & Transportation,,EAD - Planning,,Service charges (click) for the period 03.07.2024 - 02.10.2024,,,3,,CRINV0005724,,Specialist Computer Centres PLC,,,29/10/2024,,24.36
PLAN - Planning & Transportation,,EAD - Planning,,Service charges (click) for the period 03.07.2024 - 02.10.2024,,,4,,CRINV0005724,,Specialist Computer Centres PLC,,,29/10/2024,,24.36
PLAN - Planning & Transportation,,EAD - Planning,,Service charges for the period 03.07.2024 - 02.10.2024,,,5,,CRINV0005724,,Specialist Computer Centres PLC,,,29/10/2024,,12.18
PLAN - Planning & Transportation,,EAD - Planning,,Service charges for the period 03.07.2024 - 02.10.2024.,,,6,,CRINV0005724,,Specialist Computer Centres PLC,,,29/10/2024,,12.18
PLAN - Planning & Transportation,,EAD - Planning,,Service charges for the period 03.07.2024 - 02.10.2024.,,,7,,CRINV0005724,,Specialist Computer Centres PLC,,,29/10/2024,,24.36
PLAN - Planning & Transportation,,EAD - Planning,,Service charges for the period 03.07.2024 - 02.10.2024,,,8,,CRINV0005724,,Specialist Computer Centres PLC,,,29/10/2024,,97.44
PLAN - Planning & Transportation,,EAD - Planning,,Service charges for the period 03.07.2024 - 02.10.2024.,,,9,,CRINV0005724,,Specialist Computer Centres PLC,,,29/10/2024,,97.44
PLAN - Planning & Transportation,,EAC - Green Infrastructure,,Treatment of Japanese Knotweed,,,1,,CRINV0005759,,Lancashire Wildlife Trust,,,29/10/2024,,"3,000.00"
PLAN - Planning & Transportation,,EAC - Green Infrastructure,,Treatment of Japanese Knotweed,,,2,,CRINV0005759,,Lancashire Wildlife Trust,,,29/10/2024,,420.00
PLAN - Planning & Transportation,,EAC - Green Infrastructure,,Treatment of Japanese Knotweed,,,3,,CRINV0005759,,Lancashire Wildlife Trust,,,29/10/2024,,210.00
RESO - Resources,,AAG - Management Resources,,Wilsons Field Leisure Centre - Various Works,,,1,,CRINV0005784,,Alliance Leisure Services Limited,,,29/10/2024,,"12,283.20"
PLAN - Planning & Transportation,,EAD - Planning,,Agency staff - W/e 13.10.24 - S C,,,1,,CRINV0005786,,Macdonald & Company,,,29/10/2024,,684.69
PLAN - Planning & Transportation,,EAD - Planning,,Agency staff - W/e 13.10.24- S C,,,2,,CRINV0005786,,Macdonald & Company,,,29/10/2024,,684.71
ENVS - Environmental Services,,CAF - CVMU,,Callouts / Repairs,,,1,,CRINV0005870,,Rossendale Vulcanising (Sales Ltd),,,29/10/2024,,"5,352.00"
PLAN - Planning & Transportation,,EAD - Planning,,Agency staff - w/e 20.10.24,,,1,,CRINV0005876,,Macdonald & Company,,,29/10/2024,,846.65
PLAN - Planning & Transportation,,EAD - Planning,,Agency staff - w/e 20.10.24 ,,,2,,CRINV0005876,,Macdonald & Company,,,29/10/2024,,846.65
ENVS - Environmental Services,,CAD - Town Centre & Markets,,Part 1 of 2 - Christmas Tree Festival,,,1,,CRINV0005891,,Accrington Community Events,,,29/10/2024,,"1,500.00"
RESO - Resources,,AAB - Benefits & Customer Contact,,Professional Fees,,,1,,CRINV0005901,,Stephensons Solicitors LLP,,,29/10/2024,,720.00
RESO - Resources,,AAB - Benefits & Customer Contact,,Professional Fees,,,2,,CRINV0005901,,Stephensons Solicitors LLP,,,29/10/2024,,"1,832.00"
RESO - Resources,,AAB - Benefits & Customer Contact,,Professional Fees,,,1,,CRINV0005902,,Stephensons Solicitors LLP,,,29/10/2024,,720.00
RESO - Resources,,AAB - Benefits & Customer Contact,,Professional Fees,,,2,,CRINV0005902,,Stephensons Solicitors LLP,,,29/10/2024,,"1,832.00"
RESO - Resources,,AAB - Benefits & Customer Contact,,Professional Fees,,,1,,CRINV0005903,,Stephensons Solicitors LLP,,,29/10/2024,,720.00
RESO - Resources,,AAB - Benefits & Customer Contact,,Professional Fees,,,2,,CRINV0005903,,Stephensons Solicitors LLP,,,29/10/2024,,"1,832.00"
RESO - Resources,,AAB - Benefits & Customer Contact,,Professional Fees,,,1,,CRINV0005904,,Stephensons Solicitors LLP,,,29/10/2024,,"1,832.00"
RESO - Resources,,AAB - Benefits & Customer Contact,,Professional Fees,,,2,,CRINV0005904,,Stephensons Solicitors LLP,,,29/10/2024,,720.00
PLAN - Planning & Transportation,,EAA - Building Control,,Agency staff - w/e 18.10.24,,,1,,CRINV0005905,,Deekay Tech Recruitment Ltd,,,29/10/2024,,"1,574.62"
LEGL - Legal & Democratic,,DAB - Human Resources,,Marketing Tender Payment 2,,,1,,CRINV0005941,,Scott Dawson Advertising Ltd,,,29/10/2024,,"12,000.00"
LEGL - Legal & Democratic,,DAB - Human Resources,,Community project funding ,,,1,,CRINV0005957,,Scott Dawson Advertising Ltd,,,29/10/2024,,"7,200.00"
ENVS - Environmental Services,,CAC - Parks & Cemeteries,,3 X Safe use of pesticides ,,,1,,CRPOI0005446,,Myerscough College,,,29/10/2024,,255.00
ENVS - Environmental Services,,CAC - Parks & Cemeteries,,2 X Chainsaw course ,,,1,,CRPOI0005448,,Myerscough College,,,29/10/2024,,"1,700.00"
ENVS - Environmental Services,,CAC - Parks & Cemeteries,,To provide a Certificate of Test and Examination of Lifting equipment,,,1,,CRPOI0005520,,Procranes Ltd,,,29/10/2024,,556.80
RESO - Resources,,AAD - ICT,,Toner Cartridges,,,1,,CRPOI0005676,,Document Logic,,,29/10/2024,,362.38
ENVS - Environmental Services,,CAF - CVMU,,1 x Scarab Merlin Sweeper ,,,1,,CRPOI0005886,,Scarab Sweepers Limited,,,29/10/2024,,"199,861.12"
RESO - Resources,,AAF - Finance,,HRP - Report Writing Course,,,1,,CRPOI0005916,,Civica Uk Limited,,,29/10/2024,,"1,920.00"
ENVS - Environmental Services,,CAC - Parks & Cemeteries,,2 X NPTC training course in tractor and implements ,,,1,,CRPOI0005922,,Myerscough College,,,29/10/2024,,790.00
ENVS - Environmental Services,,CAF - CVMU,,MOT tests,,,1,,CRINV0005569,,Blackburn With Darwen Borough Council,,,31/10/2024,,273.00
ENVS - Environmental Services,,CAF - CVMU,,Mot test fees inc VAT,,,2,,CRINV0005569,,Blackburn With Darwen Borough Council,,,31/10/2024,,195.60
ENVS - Environmental Services,,CAB - Other Environmental Services,,Vehicle Hire,,,1,,CRINV0005632,,Stanley Brothers (Tippers) Ltd,,,31/10/2024,,648.00
ENVS - Environmental Services,,CAC - Parks & Cemeteries,,Soil ,,,1,,CRINV0005702,,Greenvale,,,31/10/2024,,528.00
LEGL - Legal & Democratic,,DAC - Legal,,Professional Fees,,,1,,CRINV0005760,,Lois Lane,,,31/10/2024,,"1,500.00"
REGN - Regeneration & Housing,,FAB - Facilities,,CVMU alarm,,,1,,CRINV0005791,,Full Circuit Fire & Security Ltd,,,31/10/2024,,588.60
REGN - Regeneration & Housing,,FAF - Strategic Housing,,Affordable Warmth Grant,,,1,,CRINV0005826,,Mccallott Windows,,,31/10/2024,,816.00
ENVS - Environmental Services,,CAF - CVMU,,Vehicle repairs,,,1,,CRINV0005842,,Monks Contractors Limited,,,31/10/2024,,"1,614.40"
ENVS - Environmental Services,,CAF - CVMU,,vehicle repairs,,,1,,CRINV0005843,,Monks Contractors Limited,,,31/10/2024,,659.64
ENVS - Environmental Services,,CAF - CVMU,,Vehicle repairs,,,1,,CRINV0005844,,Monks Contractors Limited,,,31/10/2024,,"1,124.03"
REGN - Regeneration & Housing,,FAF - Strategic Housing,,Affordable Warmth Grant,,,1,,CRINV0005855,,Rhea Projects,,,31/10/2024,,"5,040.00"
RESO - Resources,,AAB - Benefits & Customer Contact,,Agency staff - w/e 13.10.24 ,,,1,,CRINV0005865,,Eden Brown Limited,,,31/10/2024,,"1,212.12"
REGN - Regeneration & Housing,,FAF - Strategic Housing,,International Trade Support,,,1,,CRINV0005887,,East Lancashire Chamber of Commerce,,,31/10/2024,,"10,619.00"
ENVS - Environmental Services,,CAF - CVMU,,Labour,,,1,,CRINV0005907,,Rob Mercer,,,31/10/2024,,200.00
ENVS - Environmental Services,,CAF - CVMU,,Materials,,,2,,CRINV0005907,,Rob Mercer,,,31/10/2024,,451.61
REGN - Regeneration & Housing,,FAF - Strategic Housing,,Emergency Works Grant ,,,1,,CRINV0005908,,Thomas Roofs,,,31/10/2024,,"3,137.50"
ENVS - Environmental Services,,CAA - Environmental Maintenance,,Charges - 26.09.24 - 25.10.24,,,1,,CRINV0005938,,Water Plus - 4083296151 Market Hall,,,31/10/2024,,742.84
ENVS - Environmental Services,,CAA - Environmental Maintenance,,Late Payment Fee,,,2,,CRINV0005938,,Water Plus - 4083296151 Market Hall,,,31/10/2024,,40.00
ENVS - Environmental Services,,CAA - Environmental Maintenance,,Provision of Legal Services,,,1,,CRINV0005949,,Womble Bond Dickinson (Uk) LLP,,,31/10/2024,,910.32
ENVS - Environmental Services,,CAA - Environmental Maintenance,,Provision of Legal Services,,,1,,CRINV0005950,,Womble Bond Dickinson (Uk) LLP,,,31/10/2024,,875.28
ENVS - Environmental Services,,CAA - Environmental Maintenance,,Property Consulting Fees,,,1,,CRINV0005968,,CBRE Ltd,,,31/10/2024,,"12,750.00"
ENVS - Environmental Services,,CAA - Environmental Maintenance,,PM Support,,,1,,CRINV0005981,,Perfect Circle JV Ltd,,,31/10/2024,,"3,870.41"
ENVS - Environmental Services,,CAA - Environmental Maintenance,,Accrington Town Centre Masterplan Framework,,,1,,CRINV0005982,,Perfect Circle JV Ltd,,,31/10/2024,,"17,074.63"
REGN - Regeneration & Housing,,FAB - Facilities,,Relocation of main entrance barrier beam,,,1,,CRPOI0005576,,Full Circuit Fire & Security Ltd,,,31/10/2024,,626.18
,,,,,,,,,,,,,,,,
