,,,,,,,,,,,,
Service Cost Centre,Account Detail,Description,HBC ref no,Name,Payment Date,Net Amount (£),,,,,,
P & C G,CENTRAL ADMIN,ADVERT,P-CARD - MAY 23,GUARDIAN NEWS,14 Apr 2023,975.00,,,,,,
ENVIRONMENTAL HEALTH,PARKS,TRAIN TICKET,P-CARD - MAY 23,TRAIN LINE,18 Apr 2023,330.83,,,,,,
ENVIRONMENTAL HEALTH,PARKS,ACCOMMODATION,P-CARD - MAY 23,HOTELS.COM,18 Apr 2023,333.16,,,,,,
P & C G,CENTRAL ADMIN,ACCOMMODATION,P-CARD - MAY 23,PREMIER INN,18 Apr 2023,285.00,,,,,,
HOUSING BENEFIT ADMIN,ALLPAY,APRIL,36538,ALLPAY.NET.LTD,25 Apr 2023,1218.03,,,,,,
P & C G,IT,APPLE MAC BOOK,P-CARD - MAY 23,COSTCO,28 Apr 2023,833.32,,,,,,
Local Elections,Hire Of Polling Stations,HBC23 POLLING STATION NOTICES,B000023991/7735,Shaw & Sons Ltd,4 May 2023,231.20,,,,,,
Tipping Charges,Hired Vehicle,EMPTY WASTE BAYS W/L,B000023995/9294,Stanley Brothers (Tippers) Ltd,4 May 2023,540.00,,,,,,
Lowerfold Park Play Area Refur,Contractor Other,BRIDGE REPLACEMENT FOR TIMBER MULTI-UNIT ,B000024000/42354,The Childrens Playground Co Ltd,4 May 2023,959.16,,,,,,
Lowerfold Park Play Area Refur,Contractor Other,BRIDGE REPLACEMENT FOR TIMBER MULTI-UNIT ,B000024000/42354,The Childrens Playground Co Ltd,4 May 2023,245.00,,,,,,
Parks & Open Spaces,Materials-Direct,NEW DECK,B000024002/442,Balmers Garden Machinery,4 May 2023,465.71,,,,,,
Cvmu,Materials-Direct,STEER LINK ARM,B000024004/1758,Gunn Jcb Ltd,4 May 2023,244.66,,,,,,
Cvmu,Materials-Direct,ROTARY BOARD,B000024004/7688,Aebi Schmidt Uk Ltd,4 May 2023,485.78,,,,,,
Allotments,Stationery,PAPER,B000024005/55485,Canon (Uk) Ltd,4 May 2023,20.50,,,,,,
Building Control B.U.,Stationery,PAPER,B000024005/55485,Canon (Uk) Ltd,4 May 2023,61.50,,,,,,
Consultancy-Engineering Div,Stationery,PAPER,B000024005/55485,Canon (Uk) Ltd,4 May 2023,41.00,,,,,,
Development Control B.U.,Stationery,PAPER,B000024005/55485,Canon (Uk) Ltd,4 May 2023,123.00,,,,,,
Environmental Initiatives B.U.,Stationery,PAPER,B000024005/55485,Canon (Uk) Ltd,4 May 2023,20.50,,,,,,
Facilities Team,Stationery,PAPER,B000024005/55485,Canon (Uk) Ltd,4 May 2023,102.50,,,,,,
Housing Advice,Stationery,PAPER,B000024005/55485,Canon (Uk) Ltd,4 May 2023,20.50,,,,,,
Management Business Unit,Stationery,PAPER,B000024005/55485,Canon (Uk) Ltd,4 May 2023,41.00,,,,,,
Planning Policy B.U.,Stationery,PAPER,B000024005/55485,Canon (Uk) Ltd,4 May 2023,82.00,,,,,,
Corporate Property,Gas,HIPPINGS VALE GAS - 01.03.23 - 31.03.23,B000024022/35310,Sse,4 May 2023,"1,408.17",,,,,,
Customer Services,Training Expenses,CIPFA BENEFITS & REVENUES SERVICE - 01.04.23 - 31.03.24,B000024022/44171,Cipfa Busines Limited,4 May 2023,238.00,,,,,,
Housing Benefit Administration,Training Expenses,CIPFA BENEFITS & REVENUES SERVICE - 01.04.23 - 31.03.24,B000024022/44171,Cipfa Busines Limited,4 May 2023,476.00,,,,,,
Local Taxation,Training Expenses,CIPFA BENEFITS & REVENUES SERVICE - 01.04.23 - 31.03.24,B000024022/44171,Cipfa Busines Limited,4 May 2023,476.00,,,,,,
Environmental Protection,Agency Staff,TEMP STAFF - W/C 20.03.23 ,B000024022/58023,Buckingham Futures Ltd,4 May 2023,"1,812.80",,,,,,
Building Control B.U.,Photocopying,DPSCOPY / LICDEL,B000024022/60165,Specialist Computer Centres Plc,4 May 2023,82.16,,,,,,
Consultancy-Engineering Div,Photocopying,DPSCOPY / LICDEL,B000024022/60165,Specialist Computer Centres Plc,4 May 2023,54.72,,,,,,
Development,Photocopying,DPSCOPY / LICDEL,B000024022/60165,Specialist Computer Centres Plc,4 May 2023,218.88,,,,,,
Development Control B.U.,Photocopying,DPSCOPY / LICDEL,B000024022/60165,Specialist Computer Centres Plc,4 May 2023,273.60,,,,,,
Environmental Initiatives B.U.,Photocopying,DPSCOPY / LICDEL,B000024022/60165,Specialist Computer Centres Plc,4 May 2023,54.72,,,,,,
Housing Advice,Photocopying,DPSCOPY / LICDEL,B000024022/60165,Specialist Computer Centres Plc,4 May 2023,136.80,,,,,,
Management Business Unit,Photocopying,DPSCOPY / LICDEL,B000024022/60165,Specialist Computer Centres Plc,4 May 2023,27.36,,,,,,
Planning Policy B.U.,Photocopying,DPSCOPY / LICDEL,B000024022/60165,Specialist Computer Centres Plc,4 May 2023,54.72,,,,,,
Building Control B.U.,Mgnt Fees - Salary Sacrifice,AVC COMMISSION - APRIL 2023,B000024022/61891,Avc Wise Ltd,4 May 2023,5.23,,,,,,
Bulky Waste Collection,Mgnt Fees - Salary Sacrifice,AVC COMMISSION - APRIL 2023,B000024022/61891,Avc Wise Ltd,4 May 2023,8.96,,,,,,
Computer Services,Mgnt Fees - Salary Sacrifice,AVC COMMISSION - APRIL 2023,B000024022/61891,Avc Wise Ltd,4 May 2023,20.21,,,,,,
Consultancy-Engineering Div,Mgnt Fees - Salary Sacrifice,AVC COMMISSION - APRIL 2023,B000024022/61891,Avc Wise Ltd,4 May 2023,14.43,,,,,,
Customer Services,Mgnt Fees - Salary Sacrifice,AVC COMMISSION - APRIL 2023,B000024022/61891,Avc Wise Ltd,4 May 2023,8.95,,,,,,
Development,Mgnt Fees - Salary Sacrifice,AVC COMMISSION - APRIL 2023,B000024022/61891,Avc Wise Ltd,4 May 2023,33.67,,,,,,
Development Control B.U.,Mgnt Fees - Salary Sacrifice,AVC COMMISSION - APRIL 2023,B000024022/61891,Avc Wise Ltd,4 May 2023,14.79,,,,,,
Environmental Initiatives B.U.,Mgnt Fees - Salary Sacrifice,AVC COMMISSION - APRIL 2023,B000024022/61891,Avc Wise Ltd,4 May 2023,15.15,,,,,,
Environmental Protection,Mgnt Fees - Salary Sacrifice,AVC COMMISSION - APRIL 2023,B000024022/61891,Avc Wise Ltd,4 May 2023,3.10,,,,,,
Health Food & Safety,Mgnt Fees - Salary Sacrifice,AVC COMMISSION - APRIL 2023,B000024022/61891,Avc Wise Ltd,4 May 2023,11.15,,,,,,
Health Protection Practitioner,Mgnt Fees - Salary Sacrifice,AVC COMMISSION - APRIL 2023,B000024022/61891,Avc Wise Ltd,4 May 2023,17.91,,,,,,
Housing Benefit Administration,Mgnt Fees - Salary Sacrifice,AVC COMMISSION - APRIL 2023,B000024022/61891,Avc Wise Ltd,4 May 2023,4.41,,,,,,
Human Resources,Mgnt Fees - Salary Sacrifice,AVC COMMISSION - APRIL 2023,B000024022/61891,Avc Wise Ltd,4 May 2023,13.36,,,,,,
Hyndburn Cemeteries,Mgnt Fees - Salary Sacrifice,AVC COMMISSION - APRIL 2023,B000024022/61891,Avc Wise Ltd,4 May 2023,26.96,,,,,,
Internal Audit,Mgnt Fees - Salary Sacrifice,AVC COMMISSION - APRIL 2023,B000024022/61891,Avc Wise Ltd,4 May 2023,8.96,,,,,,
Legal Services,Mgnt Fees - Salary Sacrifice,AVC COMMISSION - APRIL 2023,B000024022/61891,Avc Wise Ltd,4 May 2023,14.58,,,,,,
Licensing,Mgnt Fees - Salary Sacrifice,AVC COMMISSION - APRIL 2023,B000024022/61891,Avc Wise Ltd,4 May 2023,22.42,,,,,,
Local Taxation,Mgnt Fees - Salary Sacrifice,AVC COMMISSION - APRIL 2023,B000024022/61891,Avc Wise Ltd,4 May 2023,3.33,,,,,,
Member Services,Mgnt Fees - Salary Sacrifice,AVC COMMISSION - APRIL 2023,B000024022/61891,Avc Wise Ltd,4 May 2023,11.21,,,,,,
Parks & Open Spaces,Mgnt Fees - Salary Sacrifice,AVC COMMISSION - APRIL 2023,B000024022/61891,Avc Wise Ltd,4 May 2023,3.33,,,,,,
Planning Policy B.U.,Mgnt Fees - Salary Sacrifice,AVC COMMISSION - APRIL 2023,B000024022/61891,Avc Wise Ltd,4 May 2023,2.21,,,,,,
Proposed Selec Licensing 2017,Mgnt Fees - Salary Sacrifice,AVC COMMISSION - APRIL 2023,B000024022/61891,Avc Wise Ltd,4 May 2023,11.20,,,,,,
Waste Services,Mgnt Fees - Salary Sacrifice,AVC COMMISSION - APRIL 2023,B000024022/61891,Avc Wise Ltd,4 May 2023,36.00,,,,,,
Markets - Operations,General Subscriptions,NABMA SUBSCRIPTION 23/24,B000024023/8811,Nabma,4 May 2023,768.00,,,,,,
Disabled Facilities General,Contractor Other,DISABLED FACILITIES GRANT,B000024025/50640,Prism Medical Uk,4 May 2023,"5,829.00",,,,,,
Corporate Property,Asset Maint R&M,PEEL STREET TOILETS - NEW LOCK ON SHUTTER,B000024025/54975,Roller Shutter Services Ltd,4 May 2023,260.00,,,,,,
Markets - Operations,Asset Maint R&M,MARKET HALL NEW CENTRE LOCK AND LOCKING BAR,B000024025/54975,Roller Shutter Services Ltd,4 May 2023,380.00,,,,,,
Parks & Open Spaces,Asset Maint R&M,LOWERFOLD PARK COMMUNITY BUILDING - FIT NEW DEFIB CABINET,B000024025/57949,Steven Mercer Electrical Contractors Limited,4 May 2023,319.72,,,,,,
Homes For Ukraine-Thankyou Pay,Misc Expenses Other,REFUGEE WEEK EVENT,B000024025/61031,New Freedom,4 May 2023,250.00,,,,,,
Homes For Ukraine-Thankyou Pay,Misc Expenses Other,REFUGEE WEEK EVENT,B000024025/65011,Brands Inside Out Limited,4 May 2023,393.75,,,,,,
Disabled Facilities General,Contractor Other,DISABLED FACILITIES GRANT,B000024027/25868,Hyndburn Plumbing & Heating Services,4 May 2023,"11,520.00",,,,,,
Land At Nook Lane,Environmental Works,"BURY MEADOWS, STANHILL ",B000024027/62398,Westfield Tree Services,4 May 2023,"2,805.00",,,,,,
Climate Emergency Fund,Advertising,JOB ADVERT,B000024027/68467,Green Jobs Ltd,4 May 2023,398.00,,,,,,
Disabled Facilities General,Contractor Other,DISABLED FACILITIES GRANT,B000024027/7874,Stannah Lift Services Limited,4 May 2023,"6,757.00",,,,,,
Disabled Facilities General,Contractor Other,DISABLED FACILITIES GRANT,B000024027/7874,Stannah Lift Services Limited,4 May 2023,"2,823.00",,,,,,
Cvmu,Advertising,ADVERT,B000023996/60625,Reach Publishing Services Ltd,11 May 2023,665.00,,,,,,
Housing Advice,Agency Staff,TEMP STAFF - P/E 16.04.23,B000023996/61860,Vivid Resourcing,11 May 2023,"1,064.88",,,,,,
Willows Lane Depot,Depot Costs,ANNUAL HARDWARE SUPPORT RENEWAL,B000024000/8288,Triscan Systems Limited,11 May 2023,725.00,,,,,,
Enforcement,Abandoned Vehicle Removal,REMOVAL OF CARAVAN,B000024002/66006,Alliance Automotive Uk Lv T/A Jpn Autoparts,11 May 2023,215.00,,,,,,
Cvmu,Materials-Direct,DOOR LATCH,B000024004/1164,Dennis Eagle Limited,11 May 2023,368.08,,,,,,
Cvmu,Materials-Direct,STEAM CLEAN X 2,B000024004/58642,Keep Em Clean,11 May 2023,262.50,,,,,,
Cvmu,Materials-Direct,BRAKE PARTS,B000024004/7688,Aebi Schmidt Uk Ltd,11 May 2023,310.70,,,,,,
Accountancy,Agency Staff,AGENCY COSTS  W/C 10/04/23,B000024005/58852,Oyster Partnership,11 May 2023,"3,300.00",,,,,,
Hmo,Agency Staff,TEMP STAFF W/C 03/04/23,B000024005/58852,Oyster Partnership,11 May 2023,819.00,,,,,,
Housing Standards,Agency Staff,TEMP STAFFW/C 10/04/23,B000024005/58852,Oyster Partnership,11 May 2023,"1,105.65",,,,,,
Housing Standards,Agency Staff,TEMP STAFF W/C 10/04/23,B000024005/58852,Oyster Partnership,11 May 2023,"1,443.00",,,,,,
Corporate Property Bus Unit,Agency Staff,TEMP STAFF W/C 3RD APRIL & 10TH APR,B000024005/61657,G2 Recruitment Solutions,11 May 2023,"3,213.00",,,,,,
Housing Standards,Agency Staff,TEMP STAFF W/E 16-04-23 ,B000024005/61657,G2 Recruitment Solutions,11 May 2023,"1,552.93",,,,,,
Accountancy,Agency Staff,TEMP STAFF  W/E 16/04/23,B000024005/61860,Vivid Resourcing,11 May 2023,"2,950.00",,,,,,
Underspends,Consultants Fees,NLHF SUPPORT- APRIL- BID WRITING SUPPORT,B000024005/65816,Bradshaw Advisary Ltd,11 May 2023,"8,300.00",,,,,,
Burton Chambers  - Luf,Consultants Fees,VALUATION FEES,B000024005/66574,Cbre Ltd,11 May 2023,"1,750.00",,,,,,
Market Chambers - Luf,Consultants Fees,VALUATION FEES,B000024005/66574,Cbre Ltd,11 May 2023,"1,750.00",,,,,,
Market Chambers - Luf,Consultants Fees,PROGRAMME DIRECTOR JAN-FEB 23,B000024005/68462,Rider Levett Bucknall Uk Ltd,11 May 2023,"11,000.00",,,,,,
Accountancy,General Subscriptions,3 YR SUBS CASH FLOW STATEMENT MODEL,B000024006/44171,Cipfa Busines Limited,11 May 2023,"1,500.00",,,,,,
Health Food & Safety,Agency Staff,AGENCY STAFF,B000024006/58852,Oyster Partnership,11 May 2023,403.00,,,,,,
Environmental Protection,Agency Staff,TEMP STAFF P/E 16/04/23,B000024007/61860,Vivid Resourcing,11 May 2023,"1,581.13",,,,,,
Environmental Protection,Agency Staff,TEMP STAFF P/C 09/04/23 AND 16/04/23,B000024007/61860,Vivid Resourcing,11 May 2023,"1,307.41",,,,,,
Green Infrastructure,General Grounds Maintenance,INSTALLATION OF WOODEN POSTS,B000024010/28458,Marchbridge Builders Ltd,11 May 2023,421.78,,,,,,
Public Transport,Maintenance,GLOUCESTER AVENUE BUS SHELTER - SURFACING WORKS,B000024010/28458,Marchbridge Builders Ltd,11 May 2023,"1,093.18",,,,,,
Development Control B.U.,Agency Staff,TEMP STAFF - W/C 10.04.23,B000024010/58852,Oyster Partnership,11 May 2023,463.20,,,,,,
Planning Policy B.U.,Agency Staff,TEMP STAFF - W/C 10.04.23 ,B000024010/58852,Oyster Partnership,11 May 2023,956.75,,,,,,
Hyndburn Cemeteries,Materials-Direct,WEED KILLER REFILLS,B000024011/18339,Nomix Enviro Limited,11 May 2023,347.32,,,,,,
Cvmu,Materials-Direct,AIRBAGS,B000024016/1164,Dennis Eagle Limited,11 May 2023,636.68,,,,,,
Cvmu,Materials-Direct,POWER STEERING HOSES,B000024016/36492,Chorley Nissan,11 May 2023,993.10,,,,,,
Cvmu,Materials-Direct,JBC BUCKET BLADES X 6,B000024016/64278,Welding P H Services,11 May 2023,"5,400.00",,,,,,
Cvmu,Materials-Direct,AIRBAGS,B000024016/66006,Alliance Automotive Uk Lv T/A Jpn Autoparts,11 May 2023,354.76,,,,,,
Cvmu,Materials-Direct,BRAKE PADS AND CALIPERS,B000024016/66006,Alliance Automotive Uk Lv T/A Jpn Autoparts,11 May 2023,250.00,,,,,,
Dev Control,Dev Control System,PROJ MANAGEMENT / TECHNICAL / DOC MAN CONSULTANCY ,B000024020/65823,Nec Software Solutions Uk Ltd,11 May 2023,"6,300.00",,,,,,
Housing Advice,Temporary Accommodation,ACCOMMODATION -- 05.04.23 - 13.04.23,B000024030/28199,Hill View (Private) Hotel,11 May 2023,520.00,,,,,,
Dfg Affordable Warmth Grant,Contractor Other,AFFORDABLE WARMTH GRANT,B000024030/68489,Gul Plumbing & Heating,11 May 2023,"1,860.00",,,,,,
Housing Benefit Administration,Agency Staff,TEMP STAFF WE 23.04.23,B000024033/33923,Eden Brown Limited,11 May 2023,"1,010.10",,,,,,
Housing Benefit Administration,Agency Staff,TEMP STAFF WE 30.04.23,B000024033/33923,Eden Brown Limited,11 May 2023,"1,010.10",,,,,,
Corp & Dem Core,General Subscriptions,ANNUAL CONTRIBUTION,B000024033/54412,Canal & River Trust,11 May 2023,"10,000.00",,,,,,
Human Resources,Training Expenses,SUMMER SCHOOL ,B000024033/60667,Association Of Town Centre Management,11 May 2023,330.00,,,,,,
Disabled Facilities General,Contractor Other,DISABLED FACILITIES GRANT,B000024033/68490,Rebuild 4 Life Ltd,11 May 2023,440.00,,,,,,
Human Resources,Training Expenses,RIDE ON LAWN MOWER TRAINING X 4 STAFF,B000024033/68497,H & W Forestry Services,11 May 2023,900.00,,,,,,
Housing Advice,Temporary Accommodation,ACCOMMODATION  03.04.23  - 25.04.23,B000024034/28199,Hill View (Private) Hotel,11 May 2023,"1,430.00",,,,,,
Development Control B.U.,Agency Staff,TEMP STAFF WE 30.04.23,B000024034/67448,Macdonald & Company,11 May 2023,"1,366.67",,,,,,
Planning Policy B.U.,Agency Staff,TEMP STAFF WE 30.04.23,B000024034/67448,Macdonald & Company,11 May 2023,"1,365.00",,,,,,
Cvmu,Equipmnt Repair & Maint,REPAIRS TO LIFTERS,B000024036/58111,Mrb Workshop Services,11 May 2023,"3,465.00",,,,,,
Accrington Town Centre,Event Expenditure,CORONATION EVENT ADVERTS IN #AA MAGAZINE,B000024038/17546,Scott Dawson Advertising Ltd,11 May 2023,"3,100.00",,,,,,
Accrington Town Centre,Event Expenditure,IMAGES FOR TOWN HALL FOR CORONATION,B000024038/17546,Scott Dawson Advertising Ltd,11 May 2023,990.00,,,,,,
Hyndburn Cemeteries,Agency Staff,SEASONAL STAFF W/C 17.04.23,B000024038/19414,Proman Supply Chain Ltd,11 May 2023,569.11,,,,,,
Parks & Open Spaces,Grass Cutting Contract,TREE WORKS,B000024038/57700,Master Ground Services,11 May 2023,"5,000.00",,,,,,
Parks & Open Spaces,Vehicle Tracker / Fuel/ Cctv,TRACKER COSTS,B000024038/65244,Inseego,11 May 2023,240.00,,,,,,
Cemetery Welfare & Depot Fac,Contractor Other,GAS METER BOX ACC CEM,B000024038/65915,Briar Consulting Engineers Ltd,11 May 2023,536.21,,,,,,
Parks & Open Spaces,Water Charges,WATER CHARGES RHYDDINGS PARK - 28.02.23/31.03.23,B000024038/67118,Ses Business Water,11 May 2023,786.76,,,,,,
Acc Town Hall,Electricity,ACC TOWN HALL - 1.4.23 TO 30.4.23,B000024039/59343,Edf Energy,11 May 2023,"3,625.69",,,,,,
Leisure In Hyndburn,Electricity,MERCER HALL - 1.4.23 TO 30.4.23,B000024039/59343,Edf Energy,11 May 2023,"3,645.36",,,,,,
Markets - Operations,Electricity,MARKET HALL - 1.4.23 TO 30.4.23,B000024039/59343,Edf Energy,11 May 2023,"7,148.08",,,,,,
Parks & Open Spaces,Electricity,COMMUNITY HUB - 1.4.23 TO 30.4.23,B000024039/59343,Edf Energy,11 May 2023,990.13,,,,,,
Scaitcliffe House,Electricity,SCAITCLIFFE - 1.4.23 TO 30.4.23,B000024039/59343,Edf Energy,11 May 2023,"7,834.34",,,,,,
Parks & Open Spaces,Electricity,KING G V PAV ELECTRIC 02.02.23 - 01.03.23,B000024041/35310,Sse,11 May 2023,697.72,,,,,,
Accrington Crematorium,Security System Maintenance,KEY PLUS SECURITY CALLOUTS ,B000024041/44845,Keyplus Security Ltd,11 May 2023,65.78,,,,,,
Corporate Property,Security System Maintenance,KEY PLUS SECURITY CALLOUTS ,B000024041/44845,Keyplus Security Ltd,11 May 2023,23.00,,,,,,
Corporate Property,Security System Maintenance,KEY PLUS SECURITY CALLOUTS ,B000024041/44845,Keyplus Security Ltd,11 May 2023,23.00,,,,,,
Corporate Property,Security System Maintenance,KEY PLUS SECURITY CALLOUTS,B000024041/44845,Keyplus Security Ltd,11 May 2023,23.00,,,,,,
Hyndburn Cemeteries,Security System Maintenance,KEY PLUS SECURITY CALLOUTS ,B000024041/44845,Keyplus Security Ltd,11 May 2023,328.90,,,,,,
Library St Depot,Security System Maintenance,KEY PLUS SECURITY CALLOUTS,B000024041/44845,Keyplus Security Ltd,11 May 2023,460.46,,,,,,
Parks & Open Spaces,Security System Maintenance,KEY PLUS SECURITY CALLOUTS ,B000024041/44845,Keyplus Security Ltd,11 May 2023,65.78,,,,,,
Parks & Open Spaces,Security System Maintenance,KEY PLUS SECURITY CALLOUTS ,B000024041/44845,Keyplus Security Ltd,11 May 2023,63.25,,,,,,
Parks & Open Spaces,Security System Maintenance,KEY PLUS SECURITY CALLOUTS ,B000024041/44845,Keyplus Security Ltd,11 May 2023,126.50,,,,,,
Ranger St Compound & Depot,Security System Maintenance,KEY PLUS SECURITY CALLOUTS ,B000024041/44845,Keyplus Security Ltd,11 May 2023,131.56,,,,,,
Willows Lane Depot,Security System Maintenance,KEY PLUS SECURITY CALLOUTS ,B000024041/44845,Keyplus Security Ltd,11 May 2023,197.34,,,,,,
Markets - Operations,Asset Maint R&M,ACC MARKET HALL LIGHT   ,B000024041/57949,Steven Mercer Electrical Contractors Limited,11 May 2023,289.94,,,,,,
Markets - Operations,Asset Maint R&M,ACC MARKET HALL LIGHTS IN MIDDLE CORRIDOR,B000024041/57949,Steven Mercer Electrical Contractors Limited,11 May 2023,253.69,,,,,,
Library St Depot,Electricity,ELECTRIC CVMU 01.04.23 - 30.04.23,B000024041/59343,Edf Energy,11 May 2023,"3,690.84",,,,,,
Local Elections,Hire Of Polling Stations,HIRE OF MOBILE UNITS,B000024041/7247,Portakabin Ltd,11 May 2023,"15,993.00",,,,,,
Hyndburn Cemeteries,Agency Staff,AGENCY STAFF  W/C 03.04.23,B000024043/19414,Proman Supply Chain Ltd,11 May 2023,969.67,,,,,,
Hyndburn Cemeteries,Agency Staff,AGENCY STAFF W/C 10.04.23,B000024043/19414,Proman Supply Chain Ltd,11 May 2023,922.45,,,,,,
Hyndburn Cemeteries,Agency Staff,AGENCY STAFF W/C 20.03.23,B000024043/19414,Proman Supply Chain Ltd,11 May 2023,745.60,,,,,,
Parks & Open Spaces,Agency Staff,AGENCY STAFF  W/C 03.04.23,B000024043/19414,Proman Supply Chain Ltd,11 May 2023,"1,434.29",,,,,,
Parks & Open Spaces,Agency Staff,AGENCY STAFF  W/C 10.04.23,B000024043/19414,Proman Supply Chain Ltd,11 May 2023,"1,326.91",,,,,,
Parks & Open Spaces,Agency Staff,AGENCY STAFF  W/C 20.03.23,B000024043/19414,Proman Supply Chain Ltd,11 May 2023,"2,547.24",,,,,,
Parks & Open Spaces,Agency Staff,AGENCY STAFF W/C 27.03.23,B000024043/19414,Proman Supply Chain Ltd,11 May 2023,"3,307.15",,,,,,
Willows Lane Depot,Water Charges,WATER CHARGES TOWNS YARD 25.02.23-24.03.23,B000024043/8325,Water Plus Ltd,11 May 2023,503.35,,,,,,
Environmental Protection,Agency Staff,TEMP STAFF  PE 26.03.23,B000024044/61860,Vivid Resourcing,11 May 2023,"1,825.25",,,,,,
Scaitcliffe House,Water Charges,WATER SCAITCLIFFE APR 23,B000024044/8325,Water Plus Ltd,11 May 2023,476.17,,,,,,
Cemetery Welfare & Depot Fac,Contractor Other,STAGE 2 SITE STAGE SERVICES,B000024045/52714,The Intelligent Design Centre Ltd,11 May 2023,"1,250.00",,,,,,
Cemetery Welfare & Depot Fac,Contractor Other,STAGE 1 SITE STAGE SERVICES,B000024045/52714,The Intelligent Design Centre Ltd,11 May 2023,500.00,,,,,,
Parks & Open Spaces,Green Flag Award,THIRD PARTY CONTRIBUTION MEMORIAL PARK L.E.F,B000024045/60889,Lancashire Environmental Fund,11 May 2023,"3,300.00",,,,,,
Disabled Facilities General,Contractor Other,DISABLED FACILITIES GRANT,B000024046/59806,Greenwood Plumbers,11 May 2023,"4,050.00",,,,,,
Mayoralty,Misc Expenses Other,MAYORAL CHARITY FUND,B000024048/39175,East Lancashire Hospice,11 May 2023,"3,500.00",,,,,,
Computer Services,Telephones,CHARGES - 1.4.23 TO 30.4.23,B000024048/46800,Cloudcoco Limited,11 May 2023,"1,201.05",,,,,,
Mayoralty,Misc Expenses Other,MAYORAL CHARITY FUND,B000024048/52157,Northwest Air Ambulance Charity,11 May 2023,"3,500.00",,,,,,
Accountancy,New Equipment,19.4.23 TO 18.5.23 ,B000024048/55296,Ee Limited,11 May 2023,13.78,,,,,,
Accrington Town Centre,Mobiles,19.4.23 TO 18.5.23 ,B000024048/55296,Ee Limited,11 May 2023,27.56,,,,,,
Allotments,General Repair & Maint Bldgs,19.4.23 TO 18.5.23 ,B000024048/55296,Ee Limited,11 May 2023,17.84,,,,,,
Computer Services,Mobiles,19.4.23 TO 18.5.23,B000024048/55296,Ee Limited,11 May 2023,210.26,,,,,,
Concessionary Fares,Mobiles,19.4.23 TO 18.5.23 ,B000024048/55296,Ee Limited,11 May 2023,41.34,,,,,,
Corp & Dem Core,Marketing Communications,19.4.23 TO 18.5.23 ,B000024048/55296,Ee Limited,11 May 2023,10.00,,,,,,
Corporate Property Bus Unit,Mobiles,19.4.23 TO 18.5.23 ,B000024048/55296,Ee Limited,11 May 2023,27.56,,,,,,
Covid 19,Mobiles,19.4.23 TO 18.5.23 ,B000024048/55296,Ee Limited,11 May 2023,55.72,,,,,,
Coviid 19,Telephones,19.4.23 TO 18.5.23,B000024048/55296,Ee Limited,11 May 2023,41.34,,,,,,
Cvmu,Mobiles,19.4.23 TO 18.5.23,B000024048/55296,Ee Limited,11 May 2023,20.00,,,,,,
Development,Mobiles,19.4.23 TO 18.5.23 ,B000024048/55296,Ee Limited,11 May 2023,68.90,,,,,,
Development Control B.U.,Mobiles,19.4.23 TO 18.5.23 ,B000024048/55296,Ee Limited,11 May 2023,133.37,,,,,,
Dog Warden,Mobiles,19.4.23 TO 18.5.23 ,B000024048/55296,Ee Limited,11 May 2023,13.78,,,,,,
Enforcement,Mobiles,19.4.23 TO 18.5.23,B000024048/55296,Ee Limited,11 May 2023,50.26,,,,,,
Environmental Protection,Mobiles,19.4.23 TO 18.5.23,B000024048/55296,Ee Limited,11 May 2023,81.98,,,,,,
Facilities Team,Mobiles,19.4.23 TO 18.5.23,B000024048/55296,Ee Limited,11 May 2023,56.00,,,,,,
Facilities Team,New Equipment,19.4.23 TO 18.5.23 ,B000024048/55296,Ee Limited,11 May 2023,20.00,,,,,,
Graphics & Communications,Mobiles,19.4.23 TO 18.5.23,B000024048/55296,Ee Limited,11 May 2023,13.78,,,,,,
Head Of Legal & Democratic Ser,Mobiles,19.4.23 TO 18.5.23 ,B000024048/55296,Ee Limited,11 May 2023,23.78,,,,,,
Health Food & Safety,Civica Mobile Working,19.4.23 TO 18.5.23 ,B000024048/55296,Ee Limited,11 May 2023,40.00,,,,,,
Health Food & Safety,Mobiles,19.4.23 TO 18.5.23 ,B000024048/55296,Ee Limited,11 May 2023,114.30,,,,,,
Health Officers,Mobiles,19.4.23 TO 18.5.23 ,B000024048/55296,Ee Limited,11 May 2023,22.70,,,,,,
Hmo,Mobiles,19.4.23 TO 18.5.23 ,B000024048/55296,Ee Limited,11 May 2023,27.56,,,,,,
Housing Advice,Mobiles,19.4.23 TO 18.5.23 ,B000024048/55296,Ee Limited,11 May 2023,68.90,,,,,,
Housing Benefit Administration,Bpr/Contact Centre,19.4.23 TO 18.5.23 ,B000024048/55296,Ee Limited,11 May 2023,20.00,,,,,,
Housing Standards,Mobiles,19.4.23 TO 18.5.23 ,B000024048/55296,Ee Limited,11 May 2023,36.91,,,,,,
Human Resources,Mobiles,19.4.23 TO 18.5.23 ,B000024048/55296,Ee Limited,11 May 2023,67.30,,,,,,
Human Resources,New Equipment,19.4.23 TO 18.5.23 ,B000024048/55296,Ee Limited,11 May 2023,10.00,,,,,,
Internal Audit,Office Consumables,19.4.23 TO 18.5.23 ,B000024048/55296,Ee Limited,11 May 2023,26.76,,,,,,
Legal Services,Mobiles,19.4.23 TO 18.5.23 ,B000024048/55296,Ee Limited,11 May 2023,26.76,,,,,,
Licensing,Mobiles,19.4.23 TO 18.5.23 ,B000024048/55296,Ee Limited,11 May 2023,27.56,,,,,,
Licensing,New Equipment,19.4.23 TO 18.5.23,B000024048/55296,Ee Limited,11 May 2023,10.00,,,,,,
Licensing,Office Consumables,19.4.23 TO 18.5.23 ,B000024048/55296,Ee Limited,11 May 2023,27.56,,,,,,
Local Taxation,Bpr/Contact Centre,19.4.23 TO 18.5.23,B000024048/55296,Ee Limited,11 May 2023,8.92,,,,,,
Management Business Unit,Mobiles,19.4.23 TO 18.5.23 ,B000024048/55296,Ee Limited,11 May 2023,23.78,,,,,,
Managing Director,Mobiles,19.4.23 TO 18.5.23 ,B000024048/55296,Ee Limited,11 May 2023,74.20,,,,,,
Markets - Staffing,Mobiles,19.4.23 TO 18.5.23 ,B000024048/55296,Ee Limited,11 May 2023,13.78,,,,,,
Member Services,Mobiles,19.4.23 TO 18.5.23 ,B000024048/55296,Ee Limited,11 May 2023,8.92,,,,,,
Member Services,Office Consumables,19.4.23 TO 18.5.23 ,B000024048/55296,Ee Limited,11 May 2023,10.00,,,,,,
Members Expenses,Mobiles,19.4.23 TO 18.5.23 ,B000024048/55296,Ee Limited,11 May 2023,13.78,,,,,,
Parks & Open Spaces,Materials-Direct,19.4.23 TO 18.5.23,B000024048/55296,Ee Limited,11 May 2023,87.15,,,,,,
Pest Control,Mobiles,19.4.23 TO 18.5.23 ,B000024048/55296,Ee Limited,11 May 2023,41.34,,,,,,
Policy And Performance Review,Mobiles,19.4.23 TO 18.5.23,B000024048/55296,Ee Limited,11 May 2023,10.00,,,,,,
Policy And Performance Review,Telephones,19.4.23 TO 18.5.23 ,B000024048/55296,Ee Limited,11 May 2023,22.70,,,,,,
Proposed Selec Licensing 2017,Mobiles,19.4.23 TO 18.5.23 ,B000024048/55296,Ee Limited,11 May 2023,55.12,,,,,,
Recycling Collection,Mobiles,19.4.23 TO 18.5.23 ,B000024048/55296,Ee Limited,11 May 2023,100.29,,,,,,
Refuse/Cleansing Admin Staff,Civil Contingency Act,19.4.23 TO 18.5.23,B000024048/55296,Ee Limited,11 May 2023,30.00,,,,,,
Refuse/Cleansing Admin Staff,Mobiles,19.4.23 TO 18.5.23,B000024048/55296,Ee Limited,11 May 2023,193.26,,,,,,
Refuse Collection,Computer Rental & Maint,19.4.23 TO 18.5.23 ,B000024048/55296,Ee Limited,11 May 2023,180.00,,,,,,
Strat Director Comm. Services,Mobiles,19.4.23 TO 18.5.23,B000024048/55296,Ee Limited,11 May 2023,10.00,,,,,,
Strategic Housing Department,Mobiles,19.4.23 TO 18.5.23,B000024048/55296,Ee Limited,11 May 2023,13.78,,,,,,
Altham Parish Precept,Misc Expenses Other,PRECEPT 2023-24,B000024048/55299,Altham Parish Council,11 May 2023,"13,019.19",,,,,,
Mayoralty,Misc Expenses Other,MAYORAL CHARITY FUND,B000024048/63867,Accrington & District Blind Society,11 May 2023,"3,500.00",,,,,,
Disabled Facilities General,Contractor Other,DISABLED FACILITIES GRANT,B000024048/64332,R W Building And Development,11 May 2023,"2,250.00",,,,,,
Mayoralty,Misc Expenses Other,MAYORAL CHARITY FUND,B000024048/68519,Macmillan Cancer Support,11 May 2023,"3,500.00",,,,,,
Computer Services,Rental & Maint Software Misc,CHRIS 21 SOFTWARE 01/05/23 - 30/04/23,B000024049/1553,Frontier Software Plc,11 May 2023,"21,514.88",,,,,,
Computer Services,Rental & Maint Software Misc,VRANGER MAINT RENEWAL,B000024049/36434,Bytes Software Services Ltd,11 May 2023,660.84,,,,,,
Graphics & Communications,Mobiles,1 X IPHONE 14 PLUS 128GB IN PURPLE,B000024049/46800,Cloudcoco Limited,11 May 2023,800.83,,,,,,
Acc Town Hall,Cleaning Of Buildings,CLEANING BROADWAY 1ST- 30TH APR 23,B000024050/29112,Hyndburn Leisure,11 May 2023,"1,095.03",,,,,,
Environmental Protection,Agency Staff,TEMP STAFF,B000024050/58023,Buckingham Futures Ltd,11 May 2023,"1,816.00",,,,,,
Environmental Protection,Agency Staff,TEMP STAFF,B000024050/61860,Vivid Resourcing,11 May 2023,"1,800.05",,,,,,
Development Control B.U.,Agency Staff,TEMP STAFF W/E 07/05/23,B000024050/67448,Macdonald & Company,11 May 2023,"1,230.00",,,,,,
Planning Policy B.U.,Agency Staff,TRMP STAFF W/E 07/05/23,B000024050/67448,Macdonald & Company,11 May 2023,"1,040.00",,,,,,
Parks & Open Spaces,Cleaning Of Buildings,BUILDING CLEANING,B000024051/68396,Servicemaster Cs Aaa,11 May 2023,"1,542.20",,,,,,
Willows Lane Depot,Cleaning Of Buildings,BUILDING CLEANING,B000024051/68396,Servicemaster Cs Aaa,11 May 2023,954.53,,,,,,
Ukspf - Fund Administration,Fees-Analysts & Consultants,CONSULTANCY ADVICE,B000024052/65816,Bradshaw Advisary Ltd,11 May 2023,500.00,,,,,,
ENVIRONMENTAL HEALTH,PARKS,PETROL,P-CARD - MAY 23,GEM ACCRINGTON,11 May 2023,305.04,,,,,,
ENVIRONMENTAL HEALTH,PARKS,SOFTWARE,P-CARD - MAY 23,SURVEY MONKEY,11 May 2023,384.00,,,,,,
Pest Control,Baits & Poisons,DOC LURE 300ML,B000024012/2419,Killgerm Chemicals Ltd,16 May 2023,16.65,,,,,,
Pest Control,Baits & Poisons,SAKARAT BRODIKIL 10KG,B000024012/2419,Killgerm Chemicals Ltd,16 May 2023,189.00,,,,,,
Pest Control,Baits & Poisons,VAZOR CYPERMAX PLUS 500ML,B000024012/2419,Killgerm Chemicals Ltd,16 May 2023,29.00,,,,,,
Parks & Open Spaces,Private Contractors Work,REMOVE TREES,B000024012/38597,A Binns & Co,16 May 2023,640.00,,,,,,
Homes For Ukraine-Thankyou Pay,Misc Expenses Other,CULTURE DAY WORKSHOP,B000024014/47786,Hyndburn Arts Limited,16 May 2023,300.00,,,,,,
Accountancy,Agency Staff,TEMP STAFF W/E 17.4.23 ,B000024014/58852,Oyster Partnership,16 May 2023,"3,300.00",,,,,,
Local Elections,Hire Of Polling Stations,HIRE OF PREMISES - 4.5.23,B000024015/53768,Accrington Stanley Community Trust,16 May 2023,500.00,,,,,,
Cvmu,Printing,PRINTING OF TEST BOOKS,B000024016/1344,Ellison Printing,16 May 2023,288.00,,,,,,
Cvmu,Materials-Direct,STEAM CLEAN X 2,B000024016/58642,Keep Em Clean,16 May 2023,262.50,,,,,,
Development Control B.U.,Agency Staff,TEMP STAFF - W/C 17.04.23,B000024020/58852,Oyster Partnership,16 May 2023,463.20,,,,,,
Hmo,Agency Staff,TEMP STAFF - W/C 10.04.23,B000024020/58852,Oyster Partnership,16 May 2023,"1,125.80",,,,,,
Hmo,Agency Staff,TEMP STAFF - W/C 17.04.23,B000024020/58852,Oyster Partnership,16 May 2023,"1,014.00",,,,,,
Hmo,Agency Staff,TEMP STAFF - W/C 17.04.23,B000024020/58852,Oyster Partnership,16 May 2023,"1,443.00",,,,,,
Housing Standards,Agency Staff,TEMP STAFF - W/C 17.04.23 ,B000024020/58852,Oyster Partnership,16 May 2023,"1,101.15",,,,,,
Housing Standards,Agency Staff,TEMP STAFF - P/E 23.04.23 ,B000024020/61657,G2 Recruitment Solutions,16 May 2023,"1,864.93",,,,,,
Accountancy,Agency Staff,TEMP STAFF - P/E 23.04.23,B000024020/61860,Vivid Resourcing,16 May 2023,"2,950.00",,,,,,
Housing Advice,Agency Staff,TEMP STAFF - P/E 23.04.23,B000024020/61860,Vivid Resourcing,16 May 2023,"1,472.76",,,,,,
Corp & Dem Core,General Subscriptions,ANNUAL MEMBERSHIP,B000024024/49172,District Councils Network,16 May 2023,"2,287.00",,,,,,
Planning Policy B.U.,Agency Staff,TEMP STAFF W/C 17/4/23,B000024025/58852,Oyster Partnership,16 May 2023,"1,691.00",,,,,,
Market Hall - Luf,Consultants Fees,LEGAL ADVICE,B000024025/67894,Womble Bond Dickinson (Uk) Llp,16 May 2023,"1,012.50",,,,,,
Insurances,Brokers Fees,GROUP LIFE ASSURNACE FEE 23/24,B000024030/45356,Aon Consulting,16 May 2023,"1,550.00",,,,,,
Haworth Art Gallery,Workshops/Courses,ITEMS FOR CORONATION EVENT,B000024033/8566,Yorkshire Purchasing Organisation,16 May 2023,287.65,,,,,,
Public Transport,Maintenance,BUS SHELTER REPAIRS,B000024034/8372,Victoria Glass Joinery & Plumbing Ltd,16 May 2023,477.31,,,,,,
Cvmu,Materials-Direct,DOOR LATCH,B000024036/1164,Dennis Eagle Limited,16 May 2023,368.08,,,,,,
Cvmu,Materials-Direct,PARTS FOR SERVICE,B000024036/1164,Dennis Eagle Limited,16 May 2023,"1,097.01",,,,,,
Cvmu,Materials-Direct,SPRING,B000024036/60483,Wasteparts Uk Ltd,16 May 2023,562.50,,,,,,
Willows Lane Depot,Pendle - Out Of Hours,LONE WORKER,B000024045/59807,Sector Security Services,16 May 2023,"2,701.80",,,,,,
Parks & Open Spaces,Private Contractors Work,GRANT SOFTWARE,B000024045/61564,Idox Software Ltd,16 May 2023,"4,910.00",,,,,,
Tipping Charges,Hired Vehicle,EMPTY WASTE BAYS W/L,B000024045/9294,Stanley Brothers (Tippers) Ltd,16 May 2023,540.00,,,,,,
Parks & Open Spaces,Equipmnt Repair & Maint,MOWERS WITHOUT ROLLERS,B000024047/10801,Seddon Plant & Engineers,16 May 2023,"1,331.34",,,,,,
Pest Control,Baits & Poisons,ADVION ANT GEL PK4,B000024047/2419,Killgerm Chemicals Ltd,16 May 2023,80.00,,,,,,
Pest Control,Baits & Poisons,CAULKING GUN,B000024047/2419,Killgerm Chemicals Ltd,16 May 2023,13.23,,,,,,
Pest Control,Baits & Poisons,DIGRAIN WASP NEST DESTROYER,B000024047/2419,Killgerm Chemicals Ltd,16 May 2023,81.60,,,,,,
Pest Control,Baits & Poisons,VAZOR CYPERMAX PLUS 500ML,B000024047/2419,Killgerm Chemicals Ltd,16 May 2023,58.00,,,,,,
Street Cleansing,Traffic Management,STOP AND GO AT NEW LANE 22.03.23,B000024047/64476,Kays Highways Ltd,16 May 2023,545.00,,,,,,
Parks & Open Spaces,Protective Clothing,SAFETY BOOT SIZE 11,B000024047/666,"Bubbles, Brushes & Wiper Co Ltd",16 May 2023,87.62,,,,,,
Parks & Open Spaces,Protective Clothing,SAFETY BOOT SIZE 7,B000024047/666,"Bubbles, Brushes & Wiper Co Ltd",16 May 2023,131.43,,,,,,
Parks & Open Spaces,Protective Clothing,SAFETY BOOT SIZE 9,B000024047/666,"Bubbles, Brushes & Wiper Co Ltd",16 May 2023,87.62,,,,,,
Parks & Open Spaces,Protective Clothing,SAFETY BOOTS SIZE 6,B000024047/666,"Bubbles, Brushes & Wiper Co Ltd",16 May 2023,12.96,,,,,,
Management Business Unit,Photocopying,PHOTOCOPIER PRINTS,B000024052/60165,Specialist Computer Centres Plc,16 May 2023,11.18,,,,,,
Local Elections,Election Fees-Counting Votes,TABLES FOR HBC COUNT 2023,B000024054/49997,Dale Event Hire,16 May 2023,343.20,,,,,,
Oakhill Park Service Building,Contractor Other,OAKHILL SERVICE BUILDING - PLASTERING ROOF,B000024054/59128,George Pearce & Sons Ltd,16 May 2023,476.00,,,,,,
Disabled Facilities General,Contractor Other,DISABLED FACILITIES GRANT,B000024055/67621,Buildeasi Nw Ltd,16 May 2023,"22,225.40",,,,,,
Disabled Facilities General,Contractor Other,DISABLED FACILITIES GRANT,B000024055/7874,Stannah Lift Services Limited,16 May 2023,"3,392.00",,,,,,
Disabled Facilities General,Contractor Other,DISABLED FACILITIES GRANT,B000024055/7874,Stannah Lift Services Limited,16 May 2023,"3,417.00",,,,,,
Disabled Facilities General,Contractor Other,DISABLED FACILITIES GRANT,B000024057/17577,Wessex Lift Co Ltd,16 May 2023,"14,607.00",,,,,,
Burtons Chambers,Security Service,VPS SECURITY MAR-APRIL,B000024057/27659,Vps (Uk) Limited,16 May 2023,"1,447.95",,,,,,
Disabled Facilities General,Contractor Other,DISABLED FACILITIES GRANT,B000024057/30178,B3p Services Ltd,16 May 2023,"17,928.80",,,,,,
Oakhill Park Service Building,Contractor Other,OAKHILL SERVICE BUILDING - PLASTERING ROOF,B000024057/59128,George Pearce & Sons Ltd,16 May 2023,"7,804.00",,,,,,
Corporate Property Bus Unit,Agency Staff,AGENCY STAFF  - W/C 17/04/2023,B000024057/61657,G2 Recruitment Solutions,16 May 2023,"2,025.00",,,,,,
Corporate Property Bus Unit,Agency Staff,AGENCY STAFF  - W/C 24/04/2023,B000024057/61657,G2 Recruitment Solutions,16 May 2023,"1,984.50",,,,,,
Disabled Facilities General,Contractor Other,DISABLED FACILITIES GRANT,B000024057/61963,Smart Building Solutions Blackburn Ltd,16 May 2023,"6,000.00",,,,,,
Burton Chambers  - Luf,Legal Fees,LEGAL SERVICES - CPO PREP,B000024057/66553,Womble Bond Dickinson,16 May 2023,"1,329.34",,,,,,
Market Chambers - Luf,Legal Fees,LEGAL SERVICES - CPO PREP,B000024057/66553,Womble Bond Dickinson,16 May 2023,"1,329.33",,,,,,
Market Hall - Luf,Legal Fees,LEGAL SERVICES - CPO PREP,B000024057/66553,Womble Bond Dickinson,16 May 2023,"1,329.33",,,,,,
Emergency Works Grant,Contractor Other,EMERGENCY WORKS,B000024057/68216,Scl Building Services Limited,16 May 2023,"4,312.31",,,,,,
Corporate Property,Water Charges,WASTE WATER,B000024057/8325,Water Plus Ltd,16 May 2023,257.34,,,,,,
HOUSING BENEFIT ADMIN,SECURITY SERVICES,G4S,36509,G4S,18 May 2023,549.25,,,,,,
Pest Control,Baits & Poisons,BURROW BAIT STAR,B000024012/60960,1env,18 May 2023,15.27,,,,,,
Pest Control,Baits & Poisons,BIOPREN 6EC,B000024012/60960,1env,18 May 2023,146.20,,,,,,
Pest Control,Baits & Poisons,RASCAL BRODI GEL,B000024012/60960,1env,18 May 2023,34.85,,,,,,
Pest Control,Baits & Poisons,VULCAN P5 DUST,B000024012/60960,1env,18 May 2023,28.82,,,,,,
Dog Warden,Kenneling - Daytime,KENNELLING CONTRACT APRIL,B000024062/36271,Aspen Valley Boarding Kennels & Cattery,18 May 2023,"1,228.14",,,,,,
Dfg Affordable Warmth Grant,Contractor Other,AFFORDABLE WARMTH GRANT,B000024066/24239,Great Harwood Windows Ltd,18 May 2023,"3,112.96",,,,,,
Parks & Open Spaces,Electricity,KING GEORGE V PAVILLION ELECTRICITY 02/03/23 - 01/04/23,B000024066/35310,Sse,18 May 2023,288.28,,,,,,
Dfg Affordable Warmth Grant,Contractor Other,AFFORDABLE WARMTH GRANT,B000024066/35745,Ags Heating & Plumbing Ltd,18 May 2023,"3,618.00",,,,,,
Legionella Plumbing Works,Contractor Other,REMEDIAL WORKS,B000024066/57133,Mitie (Uk) Limited,18 May 2023,263.38,,,,,,
Dfg Affordable Warmth Grant,Contractor Other,AFFORDABLE WARMTH GRANT,B000024066/64557,Harris Heating (Nw) Ltd,18 May 2023,"2,100.00",,,,,,
Allotments,Stationery,STATIONERY,B000024066/67355,Ot Group Limited,18 May 2023,29.52,,,,,,
Building Control B.U.,Stationery,STATIONERY,B000024066/67355,Ot Group Limited,18 May 2023,109.77,,,,,,
Consultancy-Engineering Div,Stationery,STATIONERY,B000024066/67355,Ot Group Limited,18 May 2023,4.00,,,,,,
Development Control B.U.,Stationery,STATIONERY,B000024066/67355,Ot Group Limited,18 May 2023,125.72,,,,,,
Environmental Initiatives B.U.,Stationery,STATIONERY,B000024066/67355,Ot Group Limited,18 May 2023,9.48,,,,,,
Management Business Unit,Stationery,STATIONERY,B000024066/67355,Ot Group Limited,18 May 2023,20.18,,,,,,
Planning Policy B.U.,Stationery,STATIONERY,B000024066/67355,Ot Group Limited,18 May 2023,49.70,,,,,,
Dfg Affordable Warmth Grant,Contractor Other,AFFORDABLE WARMTH GRANT,B000024066/68216,Scl Building Services Limited,18 May 2023,820.00,,,,,,
Disabled Facilities General,Contractor Other,DISABLED FACILITIES GRANT,B000024066/7874,Stannah Lift Services Limited,18 May 2023,"2,767.00",,,,,,
Parks & Open Spaces,Electricity,KING GEORGES - 1.10.22 - 1.12.22,B000024067/35310,Sse,18 May 2023,405.56,,,,,,
Hlc Leisure Inv Prog,Fees-Analysts & Consultants,LEISURE TRANSFORMATION - STAGE 4 - VAL 3,B000024067/48468,Alliance Leisure Services Limited,18 May 2023,"48,365.11",,,,,,
Wpf Leisure Inv Prog,Fees-Analysts & Consultants,LEISURE TRANSFORMATION - STAGE 4 - VAL 3,B000024067/48468,Alliance Leisure Services Limited,18 May 2023,"49,240.58",,,,,,
Environmental Protection,Agency Staff,TEMP STAFF W/E 7.5.23,B000024067/58023,Buckingham Futures Ltd,18 May 2023,"1,534.40",,,,,,
Willows Lane Depot,Asset Maint R&M,REPAIR LEAK ON HEATING PIPE - WILLOWS LANE,B000024067/59128,George Pearce & Sons Ltd,18 May 2023,270.00,,,,,,
Cvmu,Advertising,JOB ADVERTS,B000024067/65606,Newsquest Media Group,18 May 2023,682.00,,,,,,
Registration Of Electors,Document Management,WEEKLY PRINT RUN,B000024020/62168,Civica Election Services,23 May 2023,228.34,,,,,,
Burton Chambers  - Luf,Consultants Fees,CONSULTANCY WORK,B000024022/67812,Ma Cost Consulting Limited,23 May 2023,"33,031.70",,,,,,
Market Chambers - Luf,Consultants Fees,CONSULTANCY WORK,B000024022/67812,Ma Cost Consulting Limited,23 May 2023,"33,031.70",,,,,,
Market Hall - Luf,Consultants Fees,CONSULTANCY WORK,B000024022/67812,Ma Cost Consulting Limited,23 May 2023,"33,031.70",,,,,,
Markets - Operations,Cleaning Of Buildings,ADDITIONAL CLEANING - 13.04.23 -30.04.23,B000024023/68396,Servicemaster Cs Aaa,23 May 2023,"1,503.57",,,,,,
Development Control B.U.,General Subscriptions,PLANNING JUNGLE MEMBERSHIP 23/5/23-23/5/24,B000024025/55406,Planning Jungle Ltd,23 May 2023,300.00,,,,,,
Scaitcliffe House,Asset Maint R&M,SCAITCLIFFE - AIR CONDITIONING UNIT,B000024025/56939,Affordable Bar & Catering Equipment Direct,23 May 2023,267.00,,,,,,
Cvmu,Materials-Direct,HOSE COOLANT,B000024032/1164,Dennis Eagle Limited,23 May 2023,560.14,,,,,,
Cvmu,Materials-Direct,TYRES,B000024032/29877,Rossendale Vulcanising (Sales Ltd),23 May 2023,"3,578.00",,,,,,
Cvmu,Materials-Direct,WING MIRROR,B000024032/36492,Chorley Nissan,23 May 2023,421.59,,,,,,
Homes For Ukraine-Thankyou Pay,Misc Expenses Other,REFUGEE WEEK EVENT,B000024033/68491,Lancashire Event Table & Chair Hire Ltd,23 May 2023,435.00,,,,,,
Cvmu,Materials-Direct,NEW HOPPER FLOOR,B000024036/1164,Dennis Eagle Limited,23 May 2023,"6,366.50",,,,,,
Accrington Town Centre,Event Expenditure,HYNDBURN SOUNDS TRAFFIC MANAGEMENT,B000024038/64476,Kays Highways Ltd,23 May 2023,510.00,,,,,,
Markets - Operations,Asset Maint R&M,FIT NEW RADAR LOCK AND HANDLE,B000024039/59128,George Pearce & Sons Ltd,23 May 2023,512.00,,,,,,
Burton Chambers  - Luf,Consultants Fees,PROGRAMME DIROECTOR APR 23,B000024041/68462,Rider Levett Bucknall Uk Ltd,23 May 2023,"4,400.00",,,,,,
Market Hall - Luf,Consultants Fees,PROGRAMME DIROECTOR APR 23,B000024041/68462,Rider Levett Bucknall Uk Ltd,23 May 2023,"4,400.00",,,,,,
Accrington Crematorium,Gas,GAS 01.03.23 - 31.03.23 ACC CREM,B000024044/68037,Sefe Energy Ltd,23 May 2023,"4,470.84",,,,,,
Cannon St Acc,Gas,GAS 01.03.23 - 31.03.23 CANNON ST,B000024044/68037,Sefe Energy Ltd,23 May 2023,128.13,,,,,,
Cannon St Acc,Gas,GAS 01.03.23 - 31.03.23 EAGLE ST OAP,B000024044/68037,Sefe Energy Ltd,23 May 2023,8.72,,,,,,
Haworth Art Gallery,Gas,GAS 01.03.23 - 31.03.23 HAWORTH ART G,B000024044/68037,Sefe Energy Ltd,23 May 2023,"1,694.23",,,,,,
Haworth Stables,Gas,GAS 01.03.23 - 31.03.23 HAWORTH STABLES,B000024044/68037,Sefe Energy Ltd,23 May 2023,"1,013.83",,,,,,
Hyndburn Cemeteries,Gas,GAS 01.03.23 - 31.03.23 ACC CEM MESS,B000024044/68037,Sefe Energy Ltd,23 May 2023,67.09,,,,,,
Hyndburn Cemeteries,Gas,GAS 01.03.23 - 31.03.23 ACC CEM OFFICE,B000024044/68037,Sefe Energy Ltd,23 May 2023,541.43,,,,,,
Leisure In Hyndburn,Gas,GAS 01.03.23 - 31.03.23 CLAYTON CIVIC,B000024044/68037,Sefe Energy Ltd,23 May 2023,"2,643.42",,,,,,
Leisure In Hyndburn,Gas,GAS 01.03.23 - 31.03.23 MERCER HALL,B000024044/68037,Sefe Energy Ltd,23 May 2023,"1,812.37",,,,,,
Library St Depot,Gas,GAS 01.03.23 - 31.03.23 CVMU,B000024044/68037,Sefe Energy Ltd,23 May 2023,"2,055.49",,,,,,
Markets - Operations,Gas,GAS 01.03.23 - 31.03.23 ACC MARKET HALL,B000024044/68037,Sefe Energy Ltd,23 May 2023,"2,554.07",,,,,,
Parks & Open Spaces,Gas,GAS 01.03.23 - 31.03.23 LOWERFOLD,B000024044/68037,Sefe Energy Ltd,23 May 2023,97.11,,,,,,
Parks & Open Spaces,Gas,GAS 01.03.23 - 31.03.23 OAKHILL PARK,B000024044/68037,Sefe Energy Ltd,23 May 2023,84.08,,,,,,
Parks & Open Spaces,Gas,GAS 01.03.23 - 31.03.23 RHYDDINGS PARK,B000024044/68037,Sefe Energy Ltd,23 May 2023,347.30,,,,,,
Willows Lane Depot,Gas,GAS 01.03.23 - 31.03.23 WILLOW LANE,B000024044/68037,Sefe Energy Ltd,23 May 2023,576.02,,,,,,
Willows Lane Depot,Gas,GAS 01.03.23 - 31.03.23 WILLOWS LANE,B000024044/68037,Sefe Energy Ltd,23 May 2023,720.00,,,,,,
Accrington Crematorium,Visual Tributes,MUSIC/MEDIA CHARGES,B000024062/55609,Obitus (Vivedia Ltd),23 May 2023,"1,002.00",,,,,,
Commercial Collections,Landfill Tax,TRADE WASTE,B000024062/8810,Suez Recycling And Recovery Uk Ltd,23 May 2023,"8,678.49",,,,,,
Commercial Collections,Waste Disposal Charges,TRADE WASTE,B000024062/8810,Suez Recycling And Recovery Uk Ltd,23 May 2023,"2,135.20",,,,,,
Accrington Town Centre,Event Expenditure,CLAYTON CORONATION ACTIVITY,B000024064/29112,Hyndburn Leisure,23 May 2023,300.00,,,,,,
Parks & Open Spaces,Luf Grant,DESIGN AND PROJECT DELIVERY,B000024064/61128,Proffitts,23 May 2023,"5,133.00",,,,,,
Accrington Town Centre,Event Expenditure,SUMMER EVENT ADVERT,B000024064/61918,Pro Digital Media & Event Management Ltd,23 May 2023,495.00,,,,,,
Willows Lane Depot,Water Charges,WATER BILL TOWNS YARD 25.3.23-24.4.23,B000024064/8325,Water Plus Ltd,23 May 2023,593.66,,,,,,
Parks & Open Spaces,Cpc Driver Training,TRAINING,B000024065/19112,Specialist Training Consultancy Ltd,23 May 2023,35.00,,,,,,
Parks & Open Spaces,Cpc Driver Training,TRAINING- 10 CANDIDATES/ 4 COURSES,B000024065/19112,Specialist Training Consultancy Ltd,23 May 2023,305.00,,,,,,
Parks & Open Spaces,Private Contractors Work,TREE WORKS,B000024065/22189,Roy Cattermole (Tree Surgeon),23 May 2023,300.00,,,,,,
Oakhill Prk Tenniscourt Refurb,Contractor Other,SUPPLY 2 GATES TO OAK HILL TENNIS COURTS,B000024065/68254,Cia Fire & Security Ltd,23 May 2023,"5,600.00",,,,,,
Cemetery Welfare & Depot Fac,Contractor Other,TIMBER FRAME,B000024065/68295,Timber Tight Limited,23 May 2023,"17,421.42",,,,,,
Burton Chambers  - Luf,Consultants Fees,VALUATION FEES,B000024070/66574,Cbre Ltd,23 May 2023,"1,750.00",,,,,,
Market Chambers - Luf,Consultants Fees,VALUATION FEES,B000024070/66574,Cbre Ltd,23 May 2023,"2,575.00",,,,,,
Disabled Facilities General,Contractor Other,DISABLED FACILITIES GRANT,B000024071/25868,Hyndburn Plumbing & Heating Services,23 May 2023,"2,870.80",,,,,,
Computer Services,Telephones,APRIL 23,B000024071/40272,Cable & Wireless,23 May 2023,792.51,,,,,,
Computer Services,Telephones, 01/05/23 TO 31/05/23,B000024071/46800,Cloudcoco Limited,23 May 2023,"1,246.32",,,,,,
Environmental Protection,Agency Staff,TEMP STAFF,B000024071/58023,Buckingham Futures Ltd,23 May 2023,"1,479.20",,,,,,
Green Infrastructure,Woodnook Rothwell,DRY STONE WALLING,B000024071/58693,Alan Rhodes,23 May 2023,"1,800.00",,,,,,
Corporate Property,Electricity,GAS & ELECTRIC- MERCER HOUSE 31-03-23 TO 30-04-23,B000024071/58973,Utility Warehouse,23 May 2023,336.27,,,,,,
Corporate Property,Gas,GAS & ELECTRIC- MERCER HOUSE 31-03-23 TO 30-04-23,B000024071/58973,Utility Warehouse,23 May 2023,119.78,,,,,,
Land At Nook Lane,Fees-Analysts & Consultants,BURY MEADOWS CONSULTATIONS,B000024071/61128,Proffitts,23 May 2023,"1,054.00",,,,,,
Development Control B.U.,Agency Staff,TEMP STAFF W/E 14/05/23,B000024071/67448,Macdonald & Company,23 May 2023,"1,219.75",,,,,,
Planning Policy B.U.,Agency Staff,TEMP STAFF- W/E 14/05/23,B000024071/67448,Macdonald & Company,23 May 2023,"1,248.00",,,,,,
Environmental Protection,Work In Default,REMOVAL OF WASTE,B000024071/68546,All Seasons Recycling,23 May 2023,360.00,,,,,,
Housing Benefit Administration,Office Consumables,COPIER CHARGES,B000024022/62209,Rigby Capital Ltd,25 May 2023,393.22,,,,,,
Green Infrastructure,General Grounds Maintenance,SAFETY WORK,B000024035/55411,Woody (Hyndburn) C I C,25 May 2023,350.00,,,,,,
Cvmu,Materials-Direct,VEHICLE PARTS,B000024036/7688,Aebi Schmidt Uk Ltd,25 May 2023,534.48,,,,,,
Recycling Collection,Vehicle Tracker / Fuel/ Cctv,VEHICLE PARTS,B000024038/60522,Trakm8 Holdings Plc,25 May 2023,120.00,,,,,,
Refuse Collection,Vehicle Tracker / Fuel/ Cctv,VEHICLE TRACKERS,B000024038/60522,Trakm8 Holdings Plc,25 May 2023,120.00,,,,,,
Housing Standards,Work In Default,WASTE REMOVAL,B000024044/59338,Waste Busters Waste Removal,25 May 2023,300.00,,,,,,
Library St Depot,Cleaning,BUILDING CLEANING,B000024051/68396,Servicemaster Cs Aaa,25 May 2023,734.24,,,,,,
Willows Lane Depot,Cleaning Of Buildings,BUILDING CLEANING,B000024051/68396,Servicemaster Cs Aaa,25 May 2023,954.53,,,,,,
Parks & Open Spaces,Private Contractors Work,OAKHILL BOWLS PAVILION- CLEANING - MAY 2023,B000024056/68396,Servicemaster Cs Aaa,25 May 2023,139.85,,,,,,
Parks & Open Spaces,Private Contractors Work,OAKHILL TENNIS PAVILION- CLEANING - MAY 2023,B000024056/68396,Servicemaster Cs Aaa,25 May 2023,139.85,,,,,,
Housing Benefit Administration,Agency Staff,TEMP STAFF W/E 07/05/23,B000024071/33923,Eden Brown Limited,25 May 2023,"1,010.10",,,,,,
Hyndburn Cemeteries,Agency Staff,AGENCY STAFF W/C 24.04.23,B000024073/19414,Proman Supply Chain Ltd,25 May 2023,569.11,,,,,,
Hyndburn Cemeteries,Agency Staff,AGENCY STAFF W/C 8.5.23,B000024073/19414,Proman Supply Chain Ltd,25 May 2023,455.29,,,,,,
Parks & Open Spaces,Agency Staff,AGENCY STAFF W/C 01.05.23,B000024073/19414,Proman Supply Chain Ltd,25 May 2023,"1,521.70",,,,,,
Parks & Open Spaces,Agency Staff,AGENCY STAFF  W/C 08.05.23,B000024073/19414,Proman Supply Chain Ltd,25 May 2023,"1,306.94",,,,,,
Parks & Open Spaces,Agency Staff,AGENCY STAFF  W/C 17.04.23,B000024073/19414,Proman Supply Chain Ltd,25 May 2023,"1,196.52",,,,,,
Parks & Open Spaces,Agency Staff,AGENCY STAFFW/C 24.04.23,B000024073/19414,Proman Supply Chain Ltd,25 May 2023,"1,326.91",,,,,,
Parks & Open Spaces,Vehicle Tracker / Fuel/ Cctv,VEHICLE TRACKERS PARKS,B000024073/65244,Inseego,25 May 2023,240.00,,,,,,
Hyndburn Cemeteries,Cleaning Of Buildings,BUILDING CLEANING CEM OFFICE,B000024073/68396,Servicemaster Cs Aaa,25 May 2023,734.24,,,,,,
Parks & Open Spaces,Cleaning Of Buildings, BUILDING CLEANING - RHYDDINGS,B000024073/68396,Servicemaster Cs Aaa,25 May 2023,495.59,,,,,,
Parks & Open Spaces,Cleaning Of Buildings,BUILDING CLEANING WILSONS,B000024073/68396,Servicemaster Cs Aaa,25 May 2023,550.67,,,,,,
Cvmu,Materials-Direct,MUDGUARD,B000024074/2521,Lancashire Leyland Daf Ltd,25 May 2023,225.10,,,,,,
Cvmu,Materials-Direct,SPRING MECHANISM,B000024074/60483,Wasteparts Uk Ltd,25 May 2023,550.00,,,,,,
Library St Depot,Water Charges,WATER CHARGES CVMU 8.4.23-7.5.23,B000024075/8325,Water Plus Ltd,25 May 2023,375.67,,,,,,
Corporate Property,General Repair & Maint Bldgs,ELECTRICAL WORKS ,B000024076/57949,Steven Mercer Electrical Contractors Limited,25 May 2023,557.36,,,,,,
Accrington Crematorium,Electricity,ACC CREM ELECTRIC 16/03/23 - 15/05/23,B000024076/59343,Edf Energy,25 May 2023,"3,460.14",,,,,,
Acc Town Hall,Energy,FEEDER PILLAR ACC TOWN HALL ELECTRIC 16/03/23 - 15/05/23,B000024076/59343,Edf Energy,25 May 2023,125.70,,,,,,
Cannon St Acc,Electricity,CANNON STREET ELECTRIC 16/03/23 - 15/05/23,B000024076/59343,Edf Energy,25 May 2023,"-3,623.66",,,,,,
Corporate Property,Electricity,GH CLOCK TOWER ELECTRIC 16/03/23 - 15/05/23,B000024076/59343,Edf Energy,25 May 2023,75.87,,,,,,
Elmfield Hall Flats,Electricity,ELMFIELD FLATS ELECTRIC 16/03/23 - 15/05/23,B000024076/59343,Edf Energy,25 May 2023,82.14,,,,,,
Haworth Art Gallery,Electricity,HAG ELECTRIC 16/03/23 - 15/05/23,B000024076/59343,Edf Energy,25 May 2023,962.80,,,,,,
Haworth Art Gallery,Electricity,HAWORTH PARK ELECTRIC 16/03/23 - 15/05/23,B000024076/59343,Edf Energy,25 May 2023,572.70,,,,,,
Haworth Art Gallery,Electricity,HAWORTH PARK ELECTRIC 16/03/23-15/05/23,B000024076/59343,Edf Energy,25 May 2023,363.17,,,,,,
Haworth Stables,Electricity,HAWORTH STABLES & MOTOR HOUSE ELECTRIC 16/03/23 - 15/05/23,B000024076/59343,Edf Energy,25 May 2023,959.19,,,,,,
Hyndburn Cemeteries,Electricity,ACC CEM OFFICE ELECTRIC 16/03/23 - 15/05/23,B000024076/59343,Edf Energy,25 May 2023,867.04,,,,,,
Hyndburn Cemeteries,Electricity,DILL HALL CEMETERY ELECTRIC 16/03/23 - 15/05/23,B000024076/59343,Edf Energy,25 May 2023,41.92,,,,,,
Hyndburn Cemeteries,Electricity,GH CEM SERVICE BUILDING ELECTRIC 16/03/23 - 15/05/23,B000024076/59343,Edf Energy,25 May 2023,183.33,,,,,,
Hyndburn Cemeteries,Electricity,WALL OF REMEMBRANCE ELECTRIC 16/03/23 - 15/05/23,B000024076/59343,Edf Energy,25 May 2023,"1,010.13",,,,,,
Leisure In Hyndburn,Electricity,HYNDBURN LEISURE CENTRE ELECTRIC 16/03/23 - 15/05/23,B000024076/59343,Edf Energy,25 May 2023,"104,722.22",,,,,,
Markets - Operations,Electricity,SERVICE YARD ACC MARKET HALL 16/03/23 - 15/05/23,B000024076/59343,Edf Energy,25 May 2023,146.87,,,,,,
Markets - Operations,Electricity,UNIT 15 PEEL STREET ELECTRIC 16/03/23 - 15/05/23,B000024076/59343,Edf Energy,25 May 2023,"1,222.67",,,,,,
Markets - Operations,Electricity,UNIT 5-6 PEEL ST ELECTRIC 16/03/23 - 15/05/23,B000024076/59343,Edf Energy,25 May 2023,14.88,,,,,,
Markets - Operations,Electricity,UNIT 5-6 PEEL ST ELECTRIC 16/03/23 -15/05/23,B000024076/59343,Edf Energy,25 May 2023,12.38,,,,,,
Parks & Open Spaces,Electricity,BULLOUGH PARK PAVILLION 16/03/23 - 15/05/23,B000024076/59343,Edf Energy,25 May 2023,410.14,,,,,,
Parks & Open Spaces,Electricity,GATTY PARK GREENHOUSES ELECTRIC 16/03/23 - 15/05/23,B000024076/59343,Edf Energy,25 May 2023,80.48,,,,,,
Parks & Open Spaces,Electricity,MEMORIAL PARK ELECTRIC 16/03/23 - 15/05/23,B000024076/59343,Edf Energy,25 May 2023,205.16,,,,,,
Parks & Open Spaces,Electricity,MERCER HOUSE FLOODLIGHTING ELECTRIC 16/03/23 - 15/05/23,B000024076/59343,Edf Energy,25 May 2023,28.84,,,,,,
Parks & Open Spaces,Electricity,MILNSHAW PARK BOWLS ELECTRIC 16/03/23 - 15/05/23,B000024076/59343,Edf Energy,25 May 2023,129.61,,,,,,
Parks & Open Spaces,Electricity,OAKHILL PARK BANDSTAND ELECTRIC 16/03/23 - 15/05/23,B000024076/59343,Edf Energy,25 May 2023,41.55,,,,,,
Parks & Open Spaces,Electricity,OAKHILL PARK BANKSTAND ELECTRIC 16/03/23 - 15/05/23,B000024076/59343,Edf Energy,25 May 2023,29.09,,,,,,
Parks & Open Spaces,Electricity,OAKHILL PARK ELECTRIC 16/03/23 - 15/05/23,B000024076/59343,Edf Energy,25 May 2023,379.05,,,,,,
Parks & Open Spaces,Electricity,OAKHILL PARK ELECTRIC 16/03/23 -15/05/23,B000024076/59343,Edf Energy,25 May 2023,553.07,,,,,,
Parks & Open Spaces,Electricity,PARKER ST BOWLS ELECTRIC 16/03/23 - 15/05/23,B000024076/59343,Edf Energy,25 May 2023,45.35,,,,,,
Parks & Open Spaces,Electricity,PEEL PARK ELECTRIC 16/03/23 - 15/05/23,B000024076/59343,Edf Energy,25 May 2023,89.66,,,,,,
Parks & Open Spaces,Electricity,RHYDDINGS PARK BOWLS ELECTRIC 16/03/23 - 15/05/23,B000024076/59343,Edf Energy,25 May 2023,132.95,,,,,,
Parks & Open Spaces,Electricity,WHITE ASH ELECTRIC 16/03/23 - 15/05/23,B000024076/59343,Edf Energy,25 May 2023,"1,104.94",,,,,,
Parks & Open Spaces,Electricity,WILSONS ELECTRIC 16/03/23 - 15/05/23,B000024076/59343,Edf Energy,25 May 2023,632.67,,,,,,
Ranger St Compound & Depot,Electricity,RANGER STREET VEHICLE COMPOUND ELECTRIC 16/03/23 - 15/05/23,B000024076/59343,Edf Energy,25 May 2023,892.43,,,,,,
Registration Of Electors,Basic Pay,4TH QUARTER CHARGES,B000024077/45531,Borough Of Pendle,25 May 2023,"7,875.72",,,,,,
Environmental Protection,Agency Staff,TEMP STAFF - W/E 16.04.23,B000024077/58023,Buckingham Futures Ltd,25 May 2023,"1,758.40",,,,,,
Environmental Protection,Agency Staff,TEMP STAFF - W/E 23.04.23 ,B000024077/58023,Buckingham Futures Ltd,25 May 2023,"1,783.20",,,,,,
Housing Standards,Agency Staff,TEMP STAFF - W/E 02.04.23 ,B000024077/61657,G2 Recruitment Solutions,25 May 2023,"1,874.05",,,,,,
Levelling Up Fund Delivery Stg,Fees-Analysts & Consultants,BID WRITING SUPPORT - NLHF - MAY,B000024077/65816,Bradshaw Advisary Ltd,25 May 2023,"8,300.00",,,,,,
Environmental Protection,Work In Default,REMOVAL OF WASTE ,B000024077/68546,All Seasons Recycling,25 May 2023,360.00,,,,,,
Corporate Property,Water Charges,HIPPINGS VALE WATER CHARGES - 02.04.23 - 02.05.23,B000024077/8325,Water Plus Ltd,25 May 2023,124.16,,,,,,
Land Charges,Search Fees,LOCAL LAND CHARGE SEARCHES,B000024078/2496,Lancashire County Council,25 May 2023,333.30,,,,,,
Disabled Facilities General,Contractor Other,DISABLED FACILITIES GRANT,B000024078/50640,Prism Medical Uk,25 May 2023,"1,773.00",,,,,,
Local Elections,Hire Of Polling Stations,ROOM HIRE - ELMFIELD HALL - POLLING STATION,B000024078/56041,Community Solutions North West Ltd,25 May 2023,430.00,,,,,,
Mayoralty,General Contributions,MAYOR MAKING CATERING AND SUPPLY,B000024078/68558,Cheek And Tongue,25 May 2023,"2,790.00",,,,,,
Accountancy,Agency Staff,TEMPSTAFF WC 24.4.23 ,B000024030/58852,Oyster Partnership,31 May 2023,"3,300.00",,,,,,
Cvmu,Materials-Direct,SKIDS,B000024032/7688,Aebi Schmidt Uk Ltd,31 May 2023,"5,353.30",,,,,,
Cvmu,Materials-Direct,BRAKES AND SHOCKERS,B000024032/8433,Walton Summit Truck Centre Ltd,31 May 2023,624.25,,,,,,
Hmo,Agency Staff,TEMP STAFF WC 24.04.23,B000024033/58852,Oyster Partnership,31 May 2023,"1,443.00",,,,,,
Hmo,Agency Staff,TEMP STAFF  WC 24.04.23,B000024033/58852,Oyster Partnership,31 May 2023,"1,490.84",,,,,,
Housing Standards,Agency Staff,TEMP STAFF  WC 240.40.23 ,B000024033/58852,Oyster Partnership,31 May 2023,"1,164.60",,,,,,
Housing Standards,Agency Staff,TEMP STAFF  PE 30.04.23,B000024033/61657,G2 Recruitment Solutions,31 May 2023,"1,991.56",,,,,,
Housing Advice,Agency Staff,TEMP STAFF  PE 30.04.23,B000024033/61860,Vivid Resourcing,31 May 2023,"1,278.00",,,,,,
Parks & Open Spaces,Private Contractors Work,HAVS SYSTEM,B000024038/44219,Reactec,31 May 2023,945.00,,,,,,
Refuse Collection,Clinical Waste Collection,SHARPS/CLINICAL WASTE COLLECTIONS,B000024038/62108,Rentokil Initial Uk Ltd,31 May 2023,309.50,,,,,,
Registration Of Electors,Canvass,AV REFRESH JAN 2023,B000024041/62168,Civica Election Services,31 May 2023,"1,525.76",,,,,,
Markets - Operations,Asset Maint R&M,HBC CALLOUTS APR 23,B000024041/64522,R J Lift Services Ltd,31 May 2023,292.50,,,,,,
Human Resources,Training Expenses,DWI PWS SAMPLE TRAINING ,B000024041/65678,C A T G Limited,31 May 2023,310.00,,,,,,
Local Taxation,Legal Fees,EA PAYMENTS,B000024041/66036,Marston (Holdings) Ltd,31 May 2023,361.91,,,,,,
Planning Policy B.U.,Local Plan,FINAL LEVEL 1 SFRA,B000024041/67252,Jba Consulting,31 May 2023,"2,197.60",,,,,,
Homes For Ukraine-Thankyou Pay,Misc Expenses Other,REFUGEE WEEK EVENT,B000024044/68516,Just Imagine Events Ltd,31 May 2023,850.00,,,,,,
Refuse/Cleansing Admin Staff,Civil Contingency Act,LRF SECRETARY CONTRIBUTIONS,B000024045/11051,Lancashire Police Authority,31 May 2023,978.53,,,,,,
Parks & Open Spaces,Licensing Places Of Entertmt,MUSIC LICENCE ,B000024045/60557,Ppl Prs Ltd,31 May 2023,"1,394.52",,,,,,
Tipping Charges,Hired Vehicle,EMPTY WASTE BAYS W/L,B000024045/9294,Stanley Brothers (Tippers) Ltd,31 May 2023,540.00,,,,,,
Pest Control,Baits & Poisons,AAA BATTERIES,B000024047/2419,Killgerm Chemicals Ltd,31 May 2023,6.57,,,,,,
Pest Control,Baits & Poisons,AA BATTERIES,B000024047/2419,Killgerm Chemicals Ltd,31 May 2023,7.11,,,,,,
Pest Control,Baits & Poisons,PULSE RAT IQ STATION,B000024047/2419,Killgerm Chemicals Ltd,31 May 2023,137.70,,,,,,
Pest Control,Baits & Poisons, SAKARAT BROMABAIT 10KG,B000024047/2419,Killgerm Chemicals Ltd,31 May 2023,94.50,,,,,,
Parks & Open Spaces,Playground Repairs,CARRIAGE,B000024047/30689,Sutcliffe Play Ltd,31 May 2023,28.71,,,,,,
Parks & Open Spaces,Playground Repairs,PARTS,B000024047/30689,Sutcliffe Play Ltd,31 May 2023,287.10,,,,,,
Computer Services,Rental & Maint Software Misc,Q1 FEB 2023 - APRIL 2023,B000024049/66155,Nominet Uk,31 May 2023,422.22,,,,,,
Land At Nook Lane,Environmental Works,WORKS AT BURY MEADOWS,B000024050/14998,Sterling Construction (Services) Ltd,31 May 2023,"1,297.00",,,,,,
Street Nameplates Gen,Work Done Dlo-Highways,STREET SIGNAGE INSTALL,B000024050/14998,Sterling Construction (Services) Ltd,31 May 2023,"3,290.00",,,,,,
Development Control B.U.,Agency Staff,TEMP STAFF W/C 24/04/23,B000024050/58852,Oyster Partnership,31 May 2023,463.20,,,,,,
Planning Policy B.U.,Agency Staff,TEMP STAFF- W/C 24/04/23,B000024050/58852,Oyster Partnership,31 May 2023,"1,401.75",,,,,,
Development Control B.U.,Advertising General,PRESS NOTICE 05/05/23 ,B000024050/59724,Tmp (Uk) Ltd,31 May 2023,279.48,,,,,,
Local Elections,Hire Of Polling Stations,SECURITY FOR MAY ELECTION 23,B000024050/68520,Prestige Bb Limited,31 May 2023,"1,552.00",,,,,,
Hyndburn Cemeteries,Health Screening,PHYSICAL CAPABILITY ASSESSMENT,B000024052/44366,People Asset Management,31 May 2023,173.65,,,,,,
Waste Services,Health Screening,PHYSICAL CAPABILITY ASSESSMENT,B000024052/44366,People Asset Management,31 May 2023,173.65,,,,,,
Accountancy,Agency Staff,AGENCY STAFF,B000024054/58852,Oyster Partnership,31 May 2023,"2,640.00",,,,,,
Development Control B.U.,Agency Staff,AGENCY STAFF -  W/C 01/05/23,B000024054/58852,Oyster Partnership,31 May 2023,463.20,,,,,,
Planning Policy B.U.,Agency Staff,AGENCY STAFF - W/C 01/05/23,B000024054/58852,Oyster Partnership,31 May 2023,534.00,,,,,,
Accountancy,Plan Printing,AGENCY STAFF -  W/E 07/05/23,B000024054/61860,Vivid Resourcing,31 May 2023,"5,310.00",,,,,,
Environmental Protection,Agency Staff,AGENCY STAFF,B000024054/61860,Vivid Resourcing,31 May 2023,"1,086.75",,,,,,
Development Control B.U.,Agency Staff,AGENCY STAFF - P/E 02/04/2023,B000024054/66417,Carrington West Limited,31 May 2023,"1,254.60",,,,,,
Development Control B.U.,Agency Staff,AGENCY STAFF- P/E 05/02/2023,B000024054/66417,Carrington West Limited,31 May 2023,"1,306.88",,,,,,
Development Control B.U.,Agency Staff,AGENCY STAFF- P/E 05/03/23,B000024054/66417,Carrington West Limited,31 May 2023,"1,254.60",,,,,,
Development Control B.U.,Agency Staff,AGENCY STAFF  - P/E 12/2/23,B000024054/66417,Carrington West Limited,31 May 2023,"1,167.48",,,,,,
Development Control B.U.,Agency Staff,AGENCY STAFF - P/E 12/3/23,B000024054/66417,Carrington West Limited,31 May 2023,"1,254.60",,,,,,
Development Control B.U.,Agency Staff,AGENCY STAFF  P/E 19/03/2023,B000024054/66417,Carrington West Limited,31 May 2023,"1,306.88",,,,,,
Development Control B.U.,Agency Staff,AGENCY STAFF  - P/E 19/2/23,B000024054/66417,Carrington West Limited,31 May 2023,993.23,,,,,,
Development Control B.U.,Agency Staff,AGENCY STAFF - P/E 22/1/23,B000024054/66417,Carrington West Limited,31 May 2023,"1,306.88",,,,,,
Development Control B.U.,Agency Staff,AGENCY STAFF- P/E 26/03/2023,B000024054/66417,Carrington West Limited,31 May 2023,"1,306.88",,,,,,
Development Control B.U.,Agency Staff,AGENCY STAFF - P/E 26/2/23,B000024054/66417,Carrington West Limited,31 May 2023,"1,306.88",,,,,,
Development Control B.U.,Agency Staff,AGENCY STAFF- P/E 29/1/23,B000024054/66417,Carrington West Limited,31 May 2023,"1,306.88",,,,,,
General Investigation,Work Done Dlo-Highways,FLOODING INVESTIGATION,B000024056/68530,L K Consult Limited,31 May 2023,"1,750.00",,,,,,
Environmental Protection,Burial Fees,FUNERAL ,B000024057/55164,Barton & Hallworth Funeral Services,31 May 2023,"1,690.00",,,,,,
Environmental Protection,Burial Fees,FUNERAL ,B000024057/55164,Barton & Hallworth Funeral Services,31 May 2023,"1,957.00",,,,,,
Hmo,Agency Staff,AGENCY STAFF - W/C 24.4.23 & 1.5.23,B000024057/58852,Oyster Partnership,31 May 2023,"1,482.00",,,,,,
Hmo,Agency Staff,AGENCY STAFF - W/C 1.5.23,B000024057/58852,Oyster Partnership,31 May 2023,"1,581.84",,,,,,
Housing Standards,Agency Staff,AGENCY STAFF - W/C 1.5.23,B000024057/58852,Oyster Partnership,31 May 2023,716.40,,,,,,
Corporate Property Bus Unit,Agency Staff,AGENCY STAFF  - W/C 01/05/2023,B000024057/61657,G2 Recruitment Solutions,31 May 2023,999.00,,,,,,
Housing Standards,Agency Staff,AGENCY STAFF - W/C 7.5.23,B000024057/61657,G2 Recruitment Solutions,31 May 2023,"1,568.12",,,,,,
Environmental Protection,Agency Staff,AGENCY STAFF W/C 7.5.23,B000024057/61860,Vivid Resourcing,31 May 2023,"1,569.45",,,,,,
Housing Advice,Agency Staff,AGENCY STAFF - P/E 7.5.2023,B000024057/61860,Vivid Resourcing,31 May 2023,"1,297.80",,,,,,
Townscape Heritage Initiative,Contractor Other,PROFESSIONAL FEES,B000024057/66097,Hill Dickinson Llp,31 May 2023,"2,964.00",,,,,,
Economic Development Level Up,Fees-Analysts & Consultants,ECONOMIC DEVELOPMENT SERVICES MARCH 2023,B000024057/66485,Cheregen,31 May 2023,875.00,,,,,,
Parks & Open Spaces,Equipmnt Repair & Maint,BALMERS REPAIR,B000024059/442,Balmers Garden Machinery,31 May 2023,385.47,,,,,,
Cvmu,Materials-Direct,STEERING,B000024063/1758,Gunn Jcb Ltd,31 May 2023,550.09,,,,,,
Cvmu,Equipmnt Repair & Maint,SUNDRIES FOR WORKSHOP,B000024063/28065,Wurth Uk Ltd,31 May 2023,229.22,,,,,,
Accrington Town Centre,Event Expenditure,CORONATION BUNTING INSTALLATION,B000024064/14998,Sterling Construction (Services) Ltd,31 May 2023,"1,300.00",,,,,,
Cvmu,Fuel Stock,FUEL,B000024065/1033,Crown Oil Ltd,31 May 2023,"5,277.50",,,,,,
Cvmu,Fuel Stock,HVO FUEL,B000024065/1033,Crown Oil Ltd,31 May 2023,"39,750.00",,,,,,
Parks & Open Spaces,Playground Repairs,PLAY AREA SPARE PARTS ,B000024065/8506,Wicksteed Leisure Limited,31 May 2023,238.16,,,,,,
Parks & Open Spaces,Asset Maint R&M,REPAIR BURST PIPE - KING GEORGES,B000024067/37017,Pilkington Bros (Church) Ltd,31 May 2023,407.74,,,,,,
Local Elections,Postages,RETURN POSTAGE - MAY 23 ELECTION,B000024067/51517,Royal Mail Group Ltd,31 May 2023,"3,765.88",,,,,,
Insurances,Premiums Paid,FIDELITY GUARANTEE INSURANCE 23-24,B000024071/1287,Zurich Insurance Plc,31 May 2023,"3,493.65",,,,,,
Insurances,Premiums Paid,FIRE INDUSTRIAL UNIT INSURANCE 23-24,B000024071/1287,Zurich Insurance Plc,31 May 2023,"1,548.16",,,,,,
Insurances,Premiums Paid,MOTOR & PROPERTY INSURANCE 23-24,B000024071/1287,Zurich Insurance Plc,31 May 2023,"140,607.48",,,,,,
Land At Nook Lane,Fees-Analysts & Consultants,BURY MEADOWS- MASTER PLAN & CAF BID,B000024071/61128,Proffitts,31 May 2023,688.25,,,,,,
Wi-Fi Upgrade,Rental & Maint Software Misc,SMART 16 PORT,B000024071/68098,Montanas Group,31 May 2023,286.78,,,,,,
Haworth Art Gallery,Contribution From S106,GOODS FOR RESALE IN SHOP,B000024071/68537,Hachette Uk Distribution Ltd,31 May 2023,260.76,,,,,,
Parks & Open Spaces,Equipmnt Repair & Maint,MOWER MACHINERY,B000024073/54462,Tudor Environmental,31 May 2023,"1,090.00",,,,,,
Cvmu,Materials-Direct,"RUBBER, SPRING ETC",B000024074/60483,Wasteparts Uk Ltd,31 May 2023,"1,050.55",,,,,,
Housing Benefit Administration,Agency Staff,TEMP STAFF - W/E 14.05.23 ,B000024078/33923,Eden Brown Limited,31 May 2023,"1,010.10",,,,,,
Accountancy,Agency Staff,AGENCY COSTS - W/E 07.05.23,B000024078/63907,Butler Rose,31 May 2023,945.04,,,,,,
Accountancy,Agency Staff,AGENCY COSTS - W/E 14.05.23,B000024078/63907,Butler Rose,31 May 2023,980.93,,,,,,
Accountancy,Agency Staff,AGENCY COSTS - W/E 21.05.23 ,B000024078/63907,Butler Rose,31 May 2023,645.98,,,,,,
Accountancy,Agency Staff,AGENCY COSTS - W/E 23.04.23 ,B000024078/63907,Butler Rose,31 May 2023,"1,100.55",,,,,,
Legionella Plumbing Works,Contractor Other,TOWN HALL DISCONNECT & DRAIN WATER TANK,B000024081/57133,Mitie (Uk) Limited,31 May 2023,468.57,,,,,,
Customer Services,Bpr/Contact Centre, BROADWAY OFFICE- LIGHTING ADJUSTMENTS,B000024081/57949,Steven Mercer Electrical Contractors Limited,31 May 2023,280.00,,,,,,
Hmo,Agency Staff,TEMP STAFF CONTRACTOR W/C 17/04/23,B000024081/58852,Oyster Partnership,31 May 2023,"1,081.60",,,,,,
Housing Standards,Agency Staff,TEMP STAFF CONTRACTOR W/C 13/02/23,B000024081/58852,Oyster Partnership,31 May 2023,"1,046.25",,,,,,
Haworth Art Gallery,Asset Maint R&M,HAG ASBESTOS SAMPLING SURVEY,B000024081/59301,Consultants & Spec Surveyors Ltd,31 May 2023,225.00,,,,,,
Local Elections,Preparation Poll Cards,POLL CARDS FOR 2023 ELECTION,B000024081/62168,Civica Election Services,31 May 2023,"21,757.66",,,,,,
Huncoat Housing Zone,Fees-Analysts & Consultants,50% FEE FOR HUNCOAT ENGAGEMENT PROCESS,B000024081/65514,Avison Young (Uk) Ltd,31 May 2023,"5,000.00",,,,,,
Dev Control,Dev Control System,CONSULTANCY 01/04/23 - 30/04/23,B000024081/65823,Nec Software Solutions Uk Ltd,31 May 2023,"2,100.00",,,,,,
Development Control B.U.,Agency Staff,TEMP STAFF W/E 21/05/23,B000024081/67448,Macdonald & Company,31 May 2023,"1,496.50",,,,,,
Planning Policy B.U.,Agency Staff,TEMP STAFF W/E 21/05/23,B000024081/67448,Macdonald & Company,31 May 2023,"1,456.00",,,,,,
Accrington Crematorium,Gas,ACC CREM GAS BILL 01/04/23 - 30/04/23,B000024081/68037,Sefe Energy Ltd,31 May 2023,"3,695.01",,,,,,
Cannon St Acc,Gas,CANNON STREET GAS BILL 01/04/23 - 30/04/23,B000024081/68037,Sefe Energy Ltd,31 May 2023,94.21,,,,,,
Cannon St Acc,Gas,EAGLE ST OAP GAS BILL 01/04/23 - 30/04/23,B000024081/68037,Sefe Energy Ltd,31 May 2023,8.44,,,,,,
Haworth Art Gallery,Gas,HAG GAS BILL 01/04/23 - 30/04/23,B000024081/68037,Sefe Energy Ltd,31 May 2023,"1,617.52",,,,,,
Haworth Stables,Gas,HAWORTH STABLES GAS BILL 01/04/23 - 30/04/23,B000024081/68037,Sefe Energy Ltd,31 May 2023,829.34,,,,,,
Hyndburn Cemeteries,Gas,ACC CEM OFFICE GAS BILL 01/04/23 - 30/04/23,B000024081/68037,Sefe Energy Ltd,31 May 2023,33.55,,,,,,
Leisure In Hyndburn,Gas,CLAYTON CIVIC GAS BILL 01/04/23 - 30/04/23,B000024081/68037,Sefe Energy Ltd,31 May 2023,523.12,,,,,,
Leisure In Hyndburn,Gas,MERCER HALL GAS BILL 01/04/23 - 30/04/23,B000024081/68037,Sefe Energy Ltd,31 May 2023,"1,598.29",,,,,,
Library St Depot,Gas,CVMU GAS BILL 01/04/23 - 30/04/23,B000024081/68037,Sefe Energy Ltd,31 May 2023,"1,457.74",,,,,,
Markets - Operations,Gas,ACC MARKET HALL GAS BILL 01/04/23 - 30/04/23,B000024081/68037,Sefe Energy Ltd,31 May 2023,"1,675.42",,,,,,
Parks & Open Spaces,Gas,LOWERFOLD GAS BILL 01/04/23 - 30/04/23,B000024081/68037,Sefe Energy Ltd,31 May 2023,57.85,,,,,,
Parks & Open Spaces,Gas,RHYDDINGS PARK GAS BILL 01/04/23 - 30/04/23,B000024081/68037,Sefe Energy Ltd,31 May 2023,268.33,,,,,,
Willows Lane Depot,Gas,WILLOWS LANE GAS BILL 01/04/23 - 30/04/23,B000024081/68037,Sefe Energy Ltd,31 May 2023,565.74,,,,,,
Willows Lane Depot,Gas,WILLOWS LANE GAS BILL 01/04/23- 30/04/23,B000024081/68037,Sefe Energy Ltd,31 May 2023,505.29,,,,,,
Homes For Ukraine-Thankyou Pay,Misc Expenses Other,REFUGEE WEEK EVENT,B000024082/12122,Maundy Relief,31 May 2023,500.00,,,,,,
Local Elections,Training Expenses,AEA MAY TRAINING 2023,B000024082/350,Assoc Of Electoral Administrators,31 May 2023,"1,426.50",,,,,,
Scaitcliffe House,Misc Expenses Other,CONFIDENTIAL WASTE REMOVAL,B000024082/54964,Ecs Ltd,31 May 2023,234.00,,,,,,
Burton Chambers  - Luf,Miscellaneous,BURTONS CHAMBERS INSTAL 4 NEW BULLET LOCKS,B000024082/54975,Roller Shutter Services Ltd,31 May 2023,267.50,,,,,,
Accountancy,Mgnt Fees - Salary Sacrifice,AVC WISE MAY 23,B000024082/61891,Avc Wise Ltd,31 May 2023,8.96,,,,,,
Building Control B.U.,Mgnt Fees - Salary Sacrifice,AVC WISE MAY 23,B000024082/61891,Avc Wise Ltd,31 May 2023,5.23,,,,,,
Bulky Waste Collection,Mgnt Fees - Salary Sacrifice,AVC WISE MAY 23,B000024082/61891,Avc Wise Ltd,31 May 2023,8.96,,,,,,
Computer Services,Mgnt Fees - Salary Sacrifice,AVC WISE MAY 23,B000024082/61891,Avc Wise Ltd,31 May 2023,11.21,,,,,,
Consultancy-Engineering Div,Mgnt Fees - Salary Sacrifice,AVC WISE MAY 23,B000024082/61891,Avc Wise Ltd,31 May 2023,14.43,,,,,,
Customer Services,Mgnt Fees - Salary Sacrifice,AVC WISE MAY 23,B000024082/61891,Avc Wise Ltd,31 May 2023,8.95,,,,,,
Development,Mgnt Fees - Salary Sacrifice,AVC WISE MAY 23,B000024082/61891,Avc Wise Ltd,31 May 2023,33.67,,,,,,
Development Control B.U.,Mgnt Fees - Salary Sacrifice,AVC WISE MAY 23,B000024082/61891,Avc Wise Ltd,31 May 2023,14.79,,,,,,
Environmental Initiatives B.U.,Mgnt Fees - Salary Sacrifice,AVC WISE MAY 23,B000024082/61891,Avc Wise Ltd,31 May 2023,2.21,,,,,,
Environmental Protection,Mgnt Fees - Salary Sacrifice,AVC WISE MAY 23,B000024082/61891,Avc Wise Ltd,31 May 2023,21.04,,,,,,
Health Food & Safety,Mgnt Fees - Salary Sacrifice,AVC WISE MAY 23,B000024082/61891,Avc Wise Ltd,31 May 2023,11.15,,,,,,
Housing Benefit Administration,Mgnt Fees - Salary Sacrifice,AVC WISE MAY 23,B000024082/61891,Avc Wise Ltd,31 May 2023,4.41,,,,,,
Housing Standards,Mgnt Fees - Salary Sacrifice,AVC WISE MAY 23,B000024082/61891,Avc Wise Ltd,31 May 2023,0.85,,,,,,
Human Resources,Mgnt Fees - Salary Sacrifice,AVC WISE MAY 23,B000024082/61891,Avc Wise Ltd,31 May 2023,13.33,,,,,,
Hyndburn Cemeteries,Mgnt Fees - Salary Sacrifice,AVC WISE MAY 23,B000024082/61891,Avc Wise Ltd,31 May 2023,3.33,,,,,,
Internal Audit,Mgnt Fees - Salary Sacrifice,AVC WISE MAY 23,B000024082/61891,Avc Wise Ltd,31 May 2023,20.21,,,,,,
Legal Services,Mgnt Fees - Salary Sacrifice,AVC WISE MAY 23,B000024082/61891,Avc Wise Ltd,31 May 2023,14.58,,,,,,
Licensing,Mgnt Fees - Salary Sacrifice,AVC WISE MAY 23,B000024082/61891,Avc Wise Ltd,31 May 2023,22.41,,,,,,
Local Taxation,Mgnt Fees - Salary Sacrifice,AVC WISE MAY 23,B000024082/61891,Avc Wise Ltd,31 May 2023,3.33,,,,,,
Member Services,Mgnt Fees - Salary Sacrifice,AVC WISE MAY 23,B000024082/61891,Avc Wise Ltd,31 May 2023,11.21,,,,,,
Parks & Open Spaces,Mgnt Fees - Salary Sacrifice,AVC WISE MAY 23,B000024082/61891,Avc Wise Ltd,31 May 2023,16.05,,,,,,
Refuse/Cleansing Admin Staff,Mgnt Fees - Salary Sacrifice,AVC WISE MAY 23,B000024082/61891,Avc Wise Ltd,31 May 2023,26.97,,,,,,
Waste Services,Mgnt Fees - Salary Sacrifice,AVC WISE MAY 23,B000024082/61891,Avc Wise Ltd,31 May 2023,36.00,,,,,,
,,,,,,,,,,,,
,,,,,,,,,,,,
,,,,,,,,,,,,
,,,,,,,,,,,,
,,,,,,,,,,,,
