,,,,,,
Service Cost Centre,Account Detail,Description,HBC ref no,Name,Payment Date,Net Amount (£)
ENVIRONMENTAL SERVICES,CVMU,VEHICLE TAX,P-CARD - AUG 23,DVLA,17 July 2023,302.50
ENVIRONMENTAL SERVICES,CVMU,VEHICLE TAX,P-CARD - AUG 23,DVLA,17 July 2023,302.50
ENVIRONMENTAL SERVICES,CVMU,VEHICLE TAX,P-CARD - AUG 23,DVLA,17 July 2023,302.50
ENVIRONMENTAL SERVICES,ENVIRONMENTAL HEALTH,POSTERS,P-CARD - AUG 23,BEVLAN,18 July 2023,370.56
ENVIRONMENTAL SERVICES,ENVIRONMENTAL HEALTH,ACCOMMODATION,P-CARD - AUG 23,PREMIER INN,01 August 2023,267.98
ENVIRONMENTAL SERVICES,ENVIRONMENTAL HEALTH,ACCOMMODATION,P-CARD - AUG 23,PREMIER INN,02 August 2023,262.60
Elmfield Hall Flats,Asset Maint R&M,SCAFFOLDING FOR BEE REMOVAL ,B000024178/37017,Pilkington Bros (Church) Ltd,03 August 2023,"1,693.84"
Scaitcliffe House,Asset Maint R&M,NEW PUSHBAR FIRE DOORS SCAITCLIFFE,B000024178/37017,Pilkington Bros (Church) Ltd,03 August 2023,909.98
Accountancy,Agency Staff,AGENCY STAFF - W/C 03/07/23,B000024181/58852,Oyster Partnership,03 August 2023,"3,550.00"
Accountancy,Agency Staff,AGENCY STAFF - W/E 09/07/23,B000024181/61860,Vivid Resourcing,03 August 2023,"2,950.00"
Community Safety,Domestic Violence,DOMESTICE HOMICIDE REVIEW 1,B000024181/68243,Streetmellor,03 August 2023,"3,000.00"
Parks & Open Spaces,Implements & Tools,60 L BAGS OF MANURE,B000024183/7461,Rigby Taylor Ltd,03 August 2023,"1,500.00"
Licensing,General Subscriptions,ANNUAL SUBS,B000024185/47283,Institute Of Licensing,03 August 2023,310.00
Housing Advice,Agency Staff,STAFF P/E 09.07.23 ,B000024185/61860,Vivid Resourcing,03 August 2023,"1,491.84"
Accrington Town Centre,Event Expenditure,TRAFFIC MANAGEMENT RISHTON CARNIVAL,B000024186/68681,Paragon Traffic Management Limited,03 August 2023,715.00
Development Control B.U.,Agency Staff,STAFF W/C 03.07.23 ,B000024187/58852,Oyster Partnership,03 August 2023,463.20
Housing Standards,Agency Staff,STAFF WC 03.07.23 ,B000024187/58852,Oyster Partnership,03 August 2023,728.10
Planning Policy B.U.,Agency Staff,STAFF - WC 03.07.23,B000024187/58852,Oyster Partnership,03 August 2023,"1,134.75"
Environmental Protection,Agency Staff,STAFF- P/E 09.07.23,B000024187/61860,Vivid Resourcing,03 August 2023,"1,850.00"
Environmental Protection,Agency Staff,TEMP STAFF 30.06.23  02.07.23  09.07.23,B000024187/61860,Vivid Resourcing,03 August 2023,"1,971.27"
Computer Services,Fees-Analysts & Consultants,PROFESSIONAL SERVICES,B000024189/52650,Secon,03 August 2023,"2,250.00"
Computer Services,Rental & Maint Software Misc,XGX 3300 FOR 3 YRS,B000024189/52650,Secon,03 August 2023,"10,560.89"
Hyndburn Cemeteries,Equipmnt Repair & Maint,MOWER REPAIRS,B000024197/68556,Rob Mercer,03 August 2023,670.68
Cvmu,Materials-Direct,SENSOR,B000024197/8014,Terberg Matec Uk,03 August 2023,380.00
Hyndburn Cemeteries,Printing,CEMETERY RECEIPT BOOKS,B000024198/59037,Nottingham Label Company Limited,03 August 2023,215.00
Cvmu,Materials-Direct,FAILURE TO RETURN PARTS,B000024202/1164,Dennis Eagle Limited,03 August 2023,300.00
Cvmu,Materials-Direct,PRESSURE VALVE,B000024202/1164,Dennis Eagle Limited,03 August 2023,471.55
Cvmu,Materials-Direct,PACK RAM BEARING,B000024203/1164,Dennis Eagle Limited,03 August 2023,284.55
Parks & Open Spaces,Materials-Direct,NEW DECK AND CLUTCH,B000024203/68556,Rob Mercer,03 August 2023,592.81
Hmo,Agency Staff,AGENCY STAFF - W/C 26.6.23,B000024205/58852,Oyster Partnership,03 August 2023,"1,040.00"
Hmo,Agency Staff,AGENCY STAFF - W/C 3.7.23 ,B000024205/58852,Oyster Partnership,03 August 2023,"1,092.00"
Housing Standards,Agency Staff,AGENCY STAFF P/E 9.7.23,B000024205/61657,G2 Recruitment Solutions,03 August 2023,"1,864.93"
Customer Services,Contrib From Earmarked Reserve,CAPITA BEST PRACTICE REVIEWS,B000024205/783,Capita Business Services Ltd,03 August 2023,"11,700.00"
Corporate Property,Electricity,ELECTRICITY MERCER HOUSE - 20.06.23 - 25.07.23,B000024224/35310,Sse Energy Solutions,03 August 2023,371.86
Parks & Open Spaces,Cleaning Of Buildings,OAKHILL PAR PAV CLEANING AUG 23,B000024224/68396,Servicemaster Cs Aaa,03 August 2023,279.70
Housing Benefit Administration,Agency Staff,TEMP STAFF WE 28.05.23 ,B000024225/33923,Eden Brown Limited,03 August 2023,"1,010.10"
Emergency Works Grant,Contractor Other,GRANT WORK,B000024225/68216,Scl Building Services Limited,03 August 2023,"2,998.20"
Housing Benefit Administration,Computer Rental & Maint,CTS SCHEME,B000024226/57030,Acs Ltd,03 August 2023,"1,000.00"
Corporate Property Bus Unit,Agency Staff,TEMP STAFF - P/E 07.07.23 ,B000024226/61657,G2 Recruitment Solutions,03 August 2023,"1,215.00"
Market Chambers - Luf,Legal Fees,LEGAL FEES - ADVICE AND STAT DOCS,B000024226/66553,Womble Bond Dickinson,03 August 2023,752.50
Dfg Affordable Warmth Grant,Contractor Other,AFFORDABLE WARMTH GRANT ,B000024226/68294,Artisan Windows,03 August 2023,"1,495.00"
P & C G,IT,CONSUMABLE KIT,P-CARD - AUG 23,SCANNERSHOP,07 August 2023,292.00
Burton Chambers  - Luf,Consultants Fees,PROGRAMME DIRECTOR - JUNE 23,B000024178/68462,Rider Levett Bucknall Uk Ltd,08 August 2023,"4,400.00"
Market Hall - Luf,Consultants Fees,PROGRAMME DIRECTOR - JUNE 23,B000024178/68462,Rider Levett Bucknall Uk Ltd,08 August 2023,"4,400.00"
Development Control B.U.,Advertising General,PRESS NOTICE 14/07/23,B000024195/59724,Tmp (Uk) Ltd,08 August 2023,271.92
Parks & Open Spaces,Materials-Direct,DECK,B000024203/68556,Rob Mercer,08 August 2023,550.81
Parks & Open Spaces,Materials-Direct,NEW ENGINE AND EXHAUST,B000024203/68556,Rob Mercer,08 August 2023,"2,339.43"
Registration Of Electors,Postages,I E R RETURN POSTAGE,B000024212/18867,Royal Mail,08 August 2023,108.64
Waste Services,Agency Staff,AGENCY STAFF W/C 10.7.23,B000024218/61971,Rapid Recruit Ltd,08 August 2023,734.01
Disabled Facilities General,Contractor Other,DISABLED FACILITIES GRANT,B000024228/64332,R W Building And Development,08 August 2023,"10,430.00"
Hag Reroof And Refurb,Contractor Other,REPAIR AND RECOVER TURRET ROOF,B000024228/68735,Lancashire Roofing Services,08 August 2023,"5,000.00"
Disabled Facilities General,Contractor Other,DISABLED FACILITIES GRANT,B000024229/25868,Hyndburn Plumbing & Heating Services,08 August 2023,"5,295.90"
Disabled Facilities General,Contractor Other,DISABLED FACILITIES GRANT,B000024229/59301,Consultants & Spec Surveyors Ltd,08 August 2023,325.00
Disabled Facilities General,Contractor Other,DISABLED FACILITIES GRANT,B000024229/61433,Jcm Steel Fabrications Ltd,08 August 2023,"7,450.00"
Dfg (Area Improvement),External Charges - Dfg,DISABLED FACILITIES GRANT,B000024231/39718,Glovers Project Services Ltd,08 August 2023,390.00
Hlc Leisure Inv Prog,Other Fees,ACCESS AGREEMENT -LEISURE TRANSFORMATION STAGE 4 VAL 6,B000024231/48468,Alliance Leisure Services Limited,08 August 2023,"18,559.58"
Acc Town Hall,Electricity,ATH (ACCRINGTON TOWN HALL) JULY 2023,B000024231/59343,Edf Energy,08 August 2023,"3,663.85"
Leisure In Hyndburn,Electricity,MERCER HALL- JULY 2023,B000024231/59343,Edf Energy,08 August 2023,"5,227.51"
Library St Depot,Electricity,CVMU- JULY 23,B000024231/59343,Edf Energy,08 August 2023,"2,275.34"
Markets - Operations,Electricity,ACCRINGTON MARKET- JULY 2023,B000024231/59343,Edf Energy,08 August 2023,"6,630.51"
Parks & Open Spaces,Electricity,COMMUNITY HUB JULY 23,B000024231/59343,Edf Energy,08 August 2023,829.33
Scaitcliffe House,Protective Clothing,SCAITCLIFFE HOUSE JULY 2023,B000024231/59343,Edf Energy,08 August 2023,"4,905.32"
Accountancy,Mgnt Fees - Salary Sacrifice,SALARY SACRIFICE,B000024231/61891,Avc Wise Ltd,08 August 2023,8.96
Building Control B.U.,Mgnt Fees - Salary Sacrifice,SALARY SACRIFICE,B000024231/61891,Avc Wise Ltd,08 August 2023,5.23
Bulky Waste Collection,Mgnt Fees - Salary Sacrifice,SALARY SACRIFICE,B000024231/61891,Avc Wise Ltd,08 August 2023,8.96
Computer Services,Mgnt Fees - Salary Sacrifice,SALARY SACRIFICE,B000024231/61891,Avc Wise Ltd,08 August 2023,11.21
Consultancy-Engineering Div,Mgnt Fees - Salary Sacrifice,SALARY SACRIFICE,B000024231/61891,Avc Wise Ltd,08 August 2023,16.43
Customer Services,Mgnt Fees - Salary Sacrifice,SALARY SACRIFICE,B000024231/61891,Avc Wise Ltd,08 August 2023,8.96
Development,Mgnt Fees - Salary Sacrifice,SALARY SACRIFICE,B000024231/61891,Avc Wise Ltd,08 August 2023,33.67
Development Control B.U.,Mgnt Fees - Salary Sacrifice,SALARY SACRIFICE,B000024231/61891,Avc Wise Ltd,08 August 2023,14.78
Environmental Initiatives B.U.,Mgnt Fees - Salary Sacrifice,SALARY SACRIFICE,B000024231/61891,Avc Wise Ltd,08 August 2023,2.20
Environmental Protection,Mgnt Fees - Salary Sacrifice,SALARY SACRIFICE,B000024231/61891,Avc Wise Ltd,08 August 2023,17.91
Health Food & Safety,Mgnt Fees - Salary Sacrifice,SALARY SACRIFICE,B000024231/61891,Avc Wise Ltd,08 August 2023,13.41
Housing Benefit Administration,Mgnt Fees - Salary Sacrifice,SALARY SACRIFICE,B000024231/61891,Avc Wise Ltd,08 August 2023,4.42
Housing Standards,Mgnt Fees - Salary Sacrifice,SALARY SACRIFICE,B000024231/61891,Avc Wise Ltd,08 August 2023,0.85
Human Resources,Mgnt Fees - Salary Sacrifice,SALARY SACRIFICE,B000024231/61891,Avc Wise Ltd,08 August 2023,13.35
Hyndburn Cemeteries,Mgnt Fees - Salary Sacrifice,SALARY SACRIFICE,B000024231/61891,Avc Wise Ltd,08 August 2023,3.33
Internal Audit,Mgnt Fees - Salary Sacrifice,SALARY SACRIFICE,B000024231/61891,Avc Wise Ltd,08 August 2023,20.21
Legal Services,Mgnt Fees - Salary Sacrifice,SALARY SACRIFICE,B000024231/61891,Avc Wise Ltd,08 August 2023,14.58
Licensing,Mgnt Fees - Salary Sacrifice,SALARY SACRIFICE,B000024231/61891,Avc Wise Ltd,08 August 2023,31.41
Local Taxation,Mgnt Fees - Salary Sacrifice,SALARY SACRIFICE,B000024231/61891,Avc Wise Ltd,08 August 2023,11.13
Member Services,Mgnt Fees - Salary Sacrifice,SALARY SACRIFICE,B000024231/61891,Avc Wise Ltd,08 August 2023,11.21
Parks & Open Spaces,Mgnt Fees - Salary Sacrifice,SALARY SACRIFICE,B000024231/61891,Avc Wise Ltd,08 August 2023,9.81
Refuse/Cleansing Admin Staff,Mgnt Fees - Salary Sacrifice,SALARY SACRIFICE,B000024231/61891,Avc Wise Ltd,08 August 2023,26.98
Waste Services,Mgnt Fees - Salary Sacrifice,SALARY SACRIFICE,B000024231/61891,Avc Wise Ltd,08 August 2023,35.98
Other Services,Single Funding Pot,WEB BASED ADVERTISING,B000024231/68736,Spacehouse Limited,08 August 2023,"1,450.00"
Disabled Facilities General,Contractor Other,DISABLED FACILITIES GRANT,B000024233/30178,B3p Services Ltd,08 August 2023,"4,315.09"
Corp & Dem Core,Marketing Communications,GENERAL DESIGN TIME,B000024233/65011,Brands Inside Out Limited,08 August 2023,500.00
Burton Chambers  - Luf,Consultants Fees,PROGRAMME DIRECTOR JULY 23,B000024233/68462,Rider Levett Bucknall Uk Ltd,08 August 2023,"4,400.00"
Market Hall - Luf,Consultants Fees,PROGRAMME DIRECTOR JULY 23,B000024233/68462,Rider Levett Bucknall Uk Ltd,08 August 2023,"4,400.00"
Disabled Facilities General,Contractor Other,DISABLED FACILITIES GRANT,B000024233/7874,Stannah Lift Services Limited,08 August 2023,"3,242.00"
Disabled Facilities General,Contractor Other,DISABLED FACILITIES GRANT,B000024233/7874,Stannah Lift Services Limited,08 August 2023,"5,553.00"
Cctv'S,Energy,AMENITY LIGHTING - 04.07.23 - 01.08.23,B000024236/35310,Sse Energy Solutions,08 August 2023,170.28
Christmas Decs & Amenity Costs,Electricity,CHRISTMAS LIGHTING - 04.07.23 - 01.08.23,B000024236/35310,Sse Energy Solutions,08 August 2023,"1,760.05"
Christmas Decs & Amenity Costs,Energy,AMENITY LIGHTING - 04.07.23 - 01.08.23,B000024236/35310,Sse Energy Solutions,08 August 2023,"2,511.57"
Off Street Parking,Energy,AMENITY LIGHTING - 04.07.23 - 01.08.23,B000024236/35310,Sse Energy Solutions,08 August 2023,"1,986.55"
Other Services,Energy,AMENITY LIGHTING - 04.07.23 - 01.08.23,B000024236/35310,Sse Energy Solutions,08 August 2023,85.14
Public Transport,Energy,AMENITY LIGHTING - 04.07.23 - 01.08.23,B000024236/35310,Sse Energy Solutions,08 August 2023,922.33
Accrington Crematorium,Security System Maintenance,HBC - KEY PLUS SECURITY - KEYHOLDER CALLOUTS - JULY 2023,B000024236/44845,Keyplus Security Ltd,08 August 2023,263.12
Corporate Property,Security System Maintenance,HBC - KEY PLUS SECURITY - KEYHOLDER CALLOUTS - JULY 2023,B000024236/44845,Keyplus Security Ltd,08 August 2023,46.00
Hyndburn Cemeteries,Security System Maintenance,HBC - KEY PLUS SECURITY - KEYHOLDER CALLOUTS - JULY 2023,B000024236/44845,Keyplus Security Ltd,08 August 2023,131.56
Library St Depot,Security System Maintenance,HBC - KEY PLUS SECURITY - KEYHOLDER CALLOUTS - JULY 2023,B000024236/44845,Keyplus Security Ltd,08 August 2023,263.12
Markets - Operations,Security System Maintenance,HBC - KEY PLUS SECURITY - KEYHOLDER CALLOUTS - JULY 2023,B000024236/44845,Keyplus Security Ltd,08 August 2023,345.35
Parks & Open Spaces,Security System Maintenance,HBC - KEY PLUS SECURITY - KEYHOLDER CALLOUTS - JULY 2023,B000024236/44845,Keyplus Security Ltd,08 August 2023,506.00
Ranger St Compound & Depot,Security System Maintenance,HBC - KEY PLUS SECURITY - KEYHOLDER CALLOUTS - JULY 2023,B000024236/44845,Keyplus Security Ltd,08 August 2023,263.12
Scaitcliffe House,Security System Maintenance,HBC - KEY PLUS SECURITY - KEYHOLDER CALLOUTS - JULY 2023,B000024236/44845,Keyplus Security Ltd,08 August 2023,57.20
Willows Lane Depot,Security System Maintenance,HBC - KEY PLUS SECURITY - KEYHOLDER CALLOUTS - JULY 2023,B000024236/44845,Keyplus Security Ltd,08 August 2023,65.78
General Expenses,Cabinet Action Fund,CONTRIBUTION TOWARDS ANNUAL FIREWORK SHOW 23/24,B000024237/53768,Accrington Stanley Community Trust,08 August 2023,"1,500.00"
General Expenses,Cabinet Action Fund,CONT TOWARDS NEW SETS OF COACHING BOWLS,B000024237/68737,Great Harwood Bowling Club,08 August 2023,500.00
General Expenses,Cabinet Action Fund,CONTRIBUTION TOWARDS GRASS ROOTS FOOTBALL CLUB,B000024237/68740,Huncoat United Football Club,08 August 2023,400.00
Willows Lane Depot,Asset Maint R&M,WILLOWS LANE- PPM EMERGENCY LIGHTING TEST,B000024195/53957,Lantei Limited,10 August 2023,210.00
Rhyddings Cafe,Asset Maint R&M,RHYDDINGS PARK COACH HOUSE-NEW COMMERCIAL MICROWAVE,B000024195/56939,Affordable Bar & Catering Equipment Direct,10 August 2023,650.00
Markets - Operations,Asset Maint R&M,ACC MARKET HALL  REPLACE TOILET DOORS,B000024200/59128,George Pearce & Sons Ltd,10 August 2023,554.00
Cvmu,Materials-Direct,STEAM CLEAN X 2,B000024202/58642,Keep Em Clean,10 August 2023,525.00
Cvmu,Materials-Direct,SERVICE AND REPAIRS,B000024202/63930,Croft Commercials Transport Limited,10 August 2023,816.20
Cvmu,Materials-Direct,WHEEL HUB,B000024202/7688,Aebi Schmidt Uk Ltd,10 August 2023,834.02
Broad Oak Culvert,Contractor Other,MANCHESTER ROAD CULVERT,B000024205/54658,Wade Group,10 August 2023,"25,000.00"
General Maintenance,Work Done Dlo-Highways,MANCHESTER ROAD CULVERT,B000024205/54658,Wade Group,10 August 2023,"1,049.09"
Hyndburn Cemeteries,Materials-Direct,TOP SOIL,B000024206/13133,Greenvale,10 August 2023,440.00
Community Safety,General Subscriptions,LANPAC MEMBERSHIP - 23 / 24,B000024212/2551,Lanpac Ltd,10 August 2023,250.00
Haworth Art Gallery,Equipment-Resale,GOODS FOR RESALE IN SHOP,B000024222/57883,Museums & Galleries,10 August 2023,238.50
Housing Benefit Administration,Agency Staff,TEMP STAFF WE 23.07.23 ,B000024228/33923,Eden Brown Limited,10 August 2023,"1,010.10"
Housing Benefit Administration,Agency Staff,TEMP STAFF W/E 30.07.23 ,B000024228/33923,Eden Brown Limited,10 August 2023,"1,010.10"
Hyndburn Cemeteries,Agency Staff,SEASONAL STAFF W/C 17.7.23,B000024230/19414,Proman Supply Chain Ltd,10 August 2023,"1,044.66"
Parks & Open Spaces,Agency Staff,SEASONAL STAFF  W/C 17.7.23,B000024230/19414,Proman Supply Chain Ltd,10 August 2023,"1,886.47"
Cemetery Welfare & Depot Fac,Contractor Other,FEES FOR ARCHITECT SERVICES,B000024230/62103,The Intelligent Design Centre Ltd,10 August 2023,"1,250.00"
Hyndburn Cemeteries,Cleaning Of Buildings,BUILDING CLEANING CEM OFFICE AUG 23,B000024230/68396,Servicemaster Cs Aaa,10 August 2023,734.24
Parks & Open Spaces,Cleaning Of Buildings,BUILDING CLEANING WILSONS AUG 23,B000024230/68396,Servicemaster Cs Aaa,10 August 2023,550.67
Parks & Open Spaces,Water Charges,WATER CHARGES KING GEORGES 21.5.23-20.6.23,B000024230/8325,Water Plus Ltd,10 August 2023,"3,722.68"
Willows Lane Depot,Water Charges,TOWNS YARD WATER CHARGES 25.6.23-24.7.23,B000024230/8325,Water Plus Ltd,10 August 2023,492.05
Dog Warden,Kenneling - Daytime,KENELLING CONTRACT,B000024234/36271,Aspen Valley Boarding Kennels & Cattery,10 August 2023,"1,182.64"
Parks & Open Spaces,Cleaning Of Buildings,BUILDING CLEANING RHYDDINGS AUG 23,B000024234/68396,Servicemaster Cs Aaa,10 August 2023,495.59
Willows Lane Depot,Cleaning Of Buildings,BUILDING CLEANING WILLOWS LANE AUG 23,B000024234/68396,Servicemaster Cs Aaa,10 August 2023,954.53
Waste Services,Protective Clothing,DE-ICER 600ML,B000024235/666,"Bubbles, Brushes & Wiper Co Ltd",10 August 2023,23.88
Waste Services,Protective Clothing,FULLY COVERED SUMO GLOVES 9/10,B000024235/666,"Bubbles, Brushes & Wiper Co Ltd",10 August 2023,520.00
Waste Services,Protective Clothing,SAFETY BOOTS 7/8/10,B000024235/666,"Bubbles, Brushes & Wiper Co Ltd",10 August 2023,262.86
Waste Services,Protective Clothing,HI VIS BOMBER JACKET ORANGE M/L,B000024235/666,"Bubbles, Brushes & Wiper Co Ltd",10 August 2023,71.07
Waste Services,Protective Clothing,HI VIS HIGHWAYS JACKET ORANGE M,B000024235/666,"Bubbles, Brushes & Wiper Co Ltd",10 August 2023,22.98
Waste Services,Protective Clothing,PORTWEST HI VIS TROUSERS ORANGE/NAVY S/M/L,B000024235/666,"Bubbles, Brushes & Wiper Co Ltd",10 August 2023,223.09
Waste Services,Protective Clothing,SUMO X5 GLOVES 9/10,B000024235/666,"Bubbles, Brushes & Wiper Co Ltd",10 August 2023,780.00
Waste Services,Protective Clothing,TWO TONE SWEATSHIRT ORANGE/NAVY M/L/XL,B000024235/666,"Bubbles, Brushes & Wiper Co Ltd",10 August 2023,64.95
Ribblesdale Ave Acc S106,Contrib From Earmarked Reserve,WHINNEY HILL ENHANCEMENT - S106,B000024240/2496,Lancashire County Council,10 August 2023,"57,500.00"
General Expenses,Cabinet Action Fund,CONTRIBUTION TOWARDS RENT AND ACTIVITIES,B000024240/60627,Oswaldtwistle And District Womens Institute,10 August 2023,750.00
Ukspf - Regeneration,Marketing/Promotion,TCIP DESIGN PRINT AND INSTALL,B000024240/66163,Media Village,10 August 2023,"8,100.00"
Ukspf - Regeneration,Marketing/Promotion,TCIP PROMO VIDEO,B000024240/66163,Media Village,10 August 2023,"9,750.00"
Development Control B.U.,Agency Staff,AGENCY STAFF - W/E 30.7.23,B000024240/67448,Macdonald & Company,10 August 2023,"1,438.42"
Planning Policy B.U.,Agency Staff,AGENCY STAFF- W/E 30/7/23,B000024240/67448,Macdonald & Company,10 August 2023,"1,378.00"
Dfg Affordable Warmth Grant,Temporary Accommodation,AFFORDABLE WARMTH GRANT ,B000024240/68294,Artisan Windows,10 August 2023,"1,495.00"
Planning Policy B.U.,Local Plan,ANCIENT WOODLAND INVENTORY,B000024242/2496,Lancashire County Council,10 August 2023,620.00
Strategic Housing Department,General Subscriptions,NORTH WEST HOUSING FORUM - 22/23,B000024242/60246,Bolton At Home,10 August 2023,500.00
Land At Nook Lane,Fees-Analysts & Consultants,BURY MEADOWS - MASTER PLAN AND CAF BID,B000024242/60561,Proffits Investing In Communities,10 August 2023,"1,184.00"
Housing Advice,Temporary Accommodation,2 X ROOMS - 11.07 - 07.02.23 - 27 NIGHTS ,B000024242/67383,Molesworth Hotel,10 August 2023,"3,726.00"
Housing Advice,Temporary Accommodation,ACCOMMODATION - 09.07 - 18.07.23 ,B000024242/67383,Molesworth Hotel,10 August 2023,711.00
Scaitcliffe House,Water Charges,WATER SCAITCLIFFE - 01.07.23 - 31.07.23,B000024242/8325,Water Plus Ltd,10 August 2023,520.00
ENVIRONMENTAL SERVICES,CVMU,VEHICLE TAX,P-CARD - AUG 23,DVLA,11 August 2023,322.50
ENVIRONMENTAL SERVICES,CVMU,VEHICLE TAX,P-CARD - AUG 23,DVLA,11 August 2023,422.50
ENVIRONMENTAL SERVICES,CEMETERIES,GRASS SEED,P-CARD - AUG 23,LBS HORTICULTURE,11 August 2023,269.37
Waste Services,Agency Staff,AGENCY STAFF W/C 14.11.22,B000023978/61971,Rapid Recruit Ltd,14 August 2023,532.43
Hyndburn Cemeteries,Agency Staff,SEASONAL STAFF  W/C 14.11.22,B000024113/19414,Proman Supply Chain Ltd,15 August 2023,543.52
Willows Lane Depot,Cleaning Of Buildings,BUILDING CLEANING WILLOWS LANE DEC 22,B000024130/50873,Servicemaster,15 August 2023,870.12
Bullough Park Playground,Contractor Other,BULLOUGH PARK WORKS ,B000024183/66329,Groundwork Landscapes Limited,15 August 2023,"5,430.00"
Housing Standards,Agency Staff,STAFF W/C 10.07.23 ,B000024200/58852,Oyster Partnership,15 August 2023,768.60
Housing Standards,Agency Staff,STAFF P/E 16.07.23 ,B000024200/61657,G2 Recruitment Solutions,15 August 2023,"1,982.95"
Environmental Protection,Agency Staff,STAFF P/E 16.07.23 ,B000024200/61860,Vivid Resourcing,15 August 2023,"1,750.00"
Environmental Protection,Agency Staff,STAFF P/E 16.07.23 ,B000024200/61860,Vivid Resourcing,15 August 2023,956.81
Housing Advice,Agency Staff,STAFF P/E 16.07.23  ,B000024200/61860,Vivid Resourcing,15 August 2023,"1,524.96"
Parks & Open Spaces,Asset Maint R&M,FIFE STREET PLAY AREA - REPAIR DAMAGED WALL AND RAILINGS,B000024205/37017,Pilkington Bros (Church) Ltd,15 August 2023,"1,705.13"
Hmo,Agency Staff,AGENCY STAFF - W/C 3.7.23,B000024205/58852,Oyster Partnership,15 August 2023,"1,685.84"
Willows Lane Depot,Asset Maint R&M,WILLOWS LANE - EICR WIRING TEST,B000024205/60330,Calbarrie Compliance Services,15 August 2023,"1,028.60"
Parks & Open Spaces,Asset Maint R&M,OAKHILL PARK - REPAIRS TO TENNIS COURT,B000024205/61433,Jcm Steel Fabrications Ltd,15 August 2023,395.00
Development Control B.U.,Agency Staff,STAFF W/C 10.07.23 ,B000024211/58852,Oyster Partnership,15 August 2023,463.20
Planning Policy B.U.,Agency Staff,STAFF WC 10.07.23,B000024211/58852,Oyster Partnership,15 August 2023,"1,157.00"
Member Services,Printing,BUSINESS CARDS - COUNCILLORS,B000024212/54933,The Small Sign Company,15 August 2023,215.00
Accountancy,Agency Staff,AGENCY STAFF - W/C 10.07.23 ,B000024212/58852,Oyster Partnership,15 August 2023,"3,550.00"
Accountancy,Agency Staff,AGENCY STAFF - W/E 16.07.23,B000024212/61860,Vivid Resourcing,15 August 2023,"2,950.00"
Rhyddings Cafe,Asset Maint R&M,RHYDDINGS PARK SERV BUILDING  EICR 5 YR WIRING TEST,B000024214/60330,Calbarrie Compliance Services,15 August 2023,472.60
Cvmu,Materials-Direct,BUMPER CORNER AND COVER,B000024216/1164,Dennis Eagle Limited,15 August 2023,470.77
Cvmu,Materials-Direct,LIFT AIR BAG,B000024216/66006,Alliance Automotive Uk Lv T/A Jpn Autoparts,15 August 2023,217.44
Pest Control,Baits & Poisons,DOC LURE 300ML,B000024217/2419,Killgerm Chemicals Ltd,15 August 2023,49.95
Pest Control,Baits & Poisons,SAKARAT BROMABAIT 10KG,B000024217/2419,Killgerm Chemicals Ltd,15 August 2023,189.00
Street Cleansing,Implements & Tools,"24 POWERPICK LITTER PICKER 33""",B000024217/36319,Landscape Supply Company,15 August 2023,477.60
Gang Mower F12213,Aquisition Of Vehicles,TOOL BAG WITH TOOLS ,B000024217/68624,Richard Campey Limited,15 August 2023,85.00
Gang Mower F12213,Aquisition Of Vehicles,TRIMAX PEGASUS 493 S5 MOWER C/W REMOTE UNLOCK,B000024217/68624,Richard Campey Limited,15 August 2023,"33,250.00"
Tipping Charges,Hired Vehicle,EMPTY WASTE BAYS W/L,B000024218/9294,Stanley Brothers (Tippers) Ltd,15 August 2023,540.00
Accountancy,Agency Staff,AGENCY COSTS-  W/C 17/07/23,B000024219/58852,Oyster Partnership,15 August 2023,"3,550.00"
Building Control B.U.,Agency Staff,AGENCY STAFF- W/C 17/07/23 ,B000024219/58852,Oyster Partnership,15 August 2023,945.00
Development Control B.U.,Agency Staff,AGENCY COSTS-  W/C 17/07/23,B000024219/58852,Oyster Partnership,15 August 2023,463.20
Planning Policy B.U.,Agency Staff,AGENCY FEES- W/C 17/07/23 ,B000024219/58852,Oyster Partnership,15 August 2023,"1,379.50"
Accrington Crematorium,Asset Maint R&M,ACC CEM OFFICE AND ACC CREMATORIUM- PPM EMERGENCY LIGHTING TEST,B000024220/53957,Lantei Limited,15 August 2023,196.55
Haworth Art Gallery,Asset Maint R&M,"HAG- PPM EMERGENCY LIGHTING TEST, INSPECTION AND SURVEY",B000024220/53957,Lantei Limited,15 August 2023,336.55
Haworth Art Gallery,Asset Maint R&M,HAWORTH STABLES- PPM EMERGENCY LIGHTING TEST,B000024220/53957,Lantei Limited,15 August 2023,336.70
Hyndburn Cemeteries,Asset Maint R&M,ACC CEM OFFICE AND ACC CREM- PPM EMERGENCY LIGHTING TEST,B000024220/53957,Lantei Limited,15 August 2023,140.00
Accountancy,Advertising,JOB LISTING IN PUBLIC FINANCE,B000024222/62354,Redactive Publishing Ltd,15 August 2023,952.00
Haworth Art Gallery,Equipment-Resale,GOODS FOR RESALE IN SHOP,B000024222/64481,The Natural French Soap Company,15 August 2023,279.65
Christmas Decs & Amenity Costs,Work Done Dlo-Highways,BANK MILL HOUSE - TRACE CABLES DISCONNECTED AND REMOVE,B000024224/27030,Lighting And Building Services Ltd,15 August 2023,240.00
Accrington Crematorium,Gas,GAS BILL 30.03.23 - 30.06.23 ACC CREM,B000024224/68037,Sefe Energy Ltd,15 August 2023,"8,524.86"
Cannon St Acc,Gas,GAS BILL 30.03.23 - 30.06.23 CANNON ST,B000024224/68037,Sefe Energy Ltd,15 August 2023,121.52
Cannon St Acc,Gas,GAS BILL 30.03.23 - 30.06.23 EAGLE ST OAP,B000024224/68037,Sefe Energy Ltd,15 August 2023,17.15
Haworth Art Gallery,Gas,GAS BILL 30.03.23 - 30.06.23 HAWORTH ART GALLERY,B000024224/68037,Sefe Energy Ltd,15 August 2023,"1,579.34"
Haworth Stables,Gas,GAS BILL 30.03.23 - 30.06.23 HAWORTH STABLES,B000024224/68037,Sefe Energy Ltd,15 August 2023,704.64
Hyndburn Cemeteries,Gas,GAS BILL 30.03.23 - 30.06.23 ACC CEM OFFICE,B000024224/68037,Sefe Energy Ltd,15 August 2023,447.12
Hyndburn Cemeteries,Gas,GAS BILL 30.03.23 - 30.06.23 ACC CEM SERV BUILDING,B000024224/68037,Sefe Energy Ltd,15 August 2023,70.45
Leisure In Hyndburn,Gas,GAS BILL 30.03.23 - 30.06.23 ACC TOWN HALL,B000024224/68037,Sefe Energy Ltd,15 August 2023,"9,411.09"
Leisure In Hyndburn,Gas,GAS BILL 30.03.23 - 30.06.23 CLAYTON CIVIC,B000024224/68037,Sefe Energy Ltd,15 August 2023,443.90
Leisure In Hyndburn,Gas,GAS BILL 30.03.23 - 30.06.23 MERCER HALL,B000024224/68037,Sefe Energy Ltd,15 August 2023,"1,809.20"
Library St Depot,Gas,GAS BILL 30.03.23 - 30.06.23 CVMU,B000024224/68037,Sefe Energy Ltd,15 August 2023,"1,578.02"
Markets - Operations,Gas,GAS BILL 30.03.23 - 30.06.23 ACC MARKET HALL,B000024224/68037,Sefe Energy Ltd,15 August 2023,738.74
Parks & Open Spaces,Gas,GAS BILL 30.03.23 - 30.06.23 BULLOUGH PARK,B000024224/68037,Sefe Energy Ltd,15 August 2023,115.70
Parks & Open Spaces,Gas,GAS BILL 30.03.23 - 30.06.23 LOWERFOLD,B000024224/68037,Sefe Energy Ltd,15 August 2023,82.41
Parks & Open Spaces,Gas,GAS BILL 30.03.23 - 30.06.23 OAKHILL PARK,B000024224/68037,Sefe Energy Ltd,15 August 2023,129.27
Parks & Open Spaces,Gas,GAS BILL 30.03.23 - 30.06.23 RHYDDINGS PARK,B000024224/68037,Sefe Energy Ltd,15 August 2023,203.67
Parks & Open Spaces,Gas,GAS BILL 30.03.23 - 30.06.23 WILSONS,B000024224/68037,Sefe Energy Ltd,15 August 2023,800.19
Willows Lane Depot,Gas,GAS BILL 30.03.23 - 30.06.23 WILLOWS LANE,B000024224/68037,Sefe Energy Ltd,15 August 2023,762.50
Hmo,Agency Staff,TEMP STAFF W/C 10.07.23 ,B000024225/58852,Oyster Partnership,15 August 2023,"1,066.00"
Hmo,Agency Staff,STAFF WC 10.07.23 ,B000024225/58852,Oyster Partnership,15 August 2023,"1,834.56"
Housing Standards,Agency Staff,STAFF PE 23.7.23 ,B000024225/61657,G2 Recruitment Solutions,15 August 2023,"2,013.34"
Asylum Seekers,New Equipment,4 X OFFICE DESK AND DRAWER,B000024225/9535,Bevlan Office Interiors Ltd,15 August 2023,60.00
Climate Emergency Fund,New Equipment,4 X OFFICE DESK AND DRAWER,B000024225/9535,Bevlan Office Interiors Ltd,15 August 2023,240.00
Homes For Ukraine-Thankyou Pay,New Equipment,4 X OFFICE DESK AND DRAWER,B000024225/9535,Bevlan Office Interiors Ltd,15 August 2023,60.00
Housing Advice,New Equipment,4 X OFFICE DESK AND DRAWER,B000024225/9535,Bevlan Office Interiors Ltd,15 August 2023,120.00
Ath External Improvements,Contractor Other,DESIGN WORK FOR TOWN HALL,B000024226/52714,The Intelligent Design Centre Ltd,15 August 2023,720.00
Corporate Property Bus Unit,Agency Staff,TEMP STAFF - P/E 23.07.23,B000024226/61657,G2 Recruitment Solutions,15 August 2023,"1,215.00"
Housing Advice,Agency Staff,TEMP STAFF - P/E 23.07.23 ,B000024226/61860,Vivid Resourcing,15 August 2023,"1,640.88"
Administration Services,Office Consumables,STATIONERY,B000024231/67355,Ot Group Limited,15 August 2023,217.44
Climate Emergency Fund,Office Consumables,STATIONERY,B000024231/67355,Ot Group Limited,15 August 2023,38.25
Ukspf - Growth And New Busines,New Equipment,STATIONERY,B000024231/67355,Ot Group Limited,15 August 2023,38.25
Cvmu,Materials-Direct,EXHAUST,B000024232/42081,Townson Tractors,15 August 2023,465.14
Cvmu,Materials-Direct,SERVICE,B000024232/63930,Croft Commercials Transport Limited,15 August 2023,490.85
Cvmu,Materials-Direct,SHOCKER,B000024232/7688,Aebi Schmidt Uk Ltd,15 August 2023,824.46
Pest Control,Baits & Poisons,RATIMOR BRODI BLOCKS 5KG,B000024235/2419,Killgerm Chemicals Ltd,15 August 2023,36.72
Pest Control,Baits & Poisons,SAKARAT BRODIKIL 10KG,B000024235/2419,Killgerm Chemicals Ltd,15 August 2023,189.00
Waste Services,Protective Clothing,3M ULTRAFIT EAR PLUGS SNR 20,B000024235/666,"Bubbles, Brushes & Wiper Co Ltd",15 August 2023,139.96
Waste Services,Protective Clothing,SAFETY GLASSES CLEAR/ BLACK FRAME,B000024235/666,"Bubbles, Brushes & Wiper Co Ltd",15 August 2023,28.68
Waste Services,Protective Clothing,SAFETY TRAINERS SIZES 6/9/10/11,B000024235/666,"Bubbles, Brushes & Wiper Co Ltd",15 August 2023,118.10
Waste Services,Protective Clothing,SAFETY BOOTS 8/9/10,B000024235/666,"Bubbles, Brushes & Wiper Co Ltd",15 August 2023,219.05
Waste Services,Protective Clothing,ORANGE HI VIS VEST M/L/XL,B000024235/666,"Bubbles, Brushes & Wiper Co Ltd",15 August 2023,29.85
Waste Services,Protective Clothing,HI VIS ORANGE POLO T SHIRT M/L/XL,B000024235/666,"Bubbles, Brushes & Wiper Co Ltd",15 August 2023,139.86
Waste Services,Protective Clothing,HI VIS TROUSERS S/M/L/XL,B000024235/666,"Bubbles, Brushes & Wiper Co Ltd",15 August 2023,414.31
Waste Services,Protective Clothing,HI VIS WATERPROOF JACKET M/L/XL,B000024235/666,"Bubbles, Brushes & Wiper Co Ltd",15 August 2023,146.64
Waste Services,Protective Clothing,SUMO X5 GLOVES 9,B000024235/666,"Bubbles, Brushes & Wiper Co Ltd",15 August 2023,478.00
Ds7146 Rhyddings Mill/Works Os,General Repair & Maint Bldgs,MAINTENANCE,B000024242/62449,John Hogg Cleaning,15 August 2023,"1,000.00"
Housing Benefit Administration,Agency Staff,TEMP STAFF - W/E 06.08.23 ,B000024245/33923,Eden Brown Limited,15 August 2023,"1,010.10"
Markets - Operations,Cleaning Of Buildings,MONTHLY CLEANING CHARGES - TOILETS,B000024245/68396,Servicemaster Cs Aaa,15 August 2023,"1,988.05"
Disabled Facilities General,Contractor Other,DISABLED FACILITIES GRANT,B000024247/30178,B3p Services Ltd,15 August 2023,"3,653.00"
Cvmu,Equipmnt Repair & Maint,WORK TO BE CARRIED OUT ON 2 PSTN LINES,B000024247/46800,Cloudcoco Limited,15 August 2023,650.00
Computer Services,Rental & Maint Software Misc,SUPPORT/SUBS VMWARE,B000024248/36434,Bytes Software Services Ltd,15 August 2023,"10,377.52"
Accountancy,New Equipment,A/C 75782744 19/07/23 - 18/08/23,B000024248/55296,Ee Limited,15 August 2023,23.98
Accrington Town Centre,Mobiles,A/C 75782744 19/07/23 - 18/08/23,B000024248/55296,Ee Limited,15 August 2023,27.96
Administration Services,Mobiles,A/C 75782744 19/07/23 - 18/08/23,B000024248/55296,Ee Limited,15 August 2023,8.99
Allotments,General Repair & Maint Bldgs,A/C 75782744 19/07/23 - 18/08/23,B000024248/55296,Ee Limited,15 August 2023,17.98
Computer Services,Disaster Planning,A/C 75782744 19/07/23 - 18/08/23,B000024248/55296,Ee Limited,15 August 2023,20.00
Computer Services,Mobiles, A/C 75782744 19/07/23 - 18/08/23,B000024248/55296,Ee Limited,15 August 2023,87.91
Computer Services,Telephones,A/C 75782744 19/07/23 - 18/08/23,B000024248/55296,Ee Limited,15 August 2023,159.80
Corp & Dem Core,Marketing Communications,A/C 75782744 19/07/23 - 18/08/23,B000024248/55296,Ee Limited,15 August 2023,10.00
Corporate Property Bus Unit,Mobiles,A/C 75782744 19/07/23 - 18/08/23,B000024248/55296,Ee Limited,15 August 2023,41.94
Coviid 19,Mobiles,A/C 75782744 19/07/23 - 18/08/23,B000024248/55296,Ee Limited,15 August 2023,41.94
Cvmu,Mobiles,A/C 75782744 19/07/23 - 18/08/23,B000024248/55296,Ee Limited,15 August 2023,20.00
Development,Mobiles,A/C 75782744 19/07/23 - 18/08/23,B000024248/55296,Ee Limited,15 August 2023,69.90
Development Control B.U.,Mobiles,A/C 75782744 19/07/23 - 18/08/23,B000024248/55296,Ee Limited,15 August 2023,125.82
Dog Warden,Mobiles,A/C 75782744 19/07/23 - 18/08/23,B000024248/55296,Ee Limited,15 August 2023,14.83
Enforcement,Mobiles,A/C 75782744 19/07/23 - 18/08/23,B000024248/55296,Ee Limited,15 August 2023,52.07
Environmental Protection,Mobiles,A/C 75782744 19/07/23 - 18/08/23,B000024248/55296,Ee Limited,15 August 2023,73.90
Facilities Team,Mobiles,A/C 75782744 19/07/23 - 18/08/23,B000024248/55296,Ee Limited,15 August 2023,41.94
Facilities Team,New Equipment,A/C 75782744 19/07/23 - 18/08/23,B000024248/55296,Ee Limited,15 August 2023,20.00
Graphics & Communications,Mobiles,A/C 75782744 19/07/23 - 18/08/23,B000024248/55296,Ee Limited,15 August 2023,27.96
Haworth Art Gallery,Mobiles,A/C 75782744 19/07/23 - 18/08/23,B000024248/55296,Ee Limited,15 August 2023,41.94
Head Of Legal & Democratic Ser,Mobiles,A/C 75782744 19/07/23 - 18/08/23,B000024248/55296,Ee Limited,15 August 2023,23.98
Health Food & Safety,Civica Mobile Working,A/C 75782744 19/07/23 - 18/08/23,B000024248/55296,Ee Limited,15 August 2023,40.00
Health Food & Safety,Mobiles,A/C 75782744 19/07/23 - 18/08/23,B000024248/55296,Ee Limited,15 August 2023,87.88
Health Officers,Mobiles,A/C 75782744 19/07/23 - 18/08/23,B000024248/55296,Ee Limited,15 August 2023,22.97
Hmo,Mobiles,A/C 75782744 19/07/23 - 18/08/23,B000024248/55296,Ee Limited,15 August 2023,27.96
Housing Advice,Mobiles,A/C 75782744 19/07/23 - 18/08/23,B000024248/55296,Ee Limited,15 August 2023,69.90
Housing Benefit Administration,Bpr/Contact Centre,A/C 75782744 19/07/23 - 18/08/23,B000024248/55296,Ee Limited,15 August 2023,20.00
Housing Standards,Mobiles,A/C 75782744 19/07/23 - 18/08/23,B000024248/55296,Ee Limited,15 August 2023,50.93
Human Resources,Mobiles,A/C 75782744 19/07/23 - 18/08/23,B000024248/55296,Ee Limited,15 August 2023,67.92
Human Resources,New Equipment,A/C 75782744 19/07/23 - 18/08/23,B000024248/55296,Ee Limited,15 August 2023,10.00
Internal Audit,Office Consumables,A/C 75782744 19/07/23 - 18/08/23,B000024248/55296,Ee Limited,15 August 2023,26.97
Legal Services,Mobiles,A/C 75782744 19/07/23 - 18/08/23,B000024248/55296,Ee Limited,15 August 2023,26.97
Licensing,Mobiles,A/C 75782744 19/07/23 - 18/08/23,B000024248/55296,Ee Limited,15 August 2023,27.96
Licensing,New Equipment,A/C 75782744 19/07/23 - 18/08/23,B000024248/55296,Ee Limited,15 August 2023,10.00
Licensing,Office Consumables,A/C 75782744 19/07/23 - 18/08/23,B000024248/55296,Ee Limited,15 August 2023,27.96
Local Taxation,Bpr/Contact Centre,A/C 75782744 19/07/23 - 18/08/23,B000024248/55296,Ee Limited,15 August 2023,8.99
Management Business Unit,Mobiles,A/C 75782744 19/07/23 - 18/08/23,B000024248/55296,Ee Limited,15 August 2023,23.98
Managing Director,Mobiles,A/C 75782744 19/07/23 - 18/08/23,B000024248/55296,Ee Limited,15 August 2023,24.41
Markets - Staffing,Mobiles,A/C 75782744 19/07/23 - 18/08/23,B000024248/55296,Ee Limited,15 August 2023,14.04
Member Services,Mobiles,A/C 75782744 19/07/23 - 18/08/23,B000024248/55296,Ee Limited,15 August 2023,22.97
Member Services,Office Consumables,A/C 75782744 19/07/23 - 18/08/23,B000024248/55296,Ee Limited,15 August 2023,10.00
Members Expenses,Mobiles,A/C 75782744 19/07/23 - 18/08/23,B000024248/55296,Ee Limited,15 August 2023,4.00
Parks & Open Spaces,Materials-Direct,A/C 75782744 19/07/23 - 18/08/23,B000024248/55296,Ee Limited,15 August 2023,92.08
Pest Control,Mobiles,A/C 75782744 19/07/23 - 18/08/23,B000024248/55296,Ee Limited,15 August 2023,41.94
Policy And Performance Review,Telephones,A/C 75782744 19/07/23 - 18/08/23,B000024248/55296,Ee Limited,15 August 2023,32.97
Proposed Selec Licensing 2017,Mobiles,A/C 75782744 19/07/23 - 18/08/23,B000024248/55296,Ee Limited,15 August 2023,27.96
Recycling Collection,Mobiles,A/C 75782744 19/07/23 - 18/08/23,B000024248/55296,Ee Limited,15 August 2023,102.96
Refuse/Cleansing Admin Staff,Civil Contingency Act,A/C 75782744 19/07/23 - 18/08/23,B000024248/55296,Ee Limited,15 August 2023,80.00
Refuse/Cleansing Admin Staff,Mobiles,A/C 75782744 19/07/23 - 18/08/23,B000024248/55296,Ee Limited,15 August 2023,194.79
Refuse Collection,Computer Rental & Maint,A/C 75782744 19/07/23 - 18/08/23,B000024248/55296,Ee Limited,15 August 2023,180.00
Strategic Housing Department,Mobiles,A/C 75782744 19/07/23 - 18/08/23,B000024248/55296,Ee Limited,15 August 2023,27.96
Disabled Facilities General,Contractor Other,DISABLED FACILITIES GRANT,B000024248/61963,Smart Building Solutions Blackburn Ltd,15 August 2023,"2,373.63"
Hag Restoration & Lighting,Contractor Other,LIGHTING PROJECT AT HAG,B000024248/68015,Lumenata,15 August 2023,"16,927.55"
Haworth Art Gallery,Water Charges,CUMULATIVE WATER BILL,B000024248/8325,Water Plus Ltd,15 August 2023,913.17
Markets - Operations,Water Charges,MARKET HALL - 23.06.23 - 22.07.23,B000024254/8325,Water Plus Ltd,15 August 2023,775.36
HOUSING BENEFIT ADMIN,SECURITY SERVICES,G4S,36796,G4S,15 August 2023,549.25
Burton Chambers  - Luf,Securing Premises,BURTON CHAMBERS SECUTRITY JUN/JUL,B000024224/27659,Vps (Uk) Limited,17 August 2023,"1,447.95"
Scaitcliffe House,Asset Maint R&M,SCAITCLIFFE HOUSE - PAT TESTING,B000024224/53957,Lantei Limited,17 August 2023,"1,056.75"
Willows Lane Depot,Asset Maint R&M,WILLOWS LANE - PAT TESTING,B000024224/53957,Lantei Limited,17 August 2023,242.25
Local Taxation,Fees-Analysts & Consultants,BUSINESS RATES REVIEW - JULY 2023 RETURNS,B000024226/61357,Capacity Grid,17 August 2023,948.00
Acc Town Hall,Asset Maint R&M,SCAITCLIFFE HOUSE - REMOVAL AND DISPOSAL OF CHUBB SAFE,B000024226/8187,The Security Company N/W Ltd,17 August 2023,235.00
Tipping Charges,Hired Vehicle,EMPTY WASTE BAYS W/L,B000024230/9294,Stanley Brothers (Tippers) Ltd,17 August 2023,540.00
Cvmu,Materials-Direct,SAFETY CURTAINS X 5,B000024232/62055,Epic Media Group Limited,17 August 2023,"1,215.00"
Computer Services,Rental & Maint Software Misc,Q2 MAY - AUGUST,B000024247/66155,Nominet Uk,17 August 2023,422.22
Cvmu,Fuel Stock,ENGINE OIL,B000024251/59186,Sar Lubricants,17 August 2023,943.00
Hyndburn Cemeteries,Equipmnt Repair & Maint,REPAIR BY MERCERS,B000024251/68556,Rob Mercer,17 August 2023,323.94
Hyndburn Cemeteries,Agency Staff,AGENCY STAFF W/E 30.07.2023,B000024253/19414,Proman Supply Chain Ltd,17 August 2023,583.95
Parks & Open Spaces,Agency Staff,AGENCY STAFF W/E 30.7.2023,B000024253/19414,Proman Supply Chain Ltd,17 August 2023,"2,148.65"
Accrington Town Centre,Event Expenditure,HYNDBURN SPORTS AWARD,B000024253/29112,Hyndburn Leisure,17 August 2023,333.33
Accrington Crematorium,Rental & Maint Software Misc,HOSTED BACAS BOOKINGS,B000024253/59817,Clear Skies Software Ltd,17 August 2023,"11,100.00"
Refuse Collection,Clinical Waste Collection,CLINICAL WASTE,B000024253/62108,Rentokil Initial Uk Ltd,17 August 2023,680.90
Homes For Ukraine-Comm Integra,Misc Expenses Other,REFUGEE WEEK EVENT,B000024258/66163,Media Village,17 August 2023,"4,990.00"
Ukspf - Regeneration,Marketing/Promotion,HISTORIC ENGLAND VISIT VIDEO SHOOT,B000024258/66163,Media Village,17 August 2023,"3,495.00"
Disabled Facilities General,Contractor Other,DISABLED FACILITIES GRANT,B000024259/30178,B3p Services Ltd,17 August 2023,"4,175.60"
Market Chambers - Luf,Acquisition Of Buildings,RELOCATION COSTS ,B000024259/68750,Quealy & Co,17 August 2023,"1,725.88"
Housing Advice,Rough Sleeping Intiative,STEPPING STONE PROJECTS STEP FORWARD PROJ 23/24,B000024261/54653,Stepping Stone Project,17 August 2023,"28,576.00"
Housing Advice,Choice Based Lettings,BWITH US ANNUAL FEE 23/24,B000024261/59166,Together Housing Association,17 August 2023,"18,425.63"
Tech. Refresh (Annual Replacem,Equipment,3 SEAGATE HARDRIVES,B000024168/62014,Techbuyer Limited,22 August 2023,234.00
Cvmu,Materials-Direct,RECOVER THE JCB,B000024232/39746,Assured Automobile Assessors Ltd,22 August 2023,240.00
Waste Services,Agency Staff,AGENCY STAFF W/C 24.7.23,B000024234/61971,Rapid Recruit Ltd,22 August 2023,"1,958.29"
Library St Depot,Cleaning,CLEANING,B000024260/68396,Servicemaster Cs Aaa,22 August 2023,734.24
Hyndburn Cemeteries,Agency Staff,AGENCY STAF- W/C 31.7.23,B000024264/19414,Proman Supply Chain Ltd,22 August 2023,583.95
Parks & Open Spaces,Agency Staff,AGENCY STAFF- W/C 31.7.23,B000024264/19414,Proman Supply Chain Ltd,22 August 2023,"1,959.77"
Memorial Park,Contractor Other,CONTRACT PROJECT MANAGEMENT OF PATH WORK,B000024264/60561,Proffits Investing In Communities,22 August 2023,"11,524.75"
Memorial Park,Private Contractors Work,COMMUNITY ENGAGEMENT IN PARK,B000024264/60561,Proffits Investing In Communities,22 August 2023,"3,000.00"
Waste Services,Protective Clothing,LADIES NAVY FLEECE WITH COUNCIL CREST 10,B000024266/666,"Bubbles, Brushes & Wiper Co Ltd",22 August 2023,14.00
Waste Services,Protective Clothing,SIOEN MONORAY HI VIS WATERPROOF JACKET M/L/XL,B000024266/666,"Bubbles, Brushes & Wiper Co Ltd",22 August 2023,219.96
Computer Services,Telephones,VODAFONE INVOICE,B000024267/40272,Vodafone Ltd,22 August 2023,792.51
Dfg Affordable Warmth Grant,Contractor Other,AFFORDABLE WARMTH GRANT,B000024267/64557,Harris Heating (Nw) Ltd,22 August 2023,"4,150.00"
Administration Services,Office Consumables,BLUE NON-FL INK,B000024267/7231,Pitney Bowes Ltd,22 August 2023,303.95
Housing Benefit Administration,Training Expenses,CONFERENCE 19.09.23 1 DELEGATE,B000024268/46443,Hbinfo Ltd,22 August 2023,250.00
Housing Benefit Administration,Training Expenses,TRAINING,B000024268/48066,La Directories Limited,22 August 2023,800.00
Environmental Protection,Agency Staff,TEMP STAFF -WE 23.07.23,B000024268/61860,Vivid Resourcing,22 August 2023,"1,850.00"
Environmental Protection,Agency Staff,STAFF-P/E 23.07.23,B000024268/61860,Vivid Resourcing,22 August 2023,917.60
Development Control B.U.,Agency Staff,TEMP STAFF WE 06.08.23 ,B000024268/67448,Macdonald & Company,22 August 2023,"1,400.83"
Disabled Facilities General,Contractor Other,DISABLED FACILITIES GRANT,B000024269/50640,Prism Medical Uk,22 August 2023,"3,698.90"
Markets - Operations,Asset Maint R&M,ACCRINGTON MARKET HALL - FIT SAFTY BREAK MECHANISM,B000024269/54975,Roller Shutter Services Ltd,22 August 2023,490.00
Disabled Facilities General,Contractor Other,DISABLED FACILITIES GRANT,B000024269/61963,Smart Building Solutions Blackburn Ltd,22 August 2023,"6,440.97"
Disabled Facilities General,Contractor Other,DISABLED FACILITIES GRANT,B000024271/17577,Wessex Lift Co Ltd,22 August 2023,412.60
Disabled Facilities General,Contractor Other,DISABLED FACILITIES GRANT,B000024271/59806,Greenwood Plumbers,22 August 2023,"3,540.00"
Tech. Refresh (Annual Replacem,Equipment,HP PROCURVE SWITCH 3500 YL 48G-PWR,B000024271/62014,Techbuyer Limited,22 August 2023,320.00
Disabled Facilities General,Contractor Other,DISABLED FACILITIES GRANT,B000024271/7874,Stannah Lift Services Limited,22 August 2023,"7,180.00"
Tech. Refresh (Annual Replacem,Equipment,"23 X  21.5"" ADJUSTABLE MONITORS WITH AUDIO",B000024272/68734,Hp Inc. Uk Limited,22 August 2023,"2,554.24"
Tech. Refresh (Annual Replacem,Equipment,"2 X 27"" ADJUSTABLE MONITORS WITH AUDIO",B000024272/68734,Hp Inc. Uk Limited,22 August 2023,1.00
Cvmu,Contract Hire,VEHICLE CONTRACT HIRE COSTS,B000024221/66492,Go Plant Fleet Services Ltd,24 August 2023,"149,864.88"
Refuse Collection,Vehicle Tracker / Fuel/ Cctv,VEHICLE TRACKERS,B000024230/60522,Trakm8 Holdings Plc,24 August 2023,177.92
Refuse Collection,Vehicle Tracker / Fuel/ Cctv,VEHICLE TRACKERS W/S,B000024230/60522,Trakm8 Holdings Plc,24 August 2023,88.96
Parks & Open Spaces,Vehicle Tracker / Fuel/ Cctv,TRACKER COSTS PARKS,B000024230/65244,Inseego,24 August 2023,240.00
Cvmu,Materials-Direct,RAIL AND MUD FLAP,B000024232/1164,Dennis Eagle Limited,24 August 2023,"1,082.07"
Cvmu,Materials-Direct,VEHICLE RECOVERY,B000024232/39746,Assured Automobile Assessors Ltd,24 August 2023,320.00
Cvmu,Materials-Direct,DEFLECTOR PLATE,B000024232/7688,Aebi Schmidt Uk Ltd,24 August 2023,354.65
Commercial Collections,Landfill Tax,TRADE WASTE,B000024234/8810,Suez Recycling And Recovery Uk Ltd,24 August 2023,"9,268.64"
Commercial Collections,Waste Disposal Charges,TRADE WASTE,B000024234/8810,Suez Recycling And Recovery Uk Ltd,24 August 2023,"2,280.39"
Electical Works Various,Contractor Other,ACCRINGTON MARKET HALL - EICR REMEDIAL WORKS,B000024236/60330,Calbarrie Compliance Services,24 August 2023,"2,666.10"
Electical Works Various,Contractor Other,ACC TOWN HALL - EICR REMEDIAL WORKS,B000024236/60330,Calbarrie Compliance Services,24 August 2023,"2,406.60"
Electical Works Various,Contractor Other,CVMU - EICR REMEDIAL WORKS,B000024236/60330,Calbarrie Compliance Services,24 August 2023,"2,592.60"
Electical Works Various,Contractor Other,HAWORTH ART GALLERY - EICR REMEDIAL WORKS,B000024236/60330,Calbarrie Compliance Services,24 August 2023,"2,769.54"
Electical Works Various,Contractor Other,HAWORTH STABLES - EICR REMEDIAL WORKS,B000024236/60330,Calbarrie Compliance Services,24 August 2023,300.00
Electical Works Various,Contractor Other,KING GEORGES PAVILION - EICR REMEDIAL WORKS,B000024236/60330,Calbarrie Compliance Services,24 August 2023,251.40
Electical Works Various,Contractor Other,SCAITCLIFFE HOUSE - EICR REMEDIAL WORKS,B000024236/60330,Calbarrie Compliance Services,24 August 2023,"3,995.40"
Haworth Art Gallery,Asset Maint R&M, ANNUAL SERVICE PASSENGER GOODS & PLATFORM LIFTS SEPT 23 - AUG 24 (YEAR 4),B000024236/64522,R J Lift Services Ltd,24 August 2023,219.42
Leisure In Hyndburn,Asset Maint R&M,ANNUAL SERVICE PASSENGER GOODS & PLATFORM LIFTS SEPT 23 - AUG 24 (YEAR 4),B000024236/64522,R J Lift Services Ltd,24 August 2023,438.84
Markets - Operations,Asset Maint R&M,ANNUAL SERVICE PASSENGER GOODS & PLATFORM LIFTS SEPT 23 - AUG 24 (YEAR 4),B000024236/64522,R J Lift Services Ltd,24 August 2023,329.13
Parks & Open Spaces,Asset Maint R&M,ANNUAL SERVICE PASSENGER GOODS & PLATFORM LIFTS SEPT 23 - AUG 24 (YEAR 4),B000024236/64522,R J Lift Services Ltd,24 August 2023,219.42
Rhyddings Cafe,Asset Maint R&M,ANNUAL SERVICE PASSENGER GOODS & PLATFORM LIFTS SEPT 23 - AUG 24 (YEAR 4),B000024236/64522,R J Lift Services Ltd,24 August 2023,219.42
Scaitcliffe House,Asset Maint R&M,ANNUAL SERVICE PASSENGER GOODS & PLATFORM LIFTS SEPT 23 - AUG 24 (YEAR 4),B000024236/64522,R J Lift Services Ltd,24 August 2023,219.42
Legal Services,Publications & Periodicals,PRACTICAL LAW 2023-2024,B000024240/50652,Thomson Reuters Professional Uk Ltd,24 August 2023,"17,669.40"
Registration Of Electors,Publications & Periodicals,ELECTION LAW SCHOFIELDS R71,B000024245/50652,Thomson Reuters Professional Uk Ltd,24 August 2023,343.00
Cvmu,Materials-Direct,TYRES,B000024251/29877,Rossendale Vulcanising (Sales Ltd),24 August 2023,"5,129.00"
Cvmu,Cleaning,CLEANING CVMU AUGUST 2023,B000024251/68396,Servicemaster Cs Aaa,24 August 2023,734.24
Accrington Crematorium,Equipmnt Repair & Maint,MUSIC/MEDIA AT CREM,B000024253/55609,Obitus (Vivedia Ltd),24 August 2023,"1,738.00"
Hyndburn Cemeteries,Protective Clothing,PPE,B000024253/666,"Bubbles, Brushes & Wiper Co Ltd",24 August 2023,410.56
Parks & Open Spaces,Asset Maint R&M,CLEARING BLOCKAGES AT MERCER PARK - CLAYTON LE MOORS,B000024258/54512,Clear A Drain Ltd,24 August 2023,480.00
Accrington Town Centre,Event Expenditure,TRAFFIC MANAGEMENT FOR ACCRINGTON CARNIVAL 2023,B000024264/64476,Kays Highways Ltd,24 August 2023,"1,740.00"
Cvmu,Contract Hire,RCV LEASES ,B000024274/46880,Specialist Fleet Services Ltd,24 August 2023,"41,668.00"
Cvmu,Contract Hire,RCV LEASES ,B000024274/46880,Specialist Fleet Services Ltd,24 August 2023,"41,668.00"
Cvmu,Contract Hire,RCV LEASES ,B000024274/46880,Specialist Fleet Services Ltd,24 August 2023,"41,668.00"
Cvmu,Contract Hire,RCV LEASES ,B000024274/46880,Specialist Fleet Services Ltd,24 August 2023,"41,668.00"
Accrington Town Centre,Event Expenditure,AUTUMN EVENT ADVERT,B000024274/61918,Pro Digital Media & Event Management Ltd,24 August 2023,495.00
Parks & Open Spaces,Water Charges,WATER CHARGES OAKHILL  - 22.5.23/29.7.23,B000024274/8325,Water Plus Ltd,24 August 2023,912.83
Pleck Meadow Project,Contract Works,PLANTATION ROAD AND ARDEN GATES,B000024275/14998,Sterling Construction (Services) Ltd,24 August 2023,"1,200.00"
Leisure In Hyndburn,Grants-General,LCC WEIGHT MANAGEMENT GRANT - APRIL - JUNE 2023,B000024275/29112,Hyndburn Leisure,24 August 2023,"17,656.50"
Leisure In Hyndburn,Grants-General,LCC WEIGHT MANAGEMENT GRANT - JULY - SEPTEMBER 2023,B000024275/29112,Hyndburn Leisure,24 August 2023,"17,656.50"
Disabled Facilities General,Contractor Other,DISABLED FACILITIES GRANT,B000024275/31205,Bryan Lee Building Contractors Ltd,24 August 2023,"2,792.43"
Housing Advice,Rough Sleeping Intiative,01.04.23 - 30.09.23,B000024275/54653,Stepping Stone Project,24 August 2023,"10,000.00"
Housing Advice,Rsap Rough Sleeping Accom Pro,ROUGH SLEEPER ACCOMMODATION PROGRAMME (RSAP CYCLE 3),B000024275/54653,Stepping Stone Project,24 August 2023,"25,000.00"
Housing Advice,Rsap Rough Sleeping Accom Pro,ROUGH SLEEPER ACCOMMODATION PROGRAMME (RSAP CYCLE 5),B000024275/54653,Stepping Stone Project,24 August 2023,"12,500.00"
Registration Of Electors,Canvass,CCB CANVASS 2024,B000024275/62168,Civica Election Services,24 August 2023,"6,297.81"
Levelling Up Fund Delivery Stg,Fees-Analysts & Consultants,NLHF BID - DESIGN,B000024275/65816,Bradshaw Advisary Ltd,24 August 2023,500.00
Dfg Affordable Warmth Grant,Contractor Other,AFFORDABLE WARMTH GRANT,B000024275/68489,Gul Plumbing & Heating,24 August 2023,"4,024.00"
Disabled Facilities General,Contractor Other,DISABLED FACILITIES GRANT,B000024276/59330,Closomat Ltd,24 August 2023,"5,265.00"
Disabled Facilities General,Contractor Other,DISABLED FACILITIES GRANT,B000024276/8017,Terry Group Limited,24 August 2023,"21,328.00"
Customer Services,Bpr/Contact Centre,LV SUPPORT AND MAINTENANCE,B000024277/66590,Liquid Voice Systems Limited,24 August 2023,"2,342.01"
Hmo,Agency Staff,TEMP STAFF STAFF WC 17.07.23 ,B000024228/58852,Oyster Partnership,29 August 2023,"1,055.60"
Hmo,Agency Staff,TEMP STAFF WC 24.07.23 ,B000024228/58852,Oyster Partnership,29 August 2023,"1,222.00"
Hmo,Agency Staff,TEMP STAFF WC 24.07.23,B000024228/58852,Oyster Partnership,29 August 2023,614.64
Housing Standards,Agency Staff,TEMP STAFF WE 30.07.23,B000024228/61657,G2 Recruitment Solutions,29 August 2023,"2,026.00"
Housing Advice,Agency Staff,TEMP STAFF PE 30.07.23 ,B000024228/61860,Vivid Resourcing,29 August 2023,"1,665.36"
Administration Expenses,Stationery,STATIONERY,B000024231/67355,Ot Group Limited,29 August 2023,281.29
Cvmu,Materials-Direct,DEFLECTOR WELD ASSY,B000024232/7688,Aebi Schmidt Uk Ltd,29 August 2023,504.58
Cvmu,Materials-Direct,FAN MOTOR,B000024232/7688,Aebi Schmidt Uk Ltd,29 August 2023,894.42
Enforcement,Abandoned Vehicle Removal,REMOVAL OF CARAVAN,B000024234/39746,Assured Automobile Assessors Ltd,29 August 2023,365.00
Willows Lane Depot,Fuel Additives,FUEL,B000024235/47016,J E Morten Ltd,29 August 2023,380.00
Accountancy,Agency Staff,AGENCY COSTS - W/C 24.07.23 ,B000024236/58852,Oyster Partnership,29 August 2023,"3,550.00"
Environmental Protection,Agency Staff,TEMP STAFF - P/E 30.07.23,B000024236/61860,Vivid Resourcing,29 August 2023,"1,850.00"
Environmental Protection,Agency Staff,TEMP STAFF - P/E 30.07.23 ,B000024236/61860,Vivid Resourcing,29 August 2023,948.78
Haworth Art Gallery,Asset Maint R&M,HAWIORTH STABLES - SUPPLY AND FIT 2 X PANES OF GLASS,B000024236/8372,Victoria Glass Joinery & Plumbing Ltd,29 August 2023,685.00
Allotments,Agency Staff, AGENCY STAFF - W/C 24/7/23,B000024240/58852,Oyster Partnership,29 August 2023,463.20
Building Control B.U.,Agency Staff, AGENCY STAFF - W/C 24/7/23,B000024240/58852,Oyster Partnership,29 August 2023,945.00
Planning Policy B.U.,Agency Staff, AGENCY STAFF - W/C 24/7/23,B000024240/58852,Oyster Partnership,29 August 2023,"1,646.50"
Local Taxation,Legal Fees,FEES,B000024240/66036,Marston (Holdings) Ltd,29 August 2023,634.35
Accrington Crematorium,Asset Maint R&M,CREMATORIUM,B000024241/68680,H S L Compliance,29 August 2023,36.00
Acc Town Hall,Asset Maint R&M,BROADWAY,B000024241/68680,H S L Compliance,29 August 2023,52.00
Corporate Property,Asset Maint R&M,MERCER HOUSE,B000024241/68680,H S L Compliance,29 August 2023,28.00
Corporate Property,Asset Maint R&M,PEEL STREET TOILETS,B000024241/68680,H S L Compliance,29 August 2023,43.00
Haworth Art Gallery,Asset Maint R&M,HAWORTH ART GALLERY,B000024241/68680,H S L Compliance,29 August 2023,45.00
Haworth Art Gallery,Asset Maint R&M,HAWORTH STABLES,B000024241/68680,H S L Compliance,29 August 2023,43.00
Hyndburn Cemeteries,Asset Maint R&M,CEMETERY OFFICE,B000024241/68680,H S L Compliance,29 August 2023,36.00
Hyndburn Cemeteries,Asset Maint R&M,DILL HALL CEMETERY,B000024241/68680,H S L Compliance,29 August 2023,29.00
Hyndburn Cemeteries,Asset Maint R&M,GREAT HARWOOD CEMETERY,B000024241/68680,H S L Compliance,29 August 2023,36.00
Leisure In Hyndburn,Lih R&M,ACCRINGTON TOWN HALL,B000024241/68680,H S L Compliance,29 August 2023,83.00
Library St Depot,Asset Maint R&M,CVMU,B000024241/68680,H S L Compliance,29 August 2023,42.00
Markets - Operations,Asset Maint R&M,MARKET HALL,B000024241/68680,H S L Compliance,29 August 2023,78.00
Parks & Open Spaces,Asset Maint R&M,BRIAN WALMSLEY,B000024241/68680,H S L Compliance,29 August 2023,62.00
Parks & Open Spaces,Asset Maint R&M,BULLOUGH PARK,B000024241/68680,H S L Compliance,29 August 2023,65.00
Parks & Open Spaces,Asset Maint R&M,KING GEORGES,B000024241/68680,H S L Compliance,29 August 2023,139.00
Parks & Open Spaces,Asset Maint R&M,LOWERFOLD,B000024241/68680,H S L Compliance,29 August 2023,31.00
Parks & Open Spaces,Asset Maint R&M,MEMORIAL,B000024241/68680,H S L Compliance,29 August 2023,42.00
Parks & Open Spaces,Asset Maint R&M,MERCER PARK BOWLS,B000024241/68680,H S L Compliance,29 August 2023,26.00
Parks & Open Spaces,Asset Maint R&M,MERCER SERVICE BUILDING,B000024241/68680,H S L Compliance,29 August 2023,28.00
Parks & Open Spaces,Asset Maint R&M,MILNSHAW BOWLS,B000024241/68680,H S L Compliance,29 August 2023,34.00
Parks & Open Spaces,Asset Maint R&M,OAKHILL BANDSTAND,B000024241/68680,H S L Compliance,29 August 2023,29.00
Parks & Open Spaces,Asset Maint R&M,OAKHILL BOWLS,B000024241/68680,H S L Compliance,29 August 2023,31.00
Parks & Open Spaces,Asset Maint R&M,OAKHILL SERVICE BUILDING,B000024241/68680,H S L Compliance,29 August 2023,31.00
Parks & Open Spaces,Asset Maint R&M,OAKHILL TENNIS,B000024241/68680,H S L Compliance,29 August 2023,33.00
Parks & Open Spaces,Asset Maint R&M,PARKER STREET,B000024241/68680,H S L Compliance,29 August 2023,28.00
Parks & Open Spaces,Asset Maint R&M,PEEL PARK,B000024241/68680,H S L Compliance,29 August 2023,31.00
Parks & Open Spaces,Asset Maint R&M,RHYDDINGS PARK BOWLS,B000024241/68680,H S L Compliance,29 August 2023,31.00
Parks & Open Spaces,Asset Maint R&M,WILSONS,B000024241/68680,H S L Compliance,29 August 2023,31.00
Rhyddings Cafe,Asset Maint R&M,RHYDDINGS COACH HOUSE,B000024241/68680,H S L Compliance,29 August 2023,39.00
Rhyddings Cafe,Asset Maint R&M,RHYDDINGS SERVICE BUILDING,B000024241/68680,H S L Compliance,29 August 2023,31.00
Scaitcliffe House,Asset Maint R&M,SCAITCLIFFE HOUSE,B000024241/68680,H S L Compliance,29 August 2023,64.00
Willows Lane Depot,Asset Maint R&M,WILLOWS LANE CANTEEN,B000024241/68680,H S L Compliance,29 August 2023,38.00
Willows Lane Depot,Asset Maint R&M,WILLOWS LANE OFFICE,B000024241/68680,H S L Compliance,29 August 2023,42.00
Willows Lane Depot,Asset Maint R&M,WILLOWS LANE STORES,B000024241/68680,H S L Compliance,29 August 2023,31.00
Licensing,Office Consumables,GOODS FOR TAXI LICENCING,B000024242/21487,Vip-System Ltd,29 August 2023,"2,824.59"
Land At Nook Lane,Fees-Analysts & Consultants,BURY MEADOWS - MASTER PLAN AND CAF BID,B000024242/60561,Proffits Investing In Communities,29 August 2023,703.00
Housing Advice,Agency Staff,TEMP STAFF - P/E 06.08.23,B000024242/61860,Vivid Resourcing,29 August 2023,"1,355.04"
Registration Of Electors,Training Expenses,XPRESS USER GROUP,B000024245/17209,Civica Uk Limited,29 August 2023,420.00
Parks & Open Spaces,Rechargeable Repairs,POTHOLE PATCHING ,B000024245/38733,Marchbridge Builders Ltd,29 August 2023,"1,649.56"
Corporate Property,Asset Maint R&M,WEST END COMM CENTRE - RE PLASTER AND PAINT WALL,B000024245/59128,George Pearce & Sons Ltd,29 August 2023,"1,174.20"
Housing Standards,Agency Staff,TEMP STAFF - P/E 06.08.23,B000024245/61657,G2 Recruitment Solutions,29 August 2023,"1,994.09"
Environmental Protection,Agency Staff,TEMP STAFF - P/E 06.08.23,B000024245/61860,Vivid Resourcing,29 August 2023,945.00
Environmental Protection,Fees-Analysts & Consultants,LEGAL FEES ,B000024246/57667,Mr Leo Charalambides,29 August 2023,"1,250.00"
Corporate Property Bus Unit,Agency Staff,STAFF P/E 06.08.23,B000024246/61657,G2 Recruitment Solutions,29 August 2023,"1,215.00"
Licensing,Office Consumables,GOODS FOR TAXI LICENSING,B000024247/54997,New Auto Ltd,29 August 2023,774.90
Wi-Fi Upgrade,Equipment,1 MERAKI ENTERPRISE LICENSE,B000024247/68731,Cloudcontrolled,29 August 2023,157.00
Wi-Fi Upgrade,Equipment,1 MERAKI MR44 LICENSE,B000024247/68731,Cloudcontrolled,29 August 2023,518.00
Accountancy,Agency Staff,AGENCY COSTS- W/C 31/07/23,B000024248/58852,Oyster Partnership,29 August 2023,"4,260.00"
Hmo,Agency Staff,TEMP STAFF W/C 31/07/23,B000024248/58852,Oyster Partnership,29 August 2023,533.00
Hmo,Agency Staff,TEMP STAFF W/C 31/07/23,B000024248/58852,Oyster Partnership,29 August 2023,"1,752.40"
Cvmu,Materials-Direct,LAMP SIDE REPEATER,B000024251/1164,Dennis Eagle Limited,29 August 2023,432.83
Cvmu,Materials-Stock Issues,ACTIVE XLS,B000024251/4467,Hope & Brown Ltd,29 August 2023,214.00
Cvmu,Materials-Direct,STEAM CLEAN X 2,B000024251/58642,Keep Em Clean,29 August 2023,262.50
Cvmu,Fuel Stock,FLEETSTAR PERFORMANCE,B000024251/59186,Sar Lubricants,29 August 2023,"1,075.00"
Cvmu,Fuel Stock,HYDRAULIC OIL,B000024251/59186,Sar Lubricants,29 August 2023,"1,100.00"
Hyndburn Cemeteries,Gas Oil Red Diesel,OIL,B000024253/27901,Teleshore (Uk) Ltd,29 August 2023,250.00
Accrington Crematorium,Cleaning Of Buildings,DEEP CLEAN POST WORK,B000024253/68249,Gicm Limited,29 August 2023,"1,049.00"
Corporate Property,Asset Maint R&M,REPLACED FAULTY KEYPAD,B000024258/58448,Gate Automation Solutions Ltd,29 August 2023,227.02
Cvmu,Materials-Direct,PARTS,B000024260/8014,Terberg Matec Uk,29 August 2023,909.83
Tipping Charges,Hired Vehicle,EMPTY WASTE BAYS W/L,B000024264/9294,Stanley Brothers (Tippers) Ltd,29 August 2023,540.00
Knuzden Rec Play Area & Muga,Contractor Other,INSPECTION AND MUGA AT KNUZDEN RECREATION GD,B000024266/61071,Morral Play Services Ltd,29 August 2023,325.00
Building Control B.U.,Agency Staff,TEMPORARY STAFF W/C 31-07-23,B000024267/58852,Oyster Partnership,29 August 2023,965.79
Development Control B.U.,Agency Staff,TEMPORARY STAFF W/C 31/07/23,B000024267/58852,Oyster Partnership,29 August 2023,463.20
Planning Policy B.U.,Agency Staff,TEMPORARY STAFW/C 31-7-23,B000024267/58852,Oyster Partnership,29 August 2023,"1,290.50"
Allotments,Photocopying,PHOTOCOPIER CHARGES,B000024268/60165,Specialist Computer Centres Plc,29 August 2023,14.23
Building Control B.U.,Photocopying,PHOTOCOPIER CHARGES,B000024268/60165,Specialist Computer Centres Plc,29 August 2023,42.74
Consultancy-Engineering Div,Photocopying,PHOTOCOPIER CHARGES,B000024268/60165,Specialist Computer Centres Plc,29 August 2023,28.46
Development,Photocopying,PHOTOCOPIER CHARGES,B000024268/60165,Specialist Computer Centres Plc,29 August 2023,113.84
Development Control B.U.,Photocopying,PHOTOCOPIER CHARGES,B000024268/60165,Specialist Computer Centres Plc,29 August 2023,128.07
Environmental Initiatives B.U.,Photocopying,PHOTOCOPIER CHARGES,B000024268/60165,Specialist Computer Centres Plc,29 August 2023,28.46
Housing Advice,Photocopying,PHOTOCOPIER CHARGES,B000024268/60165,Specialist Computer Centres Plc,29 August 2023,71.15
Management Business Unit,Photocopying,PHOTOCOPIER CHARGES,B000024268/60165,Specialist Computer Centres Plc,29 August 2023,14.23
Planning Policy B.U.,Photocopying,PHOTOCOPIER CHARGES,B000024268/60165,Specialist Computer Centres Plc,29 August 2023,28.46
Housing Benefit Administration,Agency Staff,TEMP STAFF - P/E 13.08.23 ,B000024277/33923,Eden Brown Limited,29 August 2023,"1,010.10"
Burton Chambers  - Luf,Consultants Fees,CONSULTANCY WORK  JULY 23,B000024282/67812,Ma Cost Consulting Limited,29 August 2023,"2,666.67"
Burton Chambers  - Luf,Consultants Fees,CONSULTANCY WORK JUN 23,B000024282/67812,Ma Cost Consulting Limited,29 August 2023,"1,666.67"
Market Chambers - Luf,Consultants Fees,CONSULTANCY WORK  JULY 23,B000024282/67812,Ma Cost Consulting Limited,29 August 2023,"2,666.67"
Market Chambers - Luf,Consultants Fees,CONSULTANCY WORK JUN 23,B000024282/67812,Ma Cost Consulting Limited,29 August 2023,"1,666.66"
Market Hall - Luf,Consultants Fees,CONSULTANCY WORK  JULY 23,B000024282/67812,Ma Cost Consulting Limited,29 August 2023,"2,666.66"
Market Hall - Luf,Consultants Fees,CONSULTANCY WORK JUN 23,B000024282/67812,Ma Cost Consulting Limited,29 August 2023,"1,666.67"
Emergency Works Grant,Contractor Other,EMERGENCY WORKS,B000024282/68216,Scl Building Services Limited,29 August 2023,290.30
HOUSING BENEFIT ADMIN,ALLPAY,JULY,36821,ALLPAY.NET LTD,29 August 2023,1122.64
Registration Of Electors,Canvass,1ST PRINT RUN - ANNUAL CANVAS,B000024258/62168,Civica Election Services,31 August 2023,"12,891.56"
Human Resources,Training Expenses,NATIONAL TRAINING CONFERENCE,B000024259/54674,The Institute Of Licensing,31 August 2023,719.10
Cvmu,Materials-Direct,BUMPERS,B000024260/1164,Dennis Eagle Limited,31 August 2023,470.77
Cvmu,Materials-Direct,DOOR LATCH,B000024260/1164,Dennis Eagle Limited,31 August 2023,368.08
Cvmu,Materials-Direct,HEAT SHIELD,B000024260/1164,Dennis Eagle Limited,31 August 2023,215.79
Parks & Open Spaces,Materials-Direct,CRANKSHAFT,B000024260/68556,Rob Mercer,31 August 2023,639.21
Cvmu,Materials-Direct,HOSE/COUPLINGS,B000024260/7228,Pirtek Preston 2004 Ltd,31 August 2023,212.06
Accrington Town Centre,Event Expenditure,50% ARTS IN THE MARKET EVENT SUMMER PROGRAMME,B000024264/61031,New Freedom,31 August 2023,450.00
Accrington Town Centre,Event Expenditure,TRAFFIC MANAGEMENT FOR OAKFEST,B000024264/68681,Paragon Traffic Management Limited,31 August 2023,"1,015.00"
Parks & Open Spaces,Printing,DRIVER RECORD BOOKS,B000024266/1344,Ellison Printing,31 August 2023,134.50
Refuse Collection,Printing,DRIVER RECORD BOOKS,B000024266/1344,Ellison Printing,31 August 2023,134.50
Parks & Open Spaces,Private Contractors Work,INSTALL RECYCLED PLASTIC SLATS,B000024266/54326,Ark Plastics Ltd,31 August 2023,235.00
Accountancy,Agency Staff,TEMPORARY STAFF -W/C 07-08-23,B000024267/58852,Oyster Partnership,31 August 2023,"3,550.00"
Building Control B.U.,Agency Staff,TEMPORARY STAFF -W/C 07/08/23,B000024267/58852,Oyster Partnership,31 August 2023,"1,953.00"
Building Control B.U.,Agency Staff,TEMPORARY STAFF -W/C 24-08-23,B000024267/58852,Oyster Partnership,31 August 2023,784.80
Development Control B.U.,Agency Staff,TEMPROARY STAFF-W/C 07-08-23,B000024267/58852,Oyster Partnership,31 August 2023,463.20
Planning Policy B.U.,Agency Staff,TEMPORARY STAFF - W/C 07-08-23,B000024267/58852,Oyster Partnership,31 August 2023,"1,646.50"
Environmental Protection,Agency Staff,TEMPORARY STAFF - W/C 13-08-23,B000024267/61860,Vivid Resourcing,31 August 2023,826.88
Dev Control,Dev Control System,TECHNICAL CONSULTANCY NEC SOFTWARE SOLUTIONS LTD,B000024267/65823,Nec Software Solutions Uk Ltd,31 August 2023,"2,800.00"
Corporate Property Bus Unit,Agency Staff,STAFF PE 13.08.23  ,B000024268/61657,G2 Recruitment Solutions,31 August 2023,"1,215.00"
Housing Advice,Agency Staff,STAFF P/E 13.08.23 ,B000024268/61860,Vivid Resourcing,31 August 2023,"1,334.88"
Crm Digital Services,Subsidised Professional Subs,CIVICA PAYMENT GATEWAY INTEGRATION,B000024271/68117,Abavus Ltd,31 August 2023,"8,000.00"
Crm Digital Services,Subsidised Professional Subs,CONSULTANCY FEES JULY 2023,B000024271/68117,Abavus Ltd,31 August 2023,"10,374.82"
Registration Of Electors,New Equipment,"2 X 27"" ADJUSTBALE MONITORS WITH AUDIO",B000024271/68734,Hp Inc. Uk Limited,31 August 2023,254.78
Tipping Charges,Hired Vehicle,EMPTY WASTE BAYS W/L,B000024274/9294,Stanley Brothers (Tippers) Ltd,31 August 2023,540.00
Hmo,Agency Staff,AGENCY STAFF- W/C 07.08.23,B000024275/58852,Oyster Partnership,31 August 2023,585.00
Library St Depot,Water Charges,WATER CHARGES CVMU 7.7.23-6.8.23,B000024280/8325,Water Plus Ltd,31 August 2023,389.62
Hyndburn Cemeteries,Agency Staff,AGENCY STAFF - W/C 14.8.23,B000024281/19414,Proman Supply Chain Ltd,31 August 2023,467.16
Hyndburn Cemeteries,Agency Staff,AGENCY STAFF - W/C 7.8.23,B000024281/19414,Proman Supply Chain Ltd,31 August 2023,350.37
Parks & Open Spaces,Agency Staff,AGENCY STAFF - W/C 14.8.23,B000024281/19414,Proman Supply Chain Ltd,31 August 2023,"1,807.77"
Parks & Open Spaces,Agency Staff,AGENCY STAFF- W/C 7.8.23,B000024281/19414,Proman Supply Chain Ltd,31 August 2023,"2,150.65"
Waste Services,Agency Staff,AGENCY STAFF - W/C 14.8.23,B000024281/19414,Proman Supply Chain Ltd,31 August 2023,550.93
Waste Services,Agency Staff,AGENCY STAFF W/C 31.7.23,B000024281/19414,Proman Supply Chain Ltd,31 August 2023,550.93
Waste Services,Agency Staff,AGENCY STAFF W/C 7.8.23,B000024281/19414,Proman Supply Chain Ltd,31 August 2023,550.93
Refuse Collection,Vehicle Tracker / Fuel/ Cctv,VEHICLE TRACKERS WASTE SERVICES,B000024281/60522,Trakm8 Holdings Plc,31 August 2023,240.00
Parks & Open Spaces,Cleaning Of Buildings,BUILDING CLEANING WILSONS,B000024281/68396,Servicemaster Cs Aaa,31 August 2023,289.86
Mayoralty,Civic Luncheon,"PRINTING, FRAMING AND MOUNTING OF IMAGES ",B000024284/1610,Garth Dawson Studio,31 August 2023,274.00
Licensing,Office Consumables,500 'NO EXCUSE FOR ABUSE' WINDOW STICKERS,B000024284/61372,Private Hire & Taxi Monthly Ltd,31 August 2023,260.00
Licensing,Barristers Fees,BARRISTER FEES,B000024284/61448,Trinity Chambers,31 August 2023,375.00
Underspends Bids,Private Contractors Work,REMOVAL OF ASH TREE ,B000024286/22189,Roy Cattermole (Tree Surgeon),31 August 2023,500.00
Bullough Park Playground,Contractor Other,UPGRADE SAFETY SURFACE IN PLAY AREA ,B000024286/60721,Groundwork & Leisure Services Limited,31 August 2023,"4,636.00"
Parks & Open Spaces,Playground Repairs,REMOVE OLD ROUNDABOUT AND FIT NEW ONE,B000024286/60721,Groundwork & Leisure Services Limited,31 August 2023,710.00
Parks & Open Spaces,Private Contractors Work,REPAIRS TO SAFETY SURFACE AT CUTWOOD PARK,B000024286/60721,Groundwork & Leisure Services Limited,31 August 2023,"3,300.00"
Cvmu,Electricity,FUEL,B000024286/64492,Certas Energy,31 August 2023,"31,145.12"
Waste Services,Protective Clothing,ASBESTOS FOLD FLAT P3 MASKS OS,B000024286/666,"Bubbles, Brushes & Wiper Co Ltd",31 August 2023,21.18
Waste Services,Protective Clothing,GRAFITTI REMOVER,B000024286/666,"Bubbles, Brushes & Wiper Co Ltd",31 August 2023,167.76
Waste Services,Protective Clothing,SAFETY BOOTS 7/8/9/11,B000024286/666,"Bubbles, Brushes & Wiper Co Ltd",31 August 2023,219.05
Waste Services,Protective Clothing,HI VIS BOMBER JACKET ORANGE M,B000024286/666,"Bubbles, Brushes & Wiper Co Ltd",31 August 2023,23.69
Waste Services,Protective Clothing,NAVY BASEBALL CAP OS,B000024286/666,"Bubbles, Brushes & Wiper Co Ltd",31 August 2023,49.80
Waste Services,Protective Clothing,PORTWEST HI VIS BALLISTIC TROUSERS M,B000024286/666,"Bubbles, Brushes & Wiper Co Ltd",31 August 2023,191.22
Waste Services,Protective Clothing,SUMO X5 GLOVES 9/10,B000024286/666,"Bubbles, Brushes & Wiper Co Ltd",31 August 2023,956.00
Waste Services,Protective Clothing,TWO TONE SWEATSHIRT ORANGE/NAVY M/L/XL,B000024286/666,"Bubbles, Brushes & Wiper Co Ltd",31 August 2023,90.93
Waste Services,Protective Clothing,WHITE ASBESTOS SUIT XL,B000024286/666,"Bubbles, Brushes & Wiper Co Ltd",31 August 2023,89.70
Oakhill Prk Tenniscourt Refurb,Contractor Other,REFURB TENNIS COURTS,B000024286/68264,Sportex Group Limited,31 August 2023,"11,689.79"
General Fund B/S,Communities For Health 2,CAR PARK CLOSURE,B000024287/27030,Lighting And Building Services Ltd,31 August 2023,300.00
Ukspf - Regeneration,Event Expenditure,UK SPF GRANT PAYMENT,B000024287/29112,Hyndburn Leisure,31 August 2023,"117,269.00"
Ukspf - Regeneration,Fees-Analysts & Consultants,UK SPF GRANT PAYMENT,B000024287/29112,Hyndburn Leisure,31 August 2023,"14,731.00"
Development Control B.U.,Agency Staff,STAFF WE 13.08.23 AND 20.08.23,B000024287/67448,Macdonald & Company,31 August 2023,"2,699.17"
Planning Policy B.U.,Agency Staff,STAFF WE 06.08.23  20.08.23,B000024287/67448,Macdonald & Company,31 August 2023,"2,054.00"
Housing Advice,Lifelong Learning,DEPOSIT,B000024287/68775,Brogan Properties,31 August 2023,600.00
Scaitcliffe House,Cleaning Materials,CLEANING MATERIALS,B000024287/7033,Option Hygiene,31 August 2023,256.71
Administration Services,Postages,POSTAGE,B000024287/7231,Pitney Bowes Ltd,31 August 2023,"10,021.12"
Psds Hlc,Contractor Other,HLC DECARBON FT LEISURE POOL STRAINERS,B000024289/58262,F T Leisure,31 August 2023,"9,172.91"
Electical Works Various,Contractor Other,EICR REMEDIAL WORKS - ACC CEM,B000024289/60330,Calbarrie Compliance Services,31 August 2023,251.40
Electical Works Various,Contractor Other,EICR REMEDIAL WORKS - CANNON ST,B000024289/60330,Calbarrie Compliance Services,31 August 2023,554.70
Electical Works Various,Contractor Other,EICR REMEDIAL WORKS - G-H CEM,B000024289/60330,Calbarrie Compliance Services,31 August 2023,616.20
Electical Works Various,Contractor Other,EICR REMEDIAL WORKS - MERCER PARK,B000024289/60330,Calbarrie Compliance Services,31 August 2023,730.00
Electical Works Various,Contractor Other,EICR REMEDIAL WORKS - OAKHILL,B000024289/60330,Calbarrie Compliance Services,31 August 2023,"3,922.20"
Electical Works Various,Contractor Other,EICR REMEDIAL WORKS - PEEL ST TOILETS,B000024289/60330,Calbarrie Compliance Services,31 August 2023,351.00
Electical Works Various,Contractor Other,EICR REMEDIAL WORKS - RHYDDINGS,B000024289/60330,Calbarrie Compliance Services,31 August 2023,"1,596.48"
Electical Works Various,Contractor Other,EICR REMEDIAL WORKS - WILSONS,B000024289/60330,Calbarrie Compliance Services,31 August 2023,433.50
Market Chambers - Luf,Legal Fees,LEGAL FEES POST CPO,B000024290/66553,Womble Bond Dickinson,31 August 2023,"1,918.00"
Market Chambers - Luf,Consultants Fees,VALUATION FEES,B000024290/66574,Cbre Ltd,31 August 2023,"3,500.00"
Accountancy,Mgnt Fees - Salary Sacrifice,AVC WISE  JULY 23,B000024292/61891,Avc Wise Ltd,31 August 2023,8.96
Building Control B.U.,Mgnt Fees - Salary Sacrifice,AVC WISE JULY 23,B000024292/61891,Avc Wise Ltd,31 August 2023,5.23
Bulky Waste Collection,Mgnt Fees - Salary Sacrifice,AVC WISE JULY 23,B000024292/61891,Avc Wise Ltd,31 August 2023,8.96
Computer Services,Mgnt Fees - Salary Sacrifice,AVC WISE JULY 23,B000024292/61891,Avc Wise Ltd,31 August 2023,11.20
Consultancy-Engineering Div,Mgnt Fees - Salary Sacrifice,AVC WISE JULY 23,B000024292/61891,Avc Wise Ltd,31 August 2023,16.43
Customer Services,Mgnt Fees - Salary Sacrifice,AVC WISE JULY 23,B000024292/61891,Avc Wise Ltd,31 August 2023,8.95
Development,Mgnt Fees - Salary Sacrifice,AVC WISE JULY 23,B000024292/61891,Avc Wise Ltd,31 August 2023,33.67
Development Control B.U.,Mgnt Fees - Salary Sacrifice,AVC WISE JULY 23,B000024292/61891,Avc Wise Ltd,31 August 2023,15.08
Environmental Initiatives B.U.,Mgnt Fees - Salary Sacrifice,AVC WISE JULY 23,B000024292/61891,Avc Wise Ltd,31 August 2023,2.21
Environmental Protection,Mgnt Fees - Salary Sacrifice,AVC WISE JULY 23,B000024292/61891,Avc Wise Ltd,31 August 2023,17.90
Health Food & Safety,Mgnt Fees - Salary Sacrifice,AVC WISE JULY 23,B000024292/61891,Avc Wise Ltd,31 August 2023,13.40
Housing Benefit Administration,Mgnt Fees - Salary Sacrifice,AVC WISE JULY 23,B000024292/61891,Avc Wise Ltd,31 August 2023,4.41
Housing Standards,Mgnt Fees - Salary Sacrifice,AVC WISE JULY 23,B000024292/61891,Avc Wise Ltd,31 August 2023,0.86
Human Resources,Mgnt Fees - Salary Sacrifice,AVC WISE JULY 23,B000024292/61891,Avc Wise Ltd,31 August 2023,13.37
Hyndburn Cemeteries,Mgnt Fees - Salary Sacrifice,AVC WISE JULY 23,B000024292/61891,Avc Wise Ltd,31 August 2023,1.08
Internal Audit,Mgnt Fees - Salary Sacrifice,AVC WISE JULY 23,B000024292/61891,Avc Wise Ltd,31 August 2023,20.21
Legal Services,Mgnt Fees - Salary Sacrifice,AVC WISE JULY 23,B000024292/61891,Avc Wise Ltd,31 August 2023,14.58
Licensing,Mgnt Fees - Salary Sacrifice,AVC WISE JULY 23,B000024292/61891,Avc Wise Ltd,31 August 2023,31.40
Local Taxation,Mgnt Fees - Salary Sacrifice,AVC WISE JULY 23,B000024292/61891,Avc Wise Ltd,31 August 2023,11.09
Member Services,Mgnt Fees - Salary Sacrifice,AVC WISE JULY 23,B000024292/61891,Avc Wise Ltd,31 August 2023,11.21
Parks & Open Spaces,Mgnt Fees - Salary Sacrifice,AVC WISE JULY 23,B000024292/61891,Avc Wise Ltd,31 August 2023,9.81
Refuse/Cleansing Admin Staff,Mgnt Fees - Salary Sacrifice,AVC WISE JULY 23,B000024292/61891,Avc Wise Ltd,31 August 2023,26.96
Waste Services,Mgnt Fees - Salary Sacrifice,AVC WISE JULY 23,B000024292/61891,Avc Wise Ltd,31 August 2023,36.00
Dfg Affordable Warmth Grant,Contractor Other,AFFORDABLE WARMTH GRANT,B000024292/62221,Rhea Projects,31 August 2023,"2,094.75"
Environmental Protection,Work In Default,WORK IN DEFAULT,B000024292/68546,All Seasons Recycling,31 August 2023,370.00
Housing Benefit Administration,Agency Staff,TEMP STAFF  W/E 20/08/23,B000024293/33923,Eden Brown Limited,31 August 2023,"1,010.10"
Disabled Facilities General,Contractor Other,DISABLED FACILITIES GRANT,B000024293/50640,Prism Medical Uk,31 August 2023,"2,228.04"
Disabled Facilities General,Contractor Other,DISABLED FACILITIES GRANT,B000024293/59330,Closomat Ltd,31 August 2023,"4,650.00"
Markets - Operations,Electricity,STALL 17/18 - 4.3.23 TO 1.7.23,B000024294/35310,Sse Energy Solutions,31 August 2023,398.79
Markets - Operations,General Repair & Maint Bldgs,SKIP HIRE - JULY 23,B000024294/59730,Blackburn Skips Limited,31 August 2023,578.76
Markets - Operations,General Subscriptions,MUSIC LICENCE - ACC MARKET,B000024294/60557,Ppl Prs Ltd,31 August 2023,"1,452.50"
Policy And Performance Review,Printing,DESIGN AND ARTWORK,B000024294/65011,Brands Inside Out Limited,31 August 2023,350.00
Markets - Operations,Cleaning Of Buildings,CLEANING - MARKETS - JUNE 23,B000024294/68396,Servicemaster Cs Aaa,31 August 2023,"1,988.05"
Markets - Operations,Cleaning Of Buildings,CLEANING MARKETS - MAY 23,B000024294/68396,Servicemaster Cs Aaa,31 August 2023,"1,988.05"
