Service Cost Centre,Account Detail,Description,HBC ref no,Name,Payment Date,Net Amount (£),
ENVIRONMENTAL SERVICES,CVMU,VEHICLE TAX,P-CARD-JAN 24,DVLA,14/12/2023,322.50,
P & C G ,LEGAL,SUBS 24,P-CARD-JAN 24,CILEX,21/12/2023,367.00,
Human Resources,Drugs & Alcohol,DRUG WIPE TESTS,B000024507/57686,D Tec International,04/01/2024,"1,578.00",
Memorial Park,Contractor Other,PROJECT MANAGEMENT OF HLF PROJECT,B000024509/60561,Proffits Investing In Communities,04/01/2024,"3,000.00",
Cvmu,Materials-Direct,VALVE,B000024511/1758,Gunn Jcb Ltd,04/01/2024,339.87,
Cvmu,Materials-Direct,VARIOUS PARTS,B000024514/1164,Dennis Eagle Limited,04/01/2024,"1,127.23",
Housing Advice,Temporary Accommodation,RENT 7.11.23 - 17.12.23,B000024521/61245,Onward Homes,04/01/2024,590.33,
Licensing,Dvla Fees,DVLA CHECKS,B000024521/62170,Personnel Checks,04/01/2024,268.00,
Parks & Open Spaces,Implements & Tools,TUDOR POST KNOCKER,B000024525/54462,Tudor Environmental,04/01/2024,218.24,
Computer Services,Printer/ Copier Rental & Maint,CONSUMBLES,B000024530/67720,Document Logic,04/01/2024,89.97,
Computer Services,Printer/ Copier Rental & Maint,HPCF214X ,B000024530/67720,Document Logic,04/01/2024,193.40,
Accrington Crematorium,Electricity,SITE 2 ACC CREM,B000024533/59343,Edf Energy,04/01/2024,"2,367.33",
Acc Town Hall,Energy,SITE 8 FEEDER PILLAR ACC TOWN HALL,B000024533/59343,Edf Energy,04/01/2024,57.65,
Cannon St Acc,Electricity,SITE 11 CANNON ST,B000024533/59343,Edf Energy,04/01/2024,239.34,
Corporate Property,Electricity,SITE 31 GH CLOCK TOWER,B000024533/59343,Edf Energy,04/01/2024,51.26,
Elmfield Hall Flats,Electricity,SITE 13 ELMFIELD FLATS,B000024533/59343,Edf Energy,04/01/2024,55.67,
Haworth Art Gallery,Electricity,SITE 1 HAWORTH PARK,B000024533/59343,Edf Energy,04/01/2024,644.22,
Haworth Art Gallery,Electricity,SITE 21 HAG,B000024533/59343,Edf Energy,04/01/2024,889.32,
Haworth Stables,Electricity,SITE 27 HAWORTH STABLES AND MOTOR,B000024533/59343,Edf Energy,04/01/2024,495.98,
Hyndburn Cemeteries,Electricity,SITE 20 DILL HALL CEM,B000024533/59343,Edf Energy,04/01/2024,26.57,
Hyndburn Cemeteries,Electricity,SITE 28 ACC CEM OFFICE,B000024533/59343,Edf Energy,04/01/2024,516.11,
Hyndburn Cemeteries,Electricity,SITE 3 GH CEM SERV BUILD,B000024533/59343,Edf Energy,04/01/2024,556.19,
Hyndburn Cemeteries,Electricity,WALL OR REM,B000024533/59343,Edf Energy,04/01/2024,24.34,
Leisure In Hyndburn,Electricity,HYND LEISURE,B000024533/59343,Edf Energy,04/01/2024,"62,087.69",
Markets - Operations,Electricity,SITE 15 UNIT 15 PEEL,B000024533/59343,Edf Energy,04/01/2024,931.49,
Markets - Operations,Electricity,SITE 18 UNIT 5-6 PEEL ST,B000024533/59343,Edf Energy,04/01/2024,559.37,
Markets - Operations,Electricity,SITE 29 SERVICE YARD ACC MARK HALL,B000024533/59343,Edf Energy,04/01/2024,76.39,
Parks & Open Spaces,Electricity,GATTY PARK GREENHOUSES,B000024533/59343,Edf Energy,04/01/2024,41.87,
Parks & Open Spaces,Electricity,SITE 12 MEMORIAL PARK,B000024533/59343,Edf Energy,04/01/2024,14.15,
Parks & Open Spaces,Electricity,SITE 14 OAKHILL PARK BANDSTAND,B000024533/59343,Edf Energy,04/01/2024,46.97,
Parks & Open Spaces,Electricity,SITE 17 OAKHILL PARK,B000024533/59343,Edf Energy,04/01/2024,195.55,
Parks & Open Spaces,Electricity,SITE 19 WILSONS,B000024533/59343,Edf Energy,04/01/2024,920.59,
Parks & Open Spaces,Electricity,SITE 221 WILSONS,B000024533/59343,Edf Energy,04/01/2024,"1,234.29",
Parks & Open Spaces,Electricity,SITE 22 WILSONS,B000024533/59343,Edf Energy,04/01/2024,"37,858.37",
Parks & Open Spaces,Electricity,SITE 26+ MILNSHAW P BOWLS,B000024533/59343,Edf Energy,04/01/2024,67.93,
Parks & Open Spaces,Electricity,SITE 30 LOWERFOLD PARK,B000024533/59343,Edf Energy,04/01/2024,46.66,
Parks & Open Spaces,Electricity,SITE 32 BULLOUGH PARK PAV,B000024533/59343,Edf Energy,04/01/2024,804.51,
Parks & Open Spaces,Electricity,SITE 4 MEM PARK,B000024533/59343,Edf Energy,04/01/2024,229.12,
Parks & Open Spaces,Electricity,SITE 5 WHITE ASH,B000024533/59343,Edf Energy,04/01/2024,623.86,
Parks & Open Spaces,Electricity,SITE 6 PARKER ST BOWLS,B000024533/59343,Edf Energy,04/01/2024,27.56,
Parks & Open Spaces,Electricity,SITE 7 PEEL PARK,B000024533/59343,Edf Energy,04/01/2024,40.16,
Parks & Open Spaces,Electricity,SIUTE 9 RHYDDINGS PARK BOWLS,B000024533/59343,Edf Energy,04/01/2024,46.76,
Ranger St Compound & Depot,Electricity,RANGER ST,B000024533/59343,Edf Energy,04/01/2024,234.90,
Willows Lane Depot,Electricity,WILLOWS LANE,B000024533/59343,Edf Energy,04/01/2024,"3,025.51",
Housing Benefit Administration,Agency Staff,AGENCY STAFF W/E 17-DEC-23,B000024534/33923,Eden Brown Limited,04/01/2024,"1,010.10",
Housing Advice,Agency Staff,STAFF W/E 08-10-23 AND W/E 15-10-23,B000024534/61860,Vivid Resourcing,04/01/2024,"4,825.32",
Development Control B.U.,Agency Staff,AGENCY STAFF W/E 17/12/2023,B000024534/67448,Macdonald & Company,04/01/2024,"1,472.58",
Planning Policy B.U.,Agency Staff,AGENCY STAFF W/E 10/12/23 - 17/12/23,B000024534/67448,Macdonald & Company,04/01/2024,"1,495.00",
Building Control B.U.,Agency Staff,W/C 11/12/2023,B000024534/68845,Brg Interim Solutions Limited,04/01/2024,"1,511.20",
Building Control B.U.,Agency Staff,AGENCY STAFF W/E 17-12-23,B000024534/68990,Matchtech Group (Uk) Limited,04/01/2024,930.00,
Building Control B.U.,Agency Staff, AGENCY STAFF W/E 24-12-23,B000024534/68990,Matchtech Group (Uk) Limited,04/01/2024,930.00,
Administration Services,Postages,POSTAGE,B000024534/7231,Pitney Bowes Ltd,04/01/2024,"12,038.46",
Development Control B.U.,Subsidised Professional Subs,RTPI MEMBERSHIP ,B000024534/8757,The Royal Town Planning Institute,04/01/2024,354.00,
Development Control B.U.,Agency Staff,AGENCY STAFF - W/C 16.10.23 ,B000024535/58852,Oyster Partnership,04/01/2024,463.20,
Corp & Dem Core,Marketing Communications,GENERAL DESIGN WORK,B000024535/65011,Brands Inside Out Limited,04/01/2024,500.00,
Burton Chambers  - Luf,Legal Fees,LEGAL ADVICE -  BURTONS CHAMBERS,B000024535/66553,Womble Bond Dickinson,04/01/2024,"2,420.75",
Market Chambers - Luf,Legal Fees,LEGAL ADVICE -  MARKET CHAMBERS,B000024535/66553,Womble Bond Dickinson,04/01/2024,"2,420.75",
Development Control B.U.,Agency Staff,AGENCY STAFF - W/E 24.12 & 31.12.23 ,B000024535/67448,Macdonald & Company,04/01/2024,"1,523.83",
Planning Policy B.U.,Agency Staff,AGENCY STAFF - W/E 24.12.23 ,B000024535/67448,Macdonald & Company,04/01/2024,"1,144.00",
Building Control B.U.,Agency Staff,AGENCY STAFF - W/C 18.12.23,B000024535/68845,Brg Interim Solutions Limited,04/01/2024,"1,043.24",
REGENERATION,HOUSING,SUBS 24,P-CARD-JAN 24,CIOB,08/01/2024,300.00,
Development Control B.U.,Agency Staff,TEMP STAFF W/C 4.12.23,B000024510/58852,Oyster Partnership,09/01/2024,463.20,
Burton Chambers  - Luf,Consultants Fees,VALUATION FEES MARKETS,B000024513/66574,Cbre Ltd,09/01/2024,"1,166.66",
Market Chambers - Luf,Consultants Fees,VALUATION FEES MARKETS,B000024513/66574,Cbre Ltd,09/01/2024,"1,166.67",
Market Hall - Luf,Consultants Fees,VALUATION FEES MARKETS,B000024513/66574,Cbre Ltd,09/01/2024,"1,166.67",
Cvmu,Materials-Direct,PARTS,B000024514/1164,Dennis Eagle Limited,09/01/2024,425.00,
Cvmu,Materials-Direct,FILTERS AND BELTS,B000024514/442,Balmers Garden Machinery,09/01/2024,939.37,
Cvmu,Materials-Direct,2 RELAYS,B000024514/8014,Terberg Matec Uk,09/01/2024,727.21,
Cvmu,Materials-Direct,SENSOR,B000024514/8014,Terberg Matec Uk,09/01/2024,375.85,
Hmo,Agency Staff,TEMP STAFF W/E 4.12.23,B000024516/58852,Oyster Partnership,09/01/2024,"1,300.00",
Housing Standards,Agency Staff,TEMP STAFF W/C 4.12.23 ,B000024516/58852,Oyster Partnership,09/01/2024,"1,662.44",
Housing Standards,Agency Staff,TEMP STAFF W/E 4.12.23 ,B000024516/58852,Oyster Partnership,09/01/2024,829.35,
Housing Standards,Agency Staff,TEMP STAFF W/E 10.12.23,B000024516/61657,G2 Recruitment Solutions,09/01/2024,"1,917.10",
Environmental Protection,Agency Staff,TEMP STAFF W/E 10.12.23,B000024516/61860,Vivid Resourcing,09/01/2024,"1,850.00",
Environmental Protection,Agency Staff,TEMP STAFF W/E 10.12.23 ,B000024516/61860,Vivid Resourcing,09/01/2024,887.51,
Refuse Collection,Accident Insured,END OF LEASE COSTS,B000024518/37942,Jcb Finance Ltd,09/01/2024,"4,200.00",
Street Cleansing,Printing,CONTRACT AGREEMENT FOR GREEN WASTE,B000024525/61634,Dura Id Solutions Limited,09/01/2024,265.00,
Refuse Collection,New Containers,240 GREY BINS (0300) BODY AND LID,B000024525/66247,Contenur Uk Limited,09/01/2024,"10,341.00",
Hyndburn Cemeteries,Headstone Safety,DILL HALL CEMETERY - VARIOUS WORKS / HEADSTONE BEAMS,B000024526/28458,Marchbridge Builders Ltd,09/01/2024,"7,693.10",
Markets - Operations,Asset Maint R&M,ACCRINGTON MARKET HALL - REPLACE ROTTEN WINDOW OPENER,B000024526/37017,Pilkington Bros (Church) Ltd,09/01/2024,211.96,
Willows Lane Depot,Asset Maint R&M,WILLOWS LANE DEPOT - FIT NEW HINGES AND BOLTS TO COMPOUND GATES,B000024526/37017,Pilkington Bros (Church) Ltd,09/01/2024,721.00,
Oswaldtwistle Civic Theatre,Asset Maint R&M,OSWALDTWISTLE CIVIC THEATRE - AC SERVICE AND CHANGE FILTERS,B000024526/56939,Affordable Bar & Catering Equipment Direct,09/01/2024,"1,005.00",
Mayoralty,Printing,MAYOR XMAS CARDS/ MARKET BOARDS,B000024528/1344,Ellison Printing,09/01/2024,166.00,
Ukspf - Regeneration,Marketing/Promotion,MAYOR XMAS CARDS/ MARKET BOARDS,B000024528/1344,Ellison Printing,09/01/2024,389.00,
Accountancy,Agency Staff,AGENCY COSTS- W/E 03/12/23 AMD 10/12/23 ,B000024529/61860,Vivid Resourcing,09/01/2024,"5,900.00",
Accountancy,Agency Staff,AGENCY COSTS- W/E 17/12/23,B000024529/61860,Vivid Resourcing,09/01/2024,"2,950.00",
Computer Services,Rental & Maint Software Misc,CONNECT PROTECT SIEM & SOC - 3 YEARS,B000024530/52650,Secon,09/01/2024,"26,169.00",
Computer Services,Rental & Maint Software Misc,SOP CEN PC & SERVER 1/2/24 - 31/1/27,B000024530/52650,Secon,09/01/2024,"28,950.00",
Green Infrastructure,General Grounds Maintenance,TREE STOCK,B000024530/59538,Cheviot Trees Ltd,09/01/2024,"4,923.10",
Licensing,Office Consumables,TONER ,B000024530/67720,Document Logic,09/01/2024,405.97,
Cemetery Welfare & Depot Fac,Contractor Other,INSTALLATION OF FIBRE OPTIC CABLE ACC CEM,B000024530/7968,T I S Ltd,09/01/2024,"1,940.00",
Cemetery Welfare & Depot Fac,Contractor Other,REPAIR OF DAMAGED CABLES AT ACC CEM,B000024530/7968,T I S Ltd,09/01/2024,990.00,
Customer Services,Training Expenses,IRRV DISTANCE LEARNING,B000024531/52997,Irrv,09/01/2024,"1,375.00",
Housing Benefit Administration,Training Expenses,IRRV DISTANCE LEARNING,B000024531/52997,Irrv,09/01/2024,"1,375.00",
Local Taxation,Training Expenses,IRRV DISTANCE LEARNING,B000024531/52997,Irrv,09/01/2024,"1,375.00",
Accountancy,Agency Staff,AGENCY COSTS -  W/C 11.12.23,B000024531/58852,Oyster Partnership,09/01/2024,"3,550.00",
Corporate Property,General Repair & Maint Bldgs,12 BROADWAY - CLEAN AND CHLORINATION OF WATER SYSTEM,B000024531/68680,H S L Compliance,09/01/2024,212.21,
Corporate Property,General Repair & Maint Bldgs,4 BROADWAY - CLEAN AND CHLORINATION OF WATER SYSTEM,B000024531/68680,H S L Compliance,09/01/2024,212.21,
Oswaldtwistle Civic Theatre,Asset Maint R&M,OSW CIVIC THEATRE - RECOMMENDED REMIDIAL WORKS,B000024531/68680,H S L Compliance,09/01/2024,"5,247.90",
Development Control B.U.,Agency Staff,AGENCY STAFF W/C 11-12-23,B000024534/58852,Oyster Partnership,09/01/2024,463.20,
Housing Advice,Agency Staff,AGENCY STAFF W/E 08-10-23,B000024534/61860,Vivid Resourcing,09/01/2024,"1,300.20",
Ukspf - Regeneration,Marketing/Promotion,ACCY TOWN SQUARE PROJECT EXTENSION,B000024534/66163,Media Village,09/01/2024,"1,800.00",
Oswaldtwistle Civic Theatre,Asset Maint R&M,HSL OSWALDTWISTLE CIVIC REMEDIAL WORKS,B000024534/68680,H S L Compliance,09/01/2024,"4,343.90",
Development Control B.U.,Advertising General,PRESS NOTICE ,B000024536/59724,Tmp (Uk) Ltd,09/01/2024,226.80,
Cvmu,Materials-Direct,WING MIRROR,B000024539/7688,Aebi Schmidt Uk Ltd,09/01/2024,240.73,
Cvmu,Equipmnt Repair & Maint,CONSUMABLES,B000024540/28065,Wurth Uk Ltd,09/01/2024,321.15,
Cvmu,Materials-Direct,WORKSHOP ITEMS,B000024540/49523,R M Williams (Accrington) Ltd,09/01/2024,221.22,
Cvmu,Licences,TEST FEE,B000024540/68422,Ben Shaw Training Limited,09/01/2024,115.00,
Cvmu,Licences,TEST FEE,B000024540/68422,Ben Shaw Training Limited,09/01/2024,560.00,
Hyndburn Cemeteries,Equipmnt Repair & Maint,SERVICE AND REPAIRS,B000024540/68556,Rob Mercer,09/01/2024,623.73,
Christmas Decs & Amenity Costs,Electricity,CHRISTMAS LIGHTING 02.11.23 - 30.11.23,B000024541/35310,Sse Energy Solutions,09/01/2024,"1,755.01",
Accrington Crematorium,Gas,GAS 01.11.23 - 30.11.23. ACC CREM,B000024541/68037,Sefe Energy Ltd,09/01/2024,"4,961.57",
Acc Town Hall,Gas,GAS 01.11.23 - 30.11.23. ACC TOWN HALL,B000024541/68037,Sefe Energy Ltd,09/01/2024,"3,526.88",
Cannon St Acc,Gas,GAS 01.11.23 - 30.11.23. CANNON ST,B000024541/68037,Sefe Energy Ltd,09/01/2024,170.02,
Cannon St Acc,Gas,GAS 01.11.23 - 30.11.23. EAGLE ST OAP,B000024541/68037,Sefe Energy Ltd,09/01/2024,8.28,
Haworth Art Gallery,Gas,GAS 01.11.23 - 30.11.23. HAWORTH ART G,B000024541/68037,Sefe Energy Ltd,09/01/2024,"2,626.50",
Haworth Stables,Gas,GAS 01.11.23 - 30.11.23 HAWORTH STABLES,B000024541/68037,Sefe Energy Ltd,09/01/2024,935.01,
Hyndburn Cemeteries,Gas,GAS 01.11.23 - 30.11.23. ACC CEM,B000024541/68037,Sefe Energy Ltd,09/01/2024,689.30,
Hyndburn Cemeteries,Gas,GAS 01.11.23 - 30.11.23. ACC CREM MESS,B000024541/68037,Sefe Energy Ltd,09/01/2024,109.12,
Leisure In Hyndburn,Gas,GAS 01.11.23 - 30.11.23 CLAYTON CIVIC,B000024541/68037,Sefe Energy Ltd,09/01/2024,947.70,
Leisure In Hyndburn,Gas,GAS 01.11.23 - 30.11.23. MERCER HALL,B000024541/68037,Sefe Energy Ltd,09/01/2024,"2,569.53",
Library St Depot,Gas,GAS 01.11.23 - 30.11.23 CVMU,B000024541/68037,Sefe Energy Ltd,09/01/2024,"2,729.51",
Markets - Operations,Gas,GAS 01.11.23 - 30.11.23. ACC MARKET,B000024541/68037,Sefe Energy Ltd,09/01/2024,"3,865.59",
Parks & Open Spaces,Gas,GAS 01.11.23 - 30.11.23. BULLOUGH PARK,B000024541/68037,Sefe Energy Ltd,09/01/2024,15.86,
Parks & Open Spaces,Gas,GAS 01.11.23 - 30.11.23. LOWERFOLD,B000024541/68037,Sefe Energy Ltd,09/01/2024,-38.38,
Parks & Open Spaces,Gas,GAS 01.11.23 - 30.11.23. OAKHILL PARK,B000024541/68037,Sefe Energy Ltd,09/01/2024,115.72,
Parks & Open Spaces,Gas,GAS 01.11.23 - 30.11.23. WILSONS,B000024541/68037,Sefe Energy Ltd,09/01/2024,420.87,
Rhyddings Cafe,Gas,GAS 01.11.23 - 30.11.23 RHYDDINGS PARK,B000024541/68037,Sefe Energy Ltd,09/01/2024,427.51,
Willows Lane Depot,Gas,GAS 01.11.23 - 30.11.23 WILLOWS LANE,B000024541/68037,Sefe Energy Ltd,09/01/2024,788.18,
Willows Lane Depot,Gas,GAS 01.11.23 - 30.11.23. WILLOWS LANE,B000024541/68037,Sefe Energy Ltd,09/01/2024,"1,051.22",
Cvmu,Materials-Direct,BUSH,B000024542/1164,Dennis Eagle Limited,09/01/2024,215.10,
Cvmu,Materials-Direct,MIRRORS AND BUSHES,B000024542/1164,Dennis Eagle Limited,09/01/2024,632.13,
Cvmu,Materials-Direct,TWIN REVERSE CAMERA,B000024542/1164,Dennis Eagle Limited,09/01/2024,431.52,
Cvmu,Materials-Direct,BINLIFT SPRING,B000024542/60483,Wasteparts Uk Ltd,09/01/2024,859.32,
Markets - Operations,Elp Web Site,COMMERCIALISATION OF LOW CARBON TECH,B000024543/10461,Chamber Of Commerce East Lancashire,09/01/2024,"51,599.00",
Ukspf - Low Carbon,Bus Support Net Zero Trans Dec,BUSINESS SUPPORT FOR NAT ZERO TRANSITIONS AND DECARBONISATION,B000024543/10461,Chamber Of Commerce East Lancashire,09/01/2024,"65,671.00",
Accountancy,Mobiles,19.12.23 - 18.01.24,B000024543/55296,Ee Limited,09/01/2024,34.96,
Accountancy,New Equipment,19.12.23 - 18.01.24,B000024543/55296,Ee Limited,09/01/2024,10.00,
Administration Services,Mobiles,19 .12.23 - 18.01.24,B000024543/55296,Ee Limited,09/01/2024,8.99,
Allotments,Mobiles,19.12.23 - 18.01.24,B000024543/55296,Ee Limited,09/01/2024,13.98,
Communications,Mobiles,19.12.23 - 18.01.24,B000024543/55296,Ee Limited,09/01/2024,27.96,
Computer Services,Disaster Planning,19.12.23 - 18.01.24,B000024543/55296,Ee Limited,09/01/2024,20.00,
Computer Services,Mobiles,19.12.23 - 18.01.24,B000024543/55296,Ee Limited,09/01/2024,32.66,
Computer Services,Telephones,19.12.23 - 18.01.24,B000024543/55296,Ee Limited,09/01/2024,155.01,
Corp & Dem Core,Marketing Communications,19.12.23 - 18.01.24,B000024543/55296,Ee Limited,09/01/2024,10.00,
Corporate Property Bus Unit,Mobiles,19.12.23 - 18.01.24,B000024543/55296,Ee Limited,09/01/2024,41.94,
Cvmu,Mobiles,19.12.23 - 18.01.24,B000024543/55296,Ee Limited,09/01/2024,20.00,
Development,Mobiles,19.12.23 - 18.01.24,B000024543/55296,Ee Limited,09/01/2024,69.90,
Development Control B.U.,Mobiles,19.12.23 - 18.01.24,B000024543/55296,Ee Limited,09/01/2024,139.80,
Dog Warden,Mobiles,19.12.23 - 18.01.24,B000024543/55296,Ee Limited,09/01/2024,13.98,
Enforcement,Mobiles,19.12.23 - 18.01.24,B000024543/55296,Ee Limited,09/01/2024,51.06,
Environmental Protection,Mobiles,19.12.23 - 18.01.24,B000024543/55296,Ee Limited,09/01/2024,73.90,
Exec Director (Legal & Dem),Mobiles,19.12.23 - 18.01.24,B000024543/55296,Ee Limited,09/01/2024,23.98,
Executive Director (Env),Mobiles,19.12.23 - 18.01.24,B000024543/55296,Ee Limited,09/01/2024,73.98,
Facilities Team,Mobiles,19.12.23 - 18.01.24,B000024543/55296,Ee Limited,09/01/2024,42.37,
Facilities Team,New Equipment,19.12.23 - 18.01.24,B000024543/55296,Ee Limited,09/01/2024,20.00,
Haworth Art Gallery,Mobiles,19.12.23 - 18.01.24,B000024543/55296,Ee Limited,09/01/2024,42.37,
Health Food & Safety,Civica Mobile Working,19.12.23 - 18.01.24,B000024543/55296,Ee Limited,09/01/2024,40.00,
Health Food & Safety,Mobiles,19.12.23 - 18.01.24,B000024543/55296,Ee Limited,09/01/2024,87.88,
Health Officers,Mobiles,19.12.23 - 18.01.24,B000024543/55296,Ee Limited,09/01/2024,22.97,
Hmo,Mobiles,19.12.23 - 18.01.24,B000024543/55296,Ee Limited,09/01/2024,27.96,
Housing Advice,Mobiles,19.12.23 - 18.01.24,B000024543/55296,Ee Limited,09/01/2024,69.90,
Housing Benefit Administration,Bpr/Contact Centre,19.12.23 - 18.01.24,B000024543/55296,Ee Limited,09/01/2024,20.00,
Housing Standards,Mobiles,19.12.23 - 18.01.24,B000024543/55296,Ee Limited,09/01/2024,50.93,
Human Resources,Mobiles,19.12.23 - 18.01.24,B000024543/55296,Ee Limited,09/01/2024,67.92,
Human Resources,New Equipment,19.12.23 - 18.01.24,B000024543/55296,Ee Limited,09/01/2024,10.00,
Internal Audit,Mobiles,19.12.23 - 18.01.24,B000024543/55296,Ee Limited,09/01/2024,26.97,
Legal Services,Mobiles,19.12.23 - 18.01.24,B000024543/55296,Ee Limited,09/01/2024,35.96,
Licensing,Mobiles,19.12.23 - 18.01.24,B000024543/55296,Ee Limited,09/01/2024,95.09,
Licensing,New Equipment,19.12.23 - 18.01.24,B000024543/55296,Ee Limited,09/01/2024,10.00,
Local Taxation,Mobiles,19.12.23 - 18.01.24,B000024543/55296,Ee Limited,09/01/2024,8.99,
Management Business Unit,Mobiles,19.12.23 - 18.01.24,B000024543/55296,Ee Limited,09/01/2024,73.98,
Managing Director,Mobiles,19.12.23 - 18.01.24,B000024543/55296,Ee Limited,09/01/2024,23.98,
Markets - Operations,Mobiles,19.12.23 - 18.01.24,B000024543/55296,Ee Limited,09/01/2024,27.96,
Markets - Staffing,Mobiles,19.12.23 - 18.01.24,B000024543/55296,Ee Limited,09/01/2024,27.96,
Member Services,Mobiles,19.12.23 - 18.01.24,B000024543/55296,Ee Limited,09/01/2024,22.97,
Member Services,Office Consumables,19.12.23 - 18.01.24,B000024543/55296,Ee Limited,09/01/2024,10.00,
Members Expenses,Mobiles,19.12.23 - 18.01.24,B000024543/55296,Ee Limited,09/01/2024,50.00,
Parks & Open Spaces,Mobiles,19.12.23 - 18.01.24,B000024543/55296,Ee Limited,09/01/2024,85.12,
Pest Control,Mobiles,19.12.23 - 18.01.24,B000024543/55296,Ee Limited,09/01/2024,41.94,
Policy And Performance Review,Mobiles,19.12.23-18.01.24,B000024543/55296,Ee Limited,09/01/2024,22.97,
Policy And Performance Review,Telephones,19.12.23 - 18.01.24,B000024543/55296,Ee Limited,09/01/2024,10.00,
Proposed Selec Licensing 2017,Mobiles, 19.12.23 - 18.01.24,B000024543/55296,Ee Limited,09/01/2024,27.96,
Recycling Collection,Mobiles, 19.12.23 - 18.01.24,B000024543/55296,Ee Limited,09/01/2024,84.31,
Refuse/Cleansing Admin Staff,Mobiles,19.12.23 - 18.01.24,B000024543/55296,Ee Limited,09/01/2024,23.98,
Refuse Collection,Computer Rental & Maint,19.12.23 - 18.01.24,B000024543/55296,Ee Limited,09/01/2024,180.00,
Registration Of Electors,Mobiles, 19.12.23 - 18.01.24,B000024543/55296,Ee Limited,09/01/2024,41.94,
Strategic Housing Department,Mobiles,19.12.23 - 18.01.24,B000024543/55296,Ee Limited,09/01/2024,95.07,
Waste Services,Mobiles, 19.12.23 - 18.01.24,B000024543/55296,Ee Limited,09/01/2024,180.81,
Accountancy,Agency Staff,STAFF WC 16.10.23,B000024543/58852,Oyster Partnership,09/01/2024,"3,550.00",
Waste Services,Advertising,1/2 PAGE OBSERVER AD. WASTE & RECYCLING XMAS DATES,B000024543/60625,Reach Publishing Services Ltd,09/01/2024,650.00,
Environmental Protection,Agency Staff,STAFF WE 17.12.23 ,B000024543/61860,Vivid Resourcing,09/01/2024,"1,850.00",
Environmental Protection,Agency Staff,STAFF WE 17.12.23 ,B000024543/61860,Vivid Resourcing,09/01/2024,875.70,
Ukspf - Regeneration,Marketing/Promotion,A6 ATS SLEEVES X 100. ORIGINATION AND CREATIVE,B000024543/66163,Media Village,09/01/2024,445.00,
Corporate Property,Gas,MERCER HOUSE GAS 01.11.23 - 30.11.23,B000024543/68037,Sefe Energy Ltd,09/01/2024,"1,213.65",
Housing Standards,Agency Staff,STAFF WC 11.12.23 ,B000024544/58852,Oyster Partnership,09/01/2024,404.10,
Hmo,Agency Staff,TEMP STAFF W/C 11/12/2023,B000024545/58852,Oyster Partnership,09/01/2024,"1,183.00",
Hmo,Agency Staff,TEMP STAFF - W/C 11/12/23,B000024545/58852,Oyster Partnership,09/01/2024,"1,540.76",
Housing Standards,Agency Staff,TEMP STAFF W/C 11/12/2023,B000024545/61657,G2 Recruitment Solutions,09/01/2024,"1,966.91",
Housing Benefit Administration,Computer Rental & Maint,END OF YEAR SERVICES - CAPITA BUSINESS SERVICES,B000024545/65220,Capita  Business Services Ltd,09/01/2024,"4,395.00",
Local Taxation,Computer Rental & Maint,END OF YEAR SERVICES - CAPITA BUSINESS SERVICES,B000024545/65220,Capita  Business Services Ltd,09/01/2024,"4,395.00",
Long Term Towns Fund,Fees-Analysts & Consultants,CHARGES RELATING TO LONG-TERM PLAN FOR TOWNS - BRADSHAW ADVISORY LTD,B000024545/65816,Bradshaw Advisary Ltd,09/01/2024,"1,000.00",
King George V Pavilion & Pitch,Other Fees,KING GEORGE V PAVILION INVESTIGATION FEES,B000024545/68995,Stri Ltd,09/01/2024,"4,405.00",
Fire Risk Assess Works Various,Contractor Other,MILNSHAW - INSTALL DEVICE INTO FIRE ALARM PANEL,B000024546/24998,Full Circuit Fire & Security Ltd,09/01/2024,213.00,
Acc Town Hall,Electricity,ACC TOWN HALL - DEC 23,B000024546/59343,Edf Energy,09/01/2024,"3,520.14",
Leisure In Hyndburn,Electricity,MERCER HALL - DEC 23,B000024546/59343,Edf Energy,09/01/2024,"5,021.51",
Library St Depot,Electricity,CVMU - DEC 23,B000024546/59343,Edf Energy,09/01/2024,"4,553.64",
Markets - Operations,Electricity,ACC MARKET HALL - DEC 23,B000024546/59343,Edf Energy,09/01/2024,"8,120.33",
Rhyddings Cafe,Electricity,COMMUNITY HUB - DEC 23,B000024546/59343,Edf Energy,09/01/2024,"1,274.28",
Scaitcliffe House,Electricity,SCAITCLIFFE - DEC 23,B000024546/59343,Edf Energy,09/01/2024,"12,655.51",
Disabled Facilities General,Contractor Other,DISABLED FACILITIES GRANT,B000024547/25868,Hyndburn Plumbing & Heating Services,09/01/2024,"5,645.00",
Disabled Facilities General,Contractor Other,DISABLED FACILITIES GRANT,B000024547/7874,Stannah Lift Services Limited,09/01/2024,"7,623.00",
Customer Services,Training Expenses,IRRV ANNUAL SUBSCRIPTIONS,B000024535/52997,Irrv,11/01/2024,440.00,
Housing Benefit Administration,Training Expenses,IRRV ANNUAL SUBSCRIPTIONS,B000024535/52997,Irrv,11/01/2024,440.00,
Local Taxation,Training Expenses,IRRV ANNUAL SUBSCRIPTIONS,B000024535/52997,Irrv,11/01/2024,440.00,
Rhyddings Park Coach Hse&Grdn,Contractor Other,CONNECT CCTV CAMERA IN RHYDDINGS PARK,B000024538/28873,Blackburn With Darwen B.C.,11/01/2024,"14,722.73",
Waste Services,Agency Staff,AGENCY STAFF W/C 11.12.23,B000024538/61971,Rapid Recruit Ltd,11/01/2024,"1,105.56",
Willows Lane Depot,Cleaning Of Buildings,BUILDING CLEANING WILLOWS LANE,B000024538/68396,Servicemaster Cs Aaa,11/01/2024,954.53,
Refuse Collection,Hired Vehicle,VEHICLE HIRE,B000024538/68839,Leeds Commercial Vehicle Hire,11/01/2024,"1,760.00",
Refuse Pop Service,Hired Vehicle,VEHICLE HIRE,B000024538/68839,Leeds Commercial Vehicle Hire,11/01/2024,"1,155.00",
Cemetery Welfare & Depot Fac,Contractor Other,TEMPORARY CCTV AT CEMETERY DEPOT,B000024538/7524,Ross Lee Construction Ltd,11/01/2024,880.00,
Cvmu,Materials-Direct,FILTER HOUSING,B000024539/1164,Dennis Eagle Limited,11/01/2024,427.37,
Cvmu,Equipmnt Repair & Maint,WORKSHOP ITEMS FOR MOWERS,B000024542/1640,Gibsons Garden Machinery Ltd,11/01/2024,272.03,
Huncoat Housing Zone,Fees-Analysts & Consultants,HUNCOAT GARDEN VILLAGE RESEARCH WORKS. DEC 2023.,B000024544/59167,Arcadis Consulting (Uk) Ltd,11/01/2024,"57,215.00",
Huncoat Housing Zone,Fees-Analysts & Consultants,PROFESSIONAL SERVICES/FEES,B000024545/65514,Avison Young (Uk) Ltd,11/01/2024,"25,631.60",
Housing Benefit Administration,Agency Staff,TEMP STAFF - W/E 24.12.23 ,B000024550/33923,Eden Brown Limited,11/01/2024,"1,010.10",
Housing Benefit Administration,Agency Staff,TEMP STAFF - W/E 31.12.23,B000024550/33923,Eden Brown Limited,11/01/2024,464.10,
Ukspf - Regeneration,Marketing/Promotion,ACORN MARKET AD (JAN),B000024550/52885,Acorn Community News,11/01/2024,375.00,
Affordable Warmth Intervention,Contractor Other,AFFORDABLE WARMTH GRANT,B000024550/62221,Rhea Projects,11/01/2024,"3,736.53",
Dfg Affordable Warmth Grant,Contractor Other,AFFORDABLE WARMTH GRANT,B000024550/64557,Harris Heating (Nw) Ltd,11/01/2024,"3,295.01",
Dfg Affordable Warmth Grant,Contractor Other,AFFORDABLE WARMTH GRANT,B000024550/66471,Mccallott Windows,11/01/2024,"4,329.76",
Dfg Affordable Warmth Grant,Contractor Other,AFFORDABLE WARMTH GRANT,B000024550/68216,Scl Building Services Limited,11/01/2024,318.75,
Dfg Affordable Warmth Grant,Contractor Other,AFFORDABLE WARMTH GRANT,B000024550/68218,Trade Windows (Preston) Limited,11/01/2024,"2,285.00",
Dog Warden,Kenneling - Daytime,KENNELLING CONTRACT,B000024551/36271,Aspen Valley Boarding Kennels & Cattery,11/01/2024,"1,718.30",
Milton Close Play Area,Contractor Other,THIRD PARTY CONTRIBUTION ,B000024551/68998,Fcc Recycling (Uk) Limited,11/01/2024,"10,750.00",
Climate Emergency Fund,Misc Equipment,MARKETING LEAFLETS,B000024552/10398,Caxton Printing Co Ltd,11/01/2024,255.00,
Climate Emergency Fund,New Equipment,MARKETING LEAFLETS,B000024552/10398,Caxton Printing Co Ltd,11/01/2024,65.00,
General Expenses,Cabinet Action Fund,GRANT PAYMENT,B000024552/23788,Ernest Street Baptist Chapel,11/01/2024,300.00,
Planning Policy B.U.,Legal Fees,BARRISTER FEES,B000024552/30073,Mr Ian Ponter,11/01/2024,250.00,
Dfg Affordable Warmth Grant,Contractor Other,AFFORDABLE WARMTH GRANT,B000024552/35745,Ags Heating & Plumbing Ltd,11/01/2024,270.00,
Licensing,Office Consumables,GOODS FOR TAXI LICENSING,B000024552/60103,Newauto Ltd,11/01/2024,"1,865.90",
HOUSING BENEFIT ADMIN,LLOYDS CARDNET,Cardnet 14.12.23,37141,CARDNET,15/01/2024,1492.38,
Waste Services,Agency Staff,AGENCY STAFF W/C 18.12.23,B000024538/61971,Rapid Recruit Ltd,16/01/2024,930.03,
Environmental Protection,Agency Staff,STAFF WE 24.12.23  ,B000024543/61860,Vivid Resourcing,16/01/2024,"1,666.67",
Hmo,Agency Staff,STAFF WC 18.12.23 ,B000024544/58852,Oyster Partnership,16/01/2024,"1,040.00",
Hmo,Agency Staff,STAFF WC 18.12.23,B000024544/58852,Oyster Partnership,16/01/2024,"1,600.56",
Housing Standards,Agency Staff,STAFF WE 18.12.23 ,B000024544/58852,Oyster Partnership,16/01/2024,696.15,
Housing Standards,Agency Staff,TEMP STAFF WC 18.12.23,B000024544/61657,G2 Recruitment Solutions,16/01/2024,"1,397.10",
Cvmu,Fuel Stock,HVO FUEL ,B000024549/1033,Crown Oil Ltd,16/01/2024,"33,052.36",
Hyndburn Cemeteries,New Equipment,PURCHASE OF 30 R-LINK WATCHES ,B000024549/26392,Reactec,16/01/2024,"13,563.39",
Parks & Open Spaces,Private Contractors Work,REMOVAL OF PLAY AREA ,B000024549/38733,Marchbridge Builders Ltd,16/01/2024,"4,368.80",
Recycling Collection,New Containers,240L BLUE 0805 BODY AND BLUE LID,B000024549/66247,Contenur Uk Limited,16/01/2024,"10,422.00",
Recycling Collection,New Containers,240L BROWN 0905 BODY AND LID,B000024549/66247,Contenur Uk Limited,16/01/2024,"10,422.00",
Waste Services,Protective Clothing,5120 HIMALAYAN SAFETY BOOTS,B000024549/666,"Bubbles, Brushes & Wiper Co Ltd",16/01/2024,306.67,
Waste Services,Protective Clothing,BANDED EAR PLUGS SNR 20,B000024549/666,"Bubbles, Brushes & Wiper Co Ltd",16/01/2024,63.60,
Waste Services,Protective Clothing,"DISPOSABLE DELIGHT PF VINYL GLOVES L,XL",B000024549/666,"Bubbles, Brushes & Wiper Co Ltd",16/01/2024,57.00,
Waste Services,Protective Clothing,PORTWEST HI VIS BALLISTIC TROUSERS L,B000024549/666,"Bubbles, Brushes & Wiper Co Ltd",16/01/2024,63.74,
Waste Services,Protective Clothing,"SUMO X5 GLOVES 9,10",B000024549/666,"Bubbles, Brushes & Wiper Co Ltd",16/01/2024,717.00,
Waste Services,Protective Clothing,SUPERTOUCH TWO TONE SWEATSHIRT S,B000024549/666,"Bubbles, Brushes & Wiper Co Ltd",16/01/2024,25.98,
Ukspf - Fund Administration,Rental & Maint Software Misc,SUBS 2024,B000024549/68538,Huq Industries Ltd,16/01/2024,"15,000.00",
Memorial Park,Private Contractors Work,PROVIDE ARTWORK INC COMMUNITY ENGAGEMENT,B000024549/68881,Cath Ford,16/01/2024,"1,500.00",
Acc Pals Garden - Spf,Contractor Other,PROVIDE TREES 3,B000024549/68981,Deepdale Trees Limited,16/01/2024,"1,942.00",
Street Cleansing,Vehicle Tracker / Fuel/ Cctv,3 X VEHICLE OBD'S - INCLUDING INSTALLATION,B000024549/8288,Triscan Systems Limited,16/01/2024,"1,507.00",
Parks & Open Spaces,Private Contractors Work,WORKS AT PICKUP STREET GARDENS ,B000024549/9887,Pilkington Brothers (Church) Ltd,16/01/2024,825.88,
Corporate Property,Gas,GAS HIPPINGS VALE 01.11.23 - 29.11.23,B000024554/35310,Sse Energy Solutions,16/01/2024,975.00,
Corporate Property,Security System Maintenance,KEYHOLDER CALLOUTS DEC 23. UNIT 18 PEEL ST,B000024554/44845,Keyplus Security Ltd,16/01/2024,23.00,
Corporate Property,Security System Maintenance,KEYHOLDER CALLOUTS DEC 23. UNIT 19 PEEL ST,B000024554/44845,Keyplus Security Ltd,16/01/2024,23.00,
Library St Depot,Security System Maintenance,KEYHOLDER CALLOUTS DEC 23. CVMU,B000024554/44845,Keyplus Security Ltd,16/01/2024,65.78,
Markets - Operations,Security System Maintenance,KEYHOLDER CALLOUTS DEC 23. ACC MARKET HALL,B000024554/44845,Keyplus Security Ltd,16/01/2024,65.78,
Parks & Open Spaces,Security System Maintenance,KEYHOLDER CALLOUTS DEC 23. KING GEORGES,B000024554/44845,Keyplus Security Ltd,16/01/2024,65.78,
Parks & Open Spaces,Security System Maintenance,KEYHOLDER CALLOUTS DEC 23. MEMORIAL PARK,B000024554/44845,Keyplus Security Ltd,16/01/2024,63.25,
Ranger St Compound & Depot,Security System Maintenance,KEYHOLDER CALLOUTS DEC 23. RANGER ST,B000024554/44845,Keyplus Security Ltd,16/01/2024,197.34,
Willows Lane Depot,Security System Maintenance,KEYHOLDER CALLOUTS DEC 23. WILLOWS LANE,B000024554/44845,Keyplus Security Ltd,16/01/2024,345.35,
Administration Services,Office Consumables,BLUE INK FOR FRANKING MACHINE,B000024554/7231,Pitney Bowes Ltd,16/01/2024,339.95,
Customer Services,Computer Rental & Maint,SAAS SUBS 01.12.23 - 31.03.24,B000024555/65220,Capita  Business Services Ltd,16/01/2024,"3,866.67",
Housing Benefit Administration,Computer Rental & Maint,SAAS SUBS 01.12.23 - 31.03.24,B000024555/65220,Capita  Business Services Ltd,16/01/2024,"7,733.33",
Local Taxation,Computer Rental & Maint,SAAS SUBS 01.12.23 - 31.03.24,B000024555/65220,Capita  Business Services Ltd,16/01/2024,"7,733.33",
Corporate Property,Legal Fees,VALUATION FEES OCT 23,B000024555/66574,Cbre Ltd,16/01/2024,"3,750.00",
Burton Chambers  - Luf,Consultants Fees,PROFESSIONAL FEES ACCRINGTON REGEN,B000024555/67812,Ma Cost Consulting Limited,16/01/2024,"2,666.66",
Market Chambers - Luf,Consultants Fees,PROFESSIONAL FEES ACCRINGTON REGEN,B000024555/67812,Ma Cost Consulting Limited,16/01/2024,"2,666.67",
Market Hall - Luf,Consultants Fees,PROFESSIONAL FEES ACCRINGTON REGEN,B000024555/67812,Ma Cost Consulting Limited,16/01/2024,"2,666.67",
Parks & Open Spaces,Implements & Tools,TREE GANG EQUIPMENT,B000024556/1192,Dick Leigh Chainsaw Specialist,16/01/2024,"1,393.70",
Hyndburn Cemeteries,Kerbstone Graves,LEE LANE KERB SET,B000024556/604,Brent Stevenson Memorials,16/01/2024,"3,833.34",
Hyndburn Cemeteries,Training Expenses,CEM - DUMPER TRAINING,B000024556/60521,Cemetery Training Services,16/01/2024,"1,669.00",
Hyndburn Cemeteries,Training Expenses,CEM - EXCAVATOR TRAINING,B000024556/60521,Cemetery Training Services,16/01/2024,"2,719.00",
Accrington Town Centre,Event Expenditure,REMAINING 50% FOR XMAS TREE FESTIVAL EVENT,B000024556/61582,Accrington Community Events,16/01/2024,"1,500.00",
Hyndburn Cemeteries,Protective Clothing,PPE,B000024556/666,"Bubbles, Brushes & Wiper Co Ltd",16/01/2024,267.67,
Willows Lane Depot,Water Charges,WATER CHARGES TOWNS YARD 1.12.23-31.12.23,B000024556/8325,Water Plus Ltd,16/01/2024,495.42,
Environmental Protection,Implements & Tools,CALIBRATION OF EQUIPMENT,B000024557/49216,Campbell Associates Ltd,16/01/2024,512.00,
Disabled Facilities General,Contractor Other,DISABLED FACILITIES GRANT,B000024557/50640,Prism Medical Uk,16/01/2024,"2,182.17",
Cvmu,Materials-Direct,LAMP AND SPRINGS,B000024559/60483,Wasteparts Uk Ltd,16/01/2024,641.76,
Cvmu,Cleaning,CLEANING,B000024559/68396,Servicemaster Cs Aaa,16/01/2024,734.24,
Administration Expenses,Stationery,STATIONERY,B000024560/67355,Ot Group Limited,16/01/2024,298.87,
Allotments,Stationery,STATIONERY,B000024560/67355,Ot Group Limited,16/01/2024,20.99,
Building Control B.U.,Stationery,STATIONERY,B000024560/67355,Ot Group Limited,16/01/2024,129.01,
Consultancy-Engineering Div,Stationery,STATIONERY,B000024560/67355,Ot Group Limited,16/01/2024,44.29,
Development Control B.U.,Stationery,STATIONERY,B000024560/67355,Ot Group Limited,16/01/2024,487.12,
Environmental Initiatives B.U.,Stationery,STATIONERY,B000024560/67355,Ot Group Limited,16/01/2024,105.81,
Facilities Team,Stationery,STATIONERY,B000024560/67355,Ot Group Limited,16/01/2024,83.96,
Housing Advice,Stationery,STATIONERY,B000024560/67355,Ot Group Limited,16/01/2024,20.99,
Management Business Unit,Stationery,STATIONERY,B000024560/67355,Ot Group Limited,16/01/2024,32.78,
Planning Policy B.U.,Stationery,STATIONERY,B000024560/67355,Ot Group Limited,16/01/2024,51.18,
Disabled Facilities General,Contractor Other,DISABLED FACILITIES GRANT,B000024560/68141,P A Cookson Ltd,16/01/2024,"1,053.00",
Environmental Protection,Fees-Analysts & Consultants,ACOUSTIC CONSULTANTS,B000024560/68863,Han Tucker Associates,16/01/2024,"1,310.50",
Cvmu,Water Charges,WATER CHARGES CVMU 2.12.23-01.1.24,B000024561/8325,Water Plus Ltd,16/01/2024,386.32,
Osw War Memorial Ph2,Contractor Other,OSWALDTWISTLE WAR MEMORIAL - LIGHTING PROJECT,B000024562/40866,L I T E,16/01/2024,"17,329.60",
HOUSING BENEFIT ADMIN,SECURITY SERVICES,G4S,37141,G4S,17/01/2024,549.25,
Homes For Ukraine-Housing & Ho,Event Expenditure,HYNDBURN LEISURE PASS UKRANIAN SUPPORT,B000024564/29112,Hyndburn Leisure,18/01/2024,252.00,
Accountancy,Mgnt Fees - Salary Sacrifice,AVC DECEMBER 2023,B000024564/61891,Avc Wise Ltd,18/01/2024,29.61,
Building Control B.U.,Mgnt Fees - Salary Sacrifice,AVC DECEMBER 2023,B000024564/61891,Avc Wise Ltd,18/01/2024,5.23,
Bulky Waste Collection,Mgnt Fees - Salary Sacrifice,AVC DECEMBER 2023,B000024564/61891,Avc Wise Ltd,18/01/2024,8.96,
Computer Services,Mgnt Fees - Salary Sacrifice,AVC DECEMBER 2023,B000024564/61891,Avc Wise Ltd,18/01/2024,11.20,
Consultancy-Engineering Div,Mgnt Fees - Salary Sacrifice,AVC DECEMBER 2023,B000024564/61891,Avc Wise Ltd,18/01/2024,13.45,
Customer Services,Mgnt Fees - Salary Sacrifice,AVC DECEMBER 2023,B000024564/61891,Avc Wise Ltd,18/01/2024,8.95,
Development,Mgnt Fees - Salary Sacrifice,AVC DECEMBER 2023,B000024564/61891,Avc Wise Ltd,18/01/2024,35.01,
Development Control B.U.,Mgnt Fees - Salary Sacrifice,AVC DECEMBER 2023,B000024564/61891,Avc Wise Ltd,18/01/2024,28.03,
Environmental Initiatives B.U.,Mgnt Fees - Salary Sacrifice,AVC DECEMBER 2023,B000024564/61891,Avc Wise Ltd,18/01/2024,2.21,
Environmental Protection,Mgnt Fees - Salary Sacrifice,AVC DECEMBER 2023,B000024564/61891,Avc Wise Ltd,18/01/2024,22.40,
Health Food & Safety,Mgnt Fees - Salary Sacrifice,AVC DECEMBER 2023,B000024564/61891,Avc Wise Ltd,18/01/2024,13.40,
Housing Benefit Administration,Mgnt Fees - Salary Sacrifice,AVC DECEMBER 2023,B000024564/61891,Avc Wise Ltd,18/01/2024,4.41,
Housing Standards,Mgnt Fees - Salary Sacrifice,AVC DECEMBER 2023,B000024564/61891,Avc Wise Ltd,18/01/2024,18.54,
Human Resources,Mgnt Fees - Salary Sacrifice,AVC DECEMBER 2023,B000024564/61891,Avc Wise Ltd,18/01/2024,15.57,
Hyndburn Cemeteries,Mgnt Fees - Salary Sacrifice,AVC DECEMBER 2023,B000024564/61891,Avc Wise Ltd,18/01/2024,1.08,
Internal Audit,Mgnt Fees - Salary Sacrifice,AVC DECEMBER 2023,B000024564/61891,Avc Wise Ltd,18/01/2024,24.67,
Legal Services,Mgnt Fees - Salary Sacrifice,AVC DECEMBER 2023,B000024564/61891,Avc Wise Ltd,18/01/2024,14.58,
Licensing,Mgnt Fees - Salary Sacrifice,AVC DECEMBER 2023,B000024564/61891,Avc Wise Ltd,18/01/2024,23.56,
Local Taxation,Mgnt Fees - Salary Sacrifice,AVC DECEMBER 2023,B000024564/61891,Avc Wise Ltd,18/01/2024,11.09,
Member Services,Mgnt Fees - Salary Sacrifice,AVC DECEMBER 2023,B000024564/61891,Avc Wise Ltd,18/01/2024,11.21,
Parks & Open Spaces,Mgnt Fees - Salary Sacrifice,AVC DECEMBER 2023,B000024564/61891,Avc Wise Ltd,18/01/2024,9.81,
Planning Policy B.U.,Mgnt Fees - Salary Sacrifice,AVC DECEMBER 2023,B000024564/61891,Avc Wise Ltd,18/01/2024,13.45,
Refuse/Cleansing Admin Staff,Mgnt Fees - Salary Sacrifice,AVC DECEMBER 2023,B000024564/61891,Avc Wise Ltd,18/01/2024,26.96,
Waste Services,Mgnt Fees - Salary Sacrifice,AVC DECEMBER 2023,B000024564/61891,Avc Wise Ltd,18/01/2024,38.25,
Communications,General Subscriptions,SURVEY MONKEY SUBSCRIPTION ANNUAL PLAN,B000024564/61935,Survey Monkey Europe Uc,18/01/2024,250.00,
Customer Services,Office Consumables,SURVEY MONKEY SUBSCRIPTION ANNUAL PLAN,B000024564/61935,Survey Monkey Europe Uc,18/01/2024,500.00,
Human Resources,General Subscriptions,SURVEY MONKEY SUBSCRIPTION ANNUAL PLAN,B000024564/61935,Survey Monkey Europe Uc,18/01/2024,250.00,
Policy And Performance Review,General Subscriptions,SURVEY MONKEY SUBSCRIPTION ANNUAL PLAN,B000024564/61935,Survey Monkey Europe Uc,18/01/2024,250.00,
Ukspf - Regeneration,Marketing/Promotion,ALUMNI EVENT ARTWORK,B000024564/65011,Brands Inside Out Limited,18/01/2024,600.00,
Scaitcliffe House,Water Charges,WATER SCAITCLIFFE 01.12.23 - 31.12.23,B000024564/8325,Water Plus Ltd,18/01/2024,510.04,
Disabled Facilities General,Contractor Other,DISABLED FACILITIES GRANT,B000024565/59806,Greenwood Plumbers,18/01/2024,"3,480.00",
Development Control B.U.,Agency Staff,AGENCY STAFF - P/E 06.08.23 ,B000024535/66417,Carrington West Limited,23/01/2024,"1,306.88",
Development Control B.U.,Agency Staff,AGENCY STAFF - P/E 13.08.23,B000024535/66417,Carrington West Limited,23/01/2024,"1,306.88",
Development Control B.U.,Agency Staff,AGENCY STAFF - P.E 23.07.23 ,B000024535/66417,Carrington West Limited,23/01/2024,"1,306.88",
Development Control B.U.,Agency Staff,AGENCY STAFF - P/E 30.07.23 ,B000024535/66417,Carrington West Limited,23/01/2024,"1,306.88",
Waste Services,Vehicle Tracker / Fuel/ Cctv,VEHICLE TRACKERS,B000024538/60522,Trakm8 Holdings Plc,23/01/2024,266.88,
Waste Services,Agency Staff,AGENCY STAFF W/C 25.12.23,B000024538/61971,Rapid Recruit Ltd,23/01/2024,420.24,
Cvmu,Materials-Direct,VARIOUS PARTS,B000024539/1164,Dennis Eagle Limited,23/01/2024,528.64,
Development Control B.U.,Agency Staff,TEMP STAFF W/C 18.12.23 ,B000024541/58852,Oyster Partnership,23/01/2024,463.20,
Oswaldtwistle Civic Theatre,Asset Maint R&M,OSW CIVIC WORKS TO HEATING SYSTEM. FAN/CABLE.,B000024541/59248,Lancashire Gas Services,23/01/2024,"1,088.02",
Acc Town Hall,Cleaning Of Buildings,CLEANING BROADWAY DECEMBER 2023,B000024543/29112,Hyndburn Leisure,23/01/2024,"1,095.03",
Accountancy,Agency Staff,STAFF WE 24.12.23 ,B000024543/61860,Vivid Resourcing,23/01/2024,"2,360.00",
Registration Of Electors,Canvass,CANVASS 2023 AUTORESPONSES - ELECTIONS,B000024545/62168,Civica Election Services,23/01/2024,"3,472.64",
Ukspf - Regeneration,Marketing/Promotion,TCIP MONTHLY SOCIALS MANAGEMENT,B000024545/66163,Media Village,23/01/2024,"1,500.00",
Homes For Ukraine-Comm Integra,Event Expenditure,ROOM DECOR - UKRAINIAN CHRISTMAS,B000024545/68593,Moon And Stars Events,23/01/2024,350.00,
Acc Town Hall,Asset Maint R&M,FIRE RISK ASSESSMENT - BROADWAY OFFICES,B000024546/68104,Firesec Compliance Ltd,23/01/2024,695.00,
Willows Lane Depot,Asset Maint R&M,FIRE RISK ASSESSMENT - WILLOWS LANE,B000024546/68104,Firesec Compliance Ltd,23/01/2024,695.00,
Street Cleansing,Traffic Management,TRAFFIC MANAGEMENT FOR DUNK WAY 13.12.23,B000024549/64476,Kays Highways Ltd,23/01/2024,650.00,
Housing Benefit Administration,Training Expenses,TRAINING - SUBSIDY CLAIMS AND AUDIT REQUIREMENTS ,B000024550/48066,La Directories Limited,23/01/2024,500.00,
Local Taxation,Legal Fees,ENNFORCEMENT AGENT,B000024550/66036,Marston (Holdings) Ltd,23/01/2024,603.92,
Housing Advice,Interpreter,TELEPHONE INTERPRETER - DECEMBER 2023,B000024550/68812,Clear Voice,23/01/2024,232.20,
Acc Town Hall,Communal Aerials,UTILITIES BROADWAY DEC 2023,B000024554/29112,Hyndburn Leisure,23/01/2024,911.65,
Acc Town Hall,Water Charges,UTILITIES BROADWAY DEC 2023,B000024554/29112,Hyndburn Leisure,23/01/2024,15.63,
Accrington Crematorium,Asset Maint R&M,WATER SYST COMPLIANCE MONITORING DEC 23. CREMATORIUM,B000024554/68680,H S L Compliance,23/01/2024,36.00,
Acc Town Hall,Asset Maint R&M,WATER SYST COMPLIANCE MONITORING DEC 23. ACC BROADWAY,B000024554/68680,H S L Compliance,23/01/2024,52.00,
Corporate Property,Asset Maint R&M,WATER SYST COMPLIANCE MONITORING DEC 23. MERCER HOUSE,B000024554/68680,H S L Compliance,23/01/2024,28.00,
Haworth Art Gallery,Asset Maint R&M,WATER SYST COMPLIANCE MONITORING DEC 23. HAWORTH ART GALLERY,B000024554/68680,H S L Compliance,23/01/2024,45.00,
Haworth Art Gallery,Asset Maint R&M,WATER SYST COMPLIANCE MONITORING DEC 23. HAWORTH STABLES,B000024554/68680,H S L Compliance,23/01/2024,43.00,
Hyndburn Cemeteries,Asset Maint R&M,WATER SYST COMPLIANCE MONITORING DEC 23. CEM OFFICE,B000024554/68680,H S L Compliance,23/01/2024,36.00,
Hyndburn Cemeteries,Asset Maint R&M,WATER SYST COMPLIANCE MONITORING DEC 23. CEM SERV BUILDING,B000024554/68680,H S L Compliance,23/01/2024,35.00,
Hyndburn Cemeteries,Asset Maint R&M,WATER SYST COMPLIANCE MONITORING DEC 23. DILL HALL CEM,B000024554/68680,H S L Compliance,23/01/2024,29.00,
Hyndburn Cemeteries,Asset Maint R&M,WATER SYST COMPLIANCE MONITORING DEC 23. GT HAR CEM,B000024554/68680,H S L Compliance,23/01/2024,36.00,
Leisure In Hyndburn,Lih R&M,WATER SYST COMPLIANCE MONITORING DEC 23. ACC TOWN HALL,B000024554/68680,H S L Compliance,23/01/2024,83.00,
Library St Depot,Asset Maint R&M,WATER SYST COMPLIANCE MONITORING DEC 23. CVMU,B000024554/68680,H S L Compliance,23/01/2024,42.00,
Markets - Operations,Asset Maint R&M,WATER SYST COMPLIANCE MONITORING DEC 23. MARKET HALL,B000024554/68680,H S L Compliance,23/01/2024,78.00,
Parks & Open Spaces,Asset Maint R&M,WATER SYST COMPLIANCE MONITORING DEC 23. ACC BRIAN WALMSLEY,B000024554/68680,H S L Compliance,23/01/2024,62.00,
Parks & Open Spaces,Asset Maint R&M,WATER SYST COMPLIANCE MONITORING DEC 23. ACC BULLOUGH PARK,B000024554/68680,H S L Compliance,23/01/2024,65.00,
Parks & Open Spaces,Asset Maint R&M,WATER SYST COMPLIANCE MONITORING DEC 23. LOWERFOLD,B000024554/68680,H S L Compliance,23/01/2024,31.00,
Parks & Open Spaces,Asset Maint R&M,WATER SYST COMPLIANCE MONITORING DEC 23. MERCER SERVICE BUILDING,B000024554/68680,H S L Compliance,23/01/2024,28.00,
Parks & Open Spaces,Asset Maint R&M,WATER SYST COMPLIANCE MONITORING DEC 23. MILNSHAW BOWLS,B000024554/68680,H S L Compliance,23/01/2024,34.00,
Parks & Open Spaces,Asset Maint R&M,WATER SYST COMPLIANCE MONITORING DEC 23. OAKHILL SERV BUILDING,B000024554/68680,H S L Compliance,23/01/2024,31.00,
Parks & Open Spaces,Asset Maint R&M,WATER SYST COMPLIANCE MONITORING DEC 23. WILSONS,B000024554/68680,H S L Compliance,23/01/2024,31.00,
Rhyddings Cafe,Asset Maint R&M,WATER SYST COMPLIANCE MONITORING DEC 23. RHYDDINGS COACH HOUSE,B000024554/68680,H S L Compliance,23/01/2024,39.00,
Scaitcliffe House,Asset Maint R&M,WATER SYST COMPLIANCE MONITORING DEC 23. SCAITCLIFFE HOUSE,B000024554/68680,H S L Compliance,23/01/2024,64.00,
Willows Lane Depot,Asset Maint R&M,WATER SYST COMPLIANCE MONITORING DEC 23. WILLOWS LANE,B000024554/68680,H S L Compliance,23/01/2024,42.00,
Willows Lane Depot,Asset Maint R&M,WATER SYST COMPLIANCE MONITORING DEC 23. WILLOWS LANE CANTEEN,B000024554/68680,H S L Compliance,23/01/2024,38.00,
Willows Lane Depot,Asset Maint R&M,WATER SYST COMPLIANCE MONITORING DEC 23. WILLOWS LANE STORES,B000024554/68680,H S L Compliance,23/01/2024,31.00,
Accrington Crematorium,Book Of Remembrance,BOOK ON REMEMBERANCE INSC,B000024556/23978,Calligraphy Uk Ltd,23/01/2024,375.63,
Accrington Crematorium,Cleaning Of Buildings,CLEANER - SITE,B000024556/2981,Minster Cleaning Services,23/01/2024,"1,121.90",
Accrington Crematorium,Visual Tributes,MEDIA CHARGES,B000024556/55609,Obitus (Vivedia Ltd),23/01/2024,"1,535.00",
Acc Tc Cleansing,Implements & Tools,SERVICE CONTRACT KARCHER,B000024556/63954,Karcher (Uk) Ltd,23/01/2024,"1,506.72",
Cvmu,Materials-Direct,BUMPER BUSH RIVETS,B000024559/1164,Dennis Eagle Limited,23/01/2024,474.84,
Cvmu,Materials-Direct,TYRE INVOICE,B000024559/29877,Rossendale Vulcanising (Sales Ltd),23/01/2024,"5,703.00",
Cvmu,Materials-Direct,SPRING MECHANISM,B000024559/60483,Wasteparts Uk Ltd,23/01/2024,"1,265.96",
Cvmu,Materials-Direct,NOX SENSOR,B000024559/66006,Alliance Automotive Uk Lv T/A Jpn Autoparts,23/01/2024,216.19,
Cvmu,Materials-Direct,BIN LIFTER CATCH BAR,B000024559/8014,Terberg Matec Uk,23/01/2024,237.90,
Cvmu,Materials-Direct,BUSHES AND HOPPER LID,B000024561/7688,Aebi Schmidt Uk Ltd,23/01/2024,"1,033.66",
Parks & Open Spaces,Agency Staff,AGENCY STAFF PARKS W/C 11.12.23,B000024566/19414,Proman Supply Chain Ltd,23/01/2024,602.06,
Parks & Open Spaces,Agency Staff,AGENCY STAFF PARKS W/C 1.1.24,B000024566/19414,Proman Supply Chain Ltd,23/01/2024,424.99,
Parks & Open Spaces,Agency Staff,AGENCY STAFF PARKS W/C 18.12.23,B000024566/19414,Proman Supply Chain Ltd,23/01/2024,849.96,
Parks & Open Spaces,Agency Staff,AGENCY STAFF PARKS W/C 25.12.23,B000024566/19414,Proman Supply Chain Ltd,23/01/2024,251.84,
Accrington Town Centre,Event Expenditure,EVENTS XMAS X4 TOWNS = TRAFFIC,B000024566/64476,Kays Highways Ltd,23/01/2024,"2,995.00",
Cctv'S,Licences,ANNUAL RENTAL FEE FOR THE MOUNT FOR CCTC ANTENNAE,B000024566/67973,On Tower Uk,23/01/2024,"6,858.81",
Parks & Open Spaces,Cleaning Of Buildings,BUILDING CLEANING RHYDDINGS,B000024566/68396,Servicemaster Cs Aaa,23/01/2024,495.59,
Parks & Open Spaces,Cleaning Of Buildings,CLEANING WILSONS PAVILION,B000024566/68396,Servicemaster Cs Aaa,23/01/2024,550.67,
Parks & Open Spaces,Vehicle Tracker / Fuel/ Cctv,TRACKERS PARKS,B000024566/68909,Inseego Uk Limited,23/01/2024,240.00,
Chess In Parks,Contractor Other,BENCHES,B000024566/68989,Nbb Recycled Furniture,23/01/2024,"2,400.00",
Housing Benefit Administration,Agency Staff,STAFF WE 07.01.24,B000024568/33923,Eden Brown Limited,23/01/2024,"1,010.10",
Building Control B.U.,Agency Staff,STAFF 14.01.24,B000024568/68990,Matchtech Group (Uk) Limited,23/01/2024,930.00,
Library St Depot,Asset Maint R&M,CLEAR BLOCKED DRAINS - CVMU,B000024569/54512,Clear A Drain Ltd,23/01/2024,"1,896.00",
Scaitcliffe House,Asset Maint R&M,ALETERATIONS TO POWER SUPPLY - RECEPTION,B000024569/57949,Steven Mercer Electrical Contractors Limited,23/01/2024,480.50,
Hmo,Agency Staff,TEMP STAFF W/C 08.01.2024,B000024570/58852,Oyster Partnership,23/01/2024,"1,092.00",
Hmo,Agency Staff,TEMP STAFF W/C 01.01.2024,B000024570/58852,Oyster Partnership,23/01/2024,936.00,
Hmo,Agency Staff,TEMP STAFF W/C 01.01.2024,B000024570/58852,Oyster Partnership,23/01/2024,"1,873.56",
Hmo,Agency Staff,TEMP STAFF W/C 08.01.2024,B000024570/58852,Oyster Partnership,23/01/2024,"1,716.00",
Housing Standards,Agency Staff,TEMP STAFF W/C 08.01.2024,B000024570/58852,Oyster Partnership,23/01/2024,739.35,
Environmental Protection,Agency Staff,TEMP STAFF P/E 14.01.2024,B000024570/61860,Vivid Resourcing,23/01/2024,"1,850.00",
Disabled Facilities General,Contractor Other,DISABLED FACILITIES GRANT,B000024571/25868,Hyndburn Plumbing & Heating Services,23/01/2024,"4,450.00",
Burton Chambers  - Luf,Legal Fees,LEGAL FEES  ,B000024571/66553,Womble Bond Dickinson,23/01/2024,"2,309.00",
Market Chambers - Luf,Legal Fees,LEASE TERMINATION ,B000024571/66553,Womble Bond Dickinson,23/01/2024,"2,914.75",
Market Chambers - Luf,Legal Fees,LEGAL FEES ,B000024571/66553,Womble Bond Dickinson,23/01/2024,"2,584.00",
Market Chambers - Luf,Legal Fees,LEGAL FEES ,B000024571/66553,Womble Bond Dickinson,23/01/2024,750.00,
Market Hall - Luf,Legal Fees,LEASE SURRENDER,B000024571/66553,Womble Bond Dickinson,23/01/2024,"6,047.00",
Development,External Charges - Esg,AFFORDABLE WARMTH GRANT FEES TO END DEC 23,B000024546/63869,Hyndburn Homewise Society Limited,25/01/2024,"4,100.37",
Development,External Charges - Esg,EMERGENCY REPAIR GRANT FEES TO DEC 23,B000024546/63869,Hyndburn Homewise Society Limited,25/01/2024,927.36,
Development Control B.U.,Advertising General,ADVERTS - 22.12.23,B000024552/68101,People Scout Limited,25/01/2024,302.16,
Library St Depot,Electricity,CVMU  DEC 23,B000024554/59343,Edf Energy,25/01/2024,"4,421.38",
Parks & Open Spaces,Equipmnt Repair & Maint,SERVICE,B000024559/68556,Rob Mercer,25/01/2024,"1,009.98",
Acc Town Hall,Electricity,ACCRINGTON TOWN HALL - 01.12.23 - 31.12.23,B000024562/59343,Edf Energy,25/01/2024,"3,446.44",
Leisure In Hyndburn,Electricity,MERCER HALL - 01.12.23 - 31.12.23,B000024562/59343,Edf Energy,25/01/2024,"4,931.18",
Markets - Operations,Electricity,ACCRINGTON MARKET - 01.12.23 - 31.12.23,B000024562/59343,Edf Energy,25/01/2024,"7,937.98",
Rhyddings Cafe,Electricity,COMMUNITY HUB - 01.12.23 - 31.23.23,B000024562/59343,Edf Energy,25/01/2024,"1,235.66",
Scaitcliffe House,Electricity,SCAITCLIFFE HOUSE - 01.12.23 - 31.12.23,B000024562/59343,Edf Energy,25/01/2024,"12,236.75",
Accrington Crematorium,Electricity,CHARGES - 16-DEC-23 TO 15-JAN-24,B000024573/59343,Edf Energy,25/01/2024,"2,439.35",
Acc Town Hall,Energy,CHARGES - 16-DEC-23 TO 15-JAN-24,B000024573/59343,Edf Energy,25/01/2024,59.77,
Cannon St Acc,Electricity,CHARGES - 16-DEC-23 TO 15-JAN-24,B000024573/59343,Edf Energy,25/01/2024,277.66,
Corporate Property,Electricity,CHARGES - 16-DEC-23 TO 15-JAN-24,B000024573/59343,Edf Energy,25/01/2024,53.01,
Elmfield Hall Flats,Electricity,CHARGES - 16-DEC-23 TO 15-JAN-24,B000024573/59343,Edf Energy,25/01/2024,57.39,
Haworth Art Gallery,Electricity,CHARGES - 16-DEC-23 TO 15-JAN-24,B000024573/59343,Edf Energy,25/01/2024,"1,579.93",
Haworth Stables,Electricity,CHARGES - 16-DEC-23 TO 15-JAN-24,B000024573/59343,Edf Energy,25/01/2024,371.54,
Hyndburn Cemeteries,Electricity,CHARGES - 16-DEC-23 TO 15-JAN-24,B000024573/59343,Edf Energy,25/01/2024,"1,177.91",
Leisure In Hyndburn,Electricity,CHARGES - 16-DEC-23 TO 15-JAN-24,B000024573/59343,Edf Energy,25/01/2024,"68,015.97",
Markets - Operations,Electricity,CHARGES - 16-DEC-23 TO 15-JAN-24,B000024573/59343,Edf Energy,25/01/2024,"1,662.98",
Parks & Open Spaces,Electricity,CHARGES - 16-DEC-23 TO 15-JAN-24,B000024573/59343,Edf Energy,25/01/2024,"5,709.10",
Ranger St Compound & Depot,Electricity,CHARGES - 16-DEC-23 TO 15-JAN-24,B000024573/59343,Edf Energy,25/01/2024,239.49,
Willows Lane Depot,Electricity,CHARGES - 16-DEC-23 TO 15-JAN-24,B000024573/59343,Edf Energy,25/01/2024,"3,229.31",
Markets - Operations,Electricity,STALL 34 - DEC 23,B000024574/58973,Utility Warehouse,25/01/2024,120.24,
Leisure In Hyndburn,Grants-General,LCC WEIGHT MANAGEMENT GRANT JAN-MARCH 2024,B000024577/29112,Hyndburn Leisure,25/01/2024,"17,656.50",
Housing Benefit Administration,Agency Staff,AGENCY STAFF  W/E 14.1.24,B000024577/33923,Eden Brown Limited,25/01/2024,"1,010.10",
Disabled Facilities General,Contractor Other,DISABLED FACILITIES GRANT,B000024577/34573,Mr R Wilcock,25/01/2024,"18,000.00",
Corporate Property Bus Unit,Subsidised Professional Subs,RICS FEES ,B000024577/35163,Rics,25/01/2024,539.00,
Markets - Operations,Cleaning Materials,CLEANING ITEMS MARKET HALL DECEMBER 2023,B000024577/666,"Bubbles, Brushes & Wiper Co Ltd",25/01/2024,325.56,
Markets - Operations,Cleaning Of Buildings,AGENCY CLEANING STAFF - MARKET HALL,B000024577/68396,Servicemaster Cs Aaa,25/01/2024,686.18,
Markets - Operations,Cleaning Of Buildings,AGENCY HOURS COVERED - MARKETS,B000024577/68396,Servicemaster Cs Aaa,25/01/2024,"1,011.32",
Markets - Operations,Cleaning Of Buildings,MONTHLY AGENCY CLEANING SERVICE - MARKET HALL DEC 2023,B000024577/68396,Servicemaster Cs Aaa,25/01/2024,"1,988.05",
Markets - Operations,Cleaning Of Buildings,MONTHLY CLEANING SERVICE - JAN 2024,B000024577/68396,Servicemaster Cs Aaa,25/01/2024,"1,988.05",
Markets - Operations,General Repair & Maint Bldgs,SECURITY SERVICES - MARKET HALL - 01/11/2023 - 30/11/2023,B000024577/68655,Pristine Security Services Ltd,25/01/2024,477.30,
Cvmu,Materials-Direct,WINDSCREEN FITTED,B000024578/38986,Lancashire Windscreens Limited,25/01/2024,435.00,
Hyndburn Cemeteries,Equipmnt Repair & Maint,TRAILER,B000024578/7966,T H Motors,25/01/2024,"2,200.00",
HOUSING BENEFIT ADMIN,ALLPAY,DECEMBER,37164,ALLPAY.NET,26/01/2024,1066.56,
Registration Of Electors,Document Management,WEEKLY PRINT RUN - ELECTIONS,B000024545/62168,Civica Election Services,30/01/2024,631.81,
Ukspf - Regeneration,Marketing/Promotion,ATS WEB SUPPORT DEC 2023,B000024554/66163,Media Village,30/01/2024,480.00,
Market Hall - Luf,Miscellaneous,MARKET CABIN INSURANCE,B000024555/1287,Zurich Insurance Plc,30/01/2024,"2,163.65",
Development Control B.U.,Agency Staff,STAFF W/C 01.01.24,B000024555/58852,Oyster Partnership,30/01/2024,463.20,
Environmental Protection,Agency Staff,STAFF W/C 07.01.24,B000024555/61860,Vivid Resourcing,30/01/2024,"1,650.00",
Building Control B.U.,Agency Staff,STAFF W/C 01.01.24 ,B000024555/68845,Brg Interim Solutions Limited,30/01/2024,"1,057.53",
Hyndburn Cemeteries,Materials-Direct,TOP SOIL 20 TONNES,B000024556/13133,Greenvale,30/01/2024,440.00,
Hyndburn Cemeteries,Kerbstone Graves,LEE LANE KERB SET,B000024556/604,Brent Stevenson Memorials,30/01/2024,"1,916.67",
Cvmu,Materials-Direct,HAZARD SWITCH ETC,B000024559/1164,Dennis Eagle Limited,30/01/2024,"1,757.67",
Cvmu,Materials-Direct,WHEEL BEARING ETC,B000024561/1164,Dennis Eagle Limited,30/01/2024,"1,684.90",
Cvmu,Materials-Direct,STEAM CLEAN,B000024561/58642,Keep Em Clean,30/01/2024,"1,540.00",
Cvmu,Materials-Direct,DROPLINKS,B000024561/66006,Alliance Automotive Uk Lv T/A Jpn Autoparts,30/01/2024,278.18,
Waste Services,Agency Staff,AGENCY STAFF W/C 1.1.24,B000024566/61971,Rapid Recruit Ltd,30/01/2024,"1,661.71",
Cvmu,Materials-Direct,MOT,B000024578/552,Blackburn With Darwen Borough Council,30/01/2024,208.00,
Cvmu,Materials-Direct,MOT TESTS,B000024578/552,Blackburn With Darwen Borough Council,30/01/2024,149.00,
Computer Services,Telephones,CHARGES - 1.1.24 TO 31.1.24,B000024581/46800,Cloudcoco Limited,30/01/2024,"1,206.98",
Willows Lane Depot,Asset Maint R&M,SUPPLY & INSTALL NEW ELECTRIC MOTOR,B000024581/54975,Roller Shutter Services Ltd,30/01/2024,480.00,
Planning Policy B.U.,Local Plan,INTEGRATED IMPACT ASSESSMENT - LOCAL PLAN,B000024581/60425,Land Use Consultants Ltd,30/01/2024,"27,925.63",
Development Control B.U.,Agency Staff,TEMP STAFF W/E  21.1.24 ,B000024581/67448,Macdonald & Company,30/01/2024,"1,493.08",
Planning Policy B.U.,Agency Staff,TEMP STAFF W/E 21.1.24,B000024581/67448,Macdonald & Company,30/01/2024,442.00,
Building Control B.U.,Agency Staff,TEMP STAFF W/C 28.1.24,B000024581/68990,Matchtech Group (Uk) Limited,30/01/2024,930.00,
Building Control B.U.,Agency Staff,TEMP STAFF W/E 21.1.24 ,B000024581/68990,Matchtech Group (Uk) Limited,30/01/2024,930.00,
Haworth Art Gallery,New Equipment,WORKSHOP MATERIALS,B000024581/8566,Yorkshire Purchasing Organisation,30/01/2024,249.61,
Computer Services,Telephones,AUDIS SBC RENEWAL 231023 - 221024,B000024582/46800,Cloudcoco Limited,30/01/2024,718.95,
Disabled Facilities General,Contractor Other,DISABLED FACILITIES GRANT,B000024582/54117,Handicare Accessibility Ltd,30/01/2024,"3,960.00",
Pest Control,New Equipment,5 X 50GB AWS CLOUD( PER YEAR),B000024582/61331,Pinnacle Response Ltd,30/01/2024,275.00,
Tech. Refresh (Annual Replacem,Equipment,1 X UPS 2250W MAX POWER DRAW,B000024582/62014,Techbuyer Limited,30/01/2024,"3,325.28",
Crm Digital Services,Subsidised Professional Subs,CONSULTANCY SERVICES 2 1/2 DAYS,B000024582/68117,Abavus Ltd,30/01/2024,"1,487.50",
Dfg Affordable Warmth Grant,Contractor Other,AFFORDABLE WARMTH GRANT,B000024583/64557,Harris Heating (Nw) Ltd,30/01/2024,"4,945.00",
Dfg Affordable Warmth Grant,Contractor Other,AFFORDABLE WAMTH GRANT,B000024583/68294,Artisan Windows,30/01/2024,"3,200.00",
Markets - Operations,Marketing Initiatives,CRAFTING SESSIONS X 4 WEEKS,B000024584/61031,New Freedom,30/01/2024,500.00,
Asylum Seekers,Temporary Accommodation,TEMP ACCOMMODATION - 15.12.23 - 21.12.23 - TWO ROOMS,B000024584/69028,Sygnius Limited T/A Blackwood Residence,30/01/2024,952.00,
Asylum Seekers,Temporary Accommodation,TEMP ACCOMMODATION - 15.12.23 - 21.12.23 (TWO ROOMS),B000024584/69028,Sygnius Limited T/A Blackwood Residence,30/01/2024,952.00,
Asylum Seekers,Temporary Accommodation,TEMP ACCOMMODATION - 22.12.23 - 28.12.23  - TWO ROOMS,B000024584/69028,Sygnius Limited T/A Blackwood Residence,30/01/2024,952.00,
Asylum Seekers,Temporary Accommodation,TEMP ACCOMMODATIONS - 29.12.23 - 11.01.24 - TWO ROOMS,B000024584/69028,Sygnius Limited T/A Blackwood Residence,30/01/2024,"1,904.00",
Ds7165 Rhyddings Works Oswaldt,General Repair & Maint Bldgs,RHYDDINGS WORKS. REMOVE EXTRACTOR FAN,B000024555/62449,John Hogg Cleaning,31/01/2024,750.00,
Development Control B.U.,Advertising General,PRESS NOTICE ,B000024557/59724,Tmp (Uk) Ltd,31/01/2024,256.80,
Accountancy,General Subscriptions,VAT SUBSCRIPTION- 1.4.24- 31.3.25,B000024557/64999,Lavat Consulting Ltd,31/01/2024,"3,350.00",
Ds7176 ,General Repair & Maint Bldgs,FOOTPATH CLOSURE AND LANE NARROWS SCHEME- HIRE OF EQUIPMENT,B000024560/69009,Ventbrook Ltd,31/01/2024,"1,100.00",
Library St Depot,Asset Maint R&M,CVMU CALL OUT - FAULTY RADIATOR IN CANTEEN,B000024562/59248,Lancashire Gas Services,31/01/2024,316.50,
Ukspf - Regeneration,Marketing/Promotion,100 ATS TOTE BAGS,B000024564/66163,Media Village,31/01/2024,750.00,
Cvmu,Materials-Direct,RECOVER VEHICLE,B000024578/39746,Assured Automobile Assessors Ltd,31/01/2024,240.00,
Cvmu,Materials-Direct,WELDING,B000024578/8397,W & G Pollard (Accrington) Limited,31/01/2024,262.80,
Leisure In Hyndburn,Grants-General,CONTRIBUTION TO LEISURE PASSPORT INDUCTIONS OCT-DEC-23,B000024586/29112,Hyndburn Leisure,31/01/2024,475.00,
Leisure In Hyndburn,Grants-General,CONTRIBUTION TO REDUCED SCHOOL HOLIDAY SWIM OCTOBER 23,B000024586/29112,Hyndburn Leisure,31/01/2024,330.00,
Leisure In Hyndburn,Grants-General,HLT LS CONSULTANCY,B000024586/29112,Hyndburn Leisure,31/01/2024,"7,187.00",
Leisure In Hyndburn,Grants-General,HOUSEHOLD SUPPORT FUND,B000024586/29112,Hyndburn Leisure,31/01/2024,"360,000.00",
Leisure In Hyndburn,Grants-General,TAAF CLAIM ACCELERATOR,B000024586/29112,Hyndburn Leisure,31/01/2024,"73,074.00",
Housing Benefit Administration,Agency Staff,TEMP STAFF  W/E 21/01/24,B000024586/33923,Eden Brown Limited,31/01/2024,"1,010.10",
Accountancy,General Subscriptions,TAX CLUB APR 24- MAR 25,B000024586/45882,Lavat,31/01/2024,"3,350.00",
Disabled Facilities General,Contractor Other,DISABLED FACILITIES GRANT,B000024586/64477,Onward Homes,31/01/2024,"21,685.00",
Corp & Dem Core,Marketing Communications, DESIGN WORK,B000024586/65011,Brands Inside Out Limited,31/01/2024,500.00,
Accrington Crematorium,Gas,ACC CREMATORIUM GAS 30/11/23 TO 31/12/23,B000024586/68037,Sefe Energy Ltd,31/01/2024,"6,352.00",
Acc Town Hall,Gas,ACC TOWN HALL GAS 30/11/23 TO 31/12/23,B000024586/68037,Sefe Energy Ltd,31/01/2024,"3,944.99",
Cannon St Acc,Gas,CANNON STREET GAS 30/11/23 TO 31/12/23,B000024586/68037,Sefe Energy Ltd,31/01/2024,200.88,
Cannon St Acc,Gas,EAGLE ST OAP GAS 30/11/23 TO 31/12/23,B000024586/68037,Sefe Energy Ltd,31/01/2024,8.56,
Haworth Art Gallery,Gas,HAG GAS 30/11/23 TO 31/12/23,B000024586/68037,Sefe Energy Ltd,31/01/2024,"3,023.62",
Haworth Stables,Gas,HAWORTH STABLES GAS 30/11/23 TO 31/12/23,B000024586/68037,Sefe Energy Ltd,31/01/2024,"1,453.30",
Hyndburn Cemeteries,Gas,ACC CEM MESS GAS 30/11/23 TO 31/12/23,B000024586/68037,Sefe Energy Ltd,31/01/2024,112.45,
Hyndburn Cemeteries,Gas,ACC CEM OFFICE GAS 30/11/23 TO 31/12/23,B000024586/68037,Sefe Energy Ltd,31/01/2024,939.90,
Leisure In Hyndburn,Gas,CLAYTON CIVIC GAS 30/11/23 TO 31/12/23,B000024586/68037,Sefe Energy Ltd,31/01/2024,"1,145.23",
Leisure In Hyndburn,Gas,MERCER HALL GAS 30/11/23 TO 31/12/23,B000024586/68037,Sefe Energy Ltd,31/01/2024,"2,741.15",
Library St Depot,Gas,CVMU GAS 30/11/23 TO 31/12/23,B000024586/68037,Sefe Energy Ltd,31/01/2024,"3,074.15",
Markets - Operations,Gas,ACC MARKET HALL GAS 30/11/23 TO 31/12/23,B000024586/68037,Sefe Energy Ltd,31/01/2024,"4,378.08",
Parks & Open Spaces,Gas,BULLOUGH PARK GAS 30/11/23 TO 31/12/23,B000024586/68037,Sefe Energy Ltd,31/01/2024,16.38,
Parks & Open Spaces,Gas,LOWERFOLD GAS 30/11/23 TO 31/12/23,B000024586/68037,Sefe Energy Ltd,31/01/2024,19.25,
Parks & Open Spaces,Gas,OAKHILL PARK GAS 30/11/23 TO 31/12/23,B000024586/68037,Sefe Energy Ltd,31/01/2024,127.35,
Parks & Open Spaces,Gas,WILSONS GAS 30/11/23 TO 31/12/23,B000024586/68037,Sefe Energy Ltd,31/01/2024,458.40,
Rhyddings Cafe,Gas,RHYDDINGS PARK GAS 30/11/23 TO 31/12/23,B000024586/68037,Sefe Energy Ltd,31/01/2024,478.22,
Willows Lane Depot,Gas,WILLOWS LANE GAS 30/11/23 TO 31/12/23,B000024586/68037,Sefe Energy Ltd,31/01/2024,"1,889.85",
Public Transport,Maintenance,CLEANING CYCLE OF BUS SHELTERS DEC/ JAN 23/24,B000024587/27106,Atkinson Cleaning Services Limited,31/01/2024,"1,215.00",
Communications,Marketing Communications,ALUMNI EVENT - VAROUS PRINTED MATERIALS,B000024587/46079,Ellison Printing Co.,31/01/2024,"1,004.00",
Development Control B.U.,Agency Staff,TEMP STAFF - W/E 28.01.24 ,B000024587/67448,Macdonald & Company,31/01/2024,"1,452.08",
Market Hall - Luf,Contract Works,ACCRINGTON TOWN SQUARE DECANT,B000024587/68887,Morgan Sindall Construction & Infrastructure,31/01/2024,"124,501.96",
