Department Area,Service Area,Description,Line,HBC Ref No.,Name:  ,,Payment Date,Amount Paid
RESO - Resources,AAB - Benefits & Customer Contact,Whinney Hill 05.12.25,1,CRINV0015451,Cheval Social Management,,06/01/26,969.24
ENVS - Environmental Services,CAC - Parks & Cemeteries,Buriel Sevices - Nov 25,1,CRINV0015546,James O Garnett Ltd,,06/01/26,"2,100.00"
ENVS - Environmental Services,CAF - CVMU,Indicator Lamp,1,CRINV0015571,Bucher Municipal Ltd,,06/01/26,337.74
LEGL - Legal & Democratic,DAK - Community Safety,Pennine Lancs CSP`s 25/26,1,CRINV0015578,Blackburn With Darwen Borough Council,,06/01/26,"1,500.00"
ENVS - Environmental Services,CAF - CVMU,Vehicle parts,1,CRINV0015601,Bucher Municipal Ltd,,06/01/26,"1,811.75"
ENVS - Environmental Services,CAF - CVMU,Vehicle Parts,1,CRINV0015604,Dennis Eagle Limited,,06/01/26,693.83
ENVH - Environmental Health,BAA - Housing Standards,Temp staff w/e 24.11.25 ,1,CRINV0015611,Oyster Partnership,,06/01/26,"1,149.41"
ENVH - Environmental Health,BAA - Housing Standards,Temp staff w/e 1.12.25 ,1,CRINV0015612,Oyster Partnership,,06/01/26,"1,170.00"
ENVH - Environmental Health,BAA - Housing Standards,Temp staff w/e 1.12.25,1,CRINV0015613,Oyster Partnership,,06/01/26,"1,266.72"
RESO - Resources,AAH - Facilities,Temp staff w/e 5.12.25 ,1,CRINV0015625,Hays,,06/01/26,"4,812.31"
RESO - Resources,AAH - Facilities,Repair fencing and wall - Stonebridge Lane,1,CRINV0015628,Pilkington Bros (Church) Ltd,,06/01/26,"2,219.98"
RESO - Resources,AAH - Facilities,Accrington Cemetery - Public Water Tap Broken again,1,CRINV0015644,Pilkington Bros (Church) Ltd,,06/01/26,"1,127.14"
ENVS - Environmental Services,CAC - Parks & Cemeteries,Bags and boxes,1,CRINV0015670,Teleshore (Uk) Ltd,,06/01/26,"1,336.44"
RESO - Resources,AAB - Benefits & Customer Contact,Temp Staff 07.12.25 ,1,CRINV0015671,Venn Group Limited,,06/01/26,"1,278.28"
ENVS - Environmental Services,CAB - Other Environmental Services,Hire of 8 wheeler,1,CRINV0015676,Stanley Brothers (Tippers) Ltd,,06/01/26,744.00
RESO - Resources,AAB - Benefits & Customer Contact,Whinney Hill 06.11.25,1,CRINV0015681,Cheval Social Management,,06/01/26,969.24
PLAN - Planning & Transportation,EAD - Planning,Professional Fees ,1,CRINV0015707,Ms Stephanie Hall (Kings Chambers),,06/01/26,"1,800.00"
ENVS - Environmental Services,CAC - Parks & Cemeteries,CCTV Monitor and Maint for Rhyddings Park,1,CRINV0015739,Blackburn With Darwen Borough Council,,06/01/26,"2,783.53"
ENVS - Environmental Services,CAC - Parks & Cemeteries,CCTV Monitoring and Main - Accrington Cemetery,1,CRINV0015741,Blackburn With Darwen Borough Council,,06/01/26,"2,783.53"
LEGL - Legal & Democratic,DAB - Human Resources,Recruitmen Services,1,CRINV0015746,Pam Wellbeing Ltd,,06/01/26,264.72
LEGL - Legal & Democratic,DAH - Licencing,DBS Update Services - 1 year,1,CRINV0015750,Personnel Checks,,06/01/26,350.40
LEGL - Legal & Democratic,DAH - Licencing,DBS Update Service Year 1,2,CRINV0015750,Personnel Checks,,06/01/26,100.80
ENVS - Environmental Services,CAE - Waste Services,Padlock,1,CRINV0015761,Powell Hardware Ltd,,06/01/26,242.93
ENVS - Environmental Services,CAE - Waste Services,Padlock ,2,CRINV0015761,Powell Hardware Ltd,,06/01/26,121.46
RESO - Resources,AAF - Finance,Black Ink for Franking Machine,1,CRINV0015767,Pitney Bowes Ltd,,06/01/26,335.94
ENVS - Environmental Services,CAD - Town Centre & Markets,Rent - Annual Fee,1,CRINV0015777,On Tower Uk,,06/01/26,"14,652.16"
PLAN - Planning & Transportation,EAA - Building Control,Agency staff - w/e 12.12.25,1,CRINV0015782,Deekay Tech Recruitment Ltd,,06/01/26,"1,410.77"
ENVS - Environmental Services,CAE - Waste Services,Agency staff - w/e 14.12.25 ,1,CRINV0015783,Rapid Recruitment Ltd,,06/01/26,785.88
PLAN - Planning & Transportation,EAD - Planning,Agency staff - w/e 14.12.25 ,1,CRINV0015785,Macdonald & Company,,06/01/26,846.65
PLAN - Planning & Transportation,EAD - Planning,Agency staff - w/e 14.12.25 ,2,CRINV0015785,Macdonald & Company,,06/01/26,846.65
RESO - Resources,AAF - Finance,Maintenance and Environmental Recycling Charges,1,CRINV0015790,Select Marketing Nw Ltd,,06/01/26,494.40
RESO - Resources,AAB - Benefits & Customer Contact,Professional Charges,1,CRINV0015793,Greenhalgh Kerr,,06/01/26,268.80
RESO - Resources,AAB - Benefits & Customer Contact,Professional Charges,1,CRINV0015794,Greenhalgh Kerr,,06/01/26,"2,472.00"
RESO - Resources,AAB - Benefits & Customer Contact,Professional Charges,1,CRINV0015795,Greenhalgh Kerr,,06/01/26,"5,994.00"
RESO - Resources,AAB - Benefits & Customer Contact,Professional Charges,2,CRINV0015795,Greenhalgh Kerr,,06/01/26,988.20
RESO - Resources,AAB - Benefits & Customer Contact,Stationery Nov 25,1,CRINV0015799,Critiqom,,06/01/26,288.00
RESO - Resources,AAB - Benefits & Customer Contact,Stationery Nov 25,2,CRINV0015799,Critiqom,,06/01/26,288.00
RESO - Resources,AAB - Benefits & Customer Contact,Services Nov 25,1,CRINV0015800,Critiqom,,06/01/26,172.43
RESO - Resources,AAB - Benefits & Customer Contact,Services Nov 25,2,CRINV0015800,Critiqom,,06/01/26,240.00
RESO - Resources,AAB - Benefits & Customer Contact,Postage Nov 25,1,CRINV0015801,Critiqom,,06/01/26,"1,926.04"
RESO - Resources,AAB - Benefits & Customer Contact,Postage Nov 25,2,CRINV0015801,Critiqom,,06/01/26,"2,400.00"
RESO - Resources,AAB - Benefits & Customer Contact,Professional Fees,1,CRINV0015804,Stephensons Solicitors LLP,,06/01/26,"1,843.00"
RESO - Resources,AAB - Benefits & Customer Contact,Professional Fees,2,CRINV0015804,Stephensons Solicitors LLP,,06/01/26,720.00
RESO - Resources,AAB - Benefits & Customer Contact,Professonal Fees,1,CRINV0015805,Stephensons Solicitors LLP,,06/01/26,"1,843.00"
RESO - Resources,AAB - Benefits & Customer Contact,Professional Fees,2,CRINV0015805,Stephensons Solicitors LLP,,06/01/26,720.00
RESO - Resources,AAB - Benefits & Customer Contact,Professional fees,1,CRINV0015806,Stephensons Solicitors LLP,,06/01/26,720.00
RESO - Resources,AAB - Benefits & Customer Contact,Professional Fees,2,CRINV0015806,Stephensons Solicitors LLP,,06/01/26,"1,843.00"
RESO - Resources,AAB - Benefits & Customer Contact,Professional charges,1,CRINV0015807,Stephensons Solicitors LLP,,06/01/26,720.00
RESO - Resources,AAB - Benefits & Customer Contact,recharge of cleaning Broadway Nov 25,1,CRINV0015809,Hyndburn Leisure,,06/01/26,"2,074.44"
LEGL - Legal & Democratic,DAA - Democratic Services,Pride in Place Workshop,1,CRINV0015811,Scott Dawson Advertising Ltd,,06/01/26,"11,058.00"
LEGL - Legal & Democratic,DAA - Democratic Services,Pride in Place prints and map,1,CRINV0015812,Scott Dawson Advertising Ltd,,06/01/26,294.00
RESO - Resources,AAB - Benefits & Customer Contact,Temp Staff 14.12.25 ,1,CRINV0015816,Eden Brown Limited,,06/01/26,"1,212.12"
LEGL - Legal & Democratic,DAB - Human Resources,Postage,1,CRINV0015825,Royal Mail Group Ltd,,06/01/26,623.85
LEGL - Legal & Democratic,DAG - Elections,Release 85,1,CRINV0015826,Thomson Reuters Professional Uk Ltd,,06/01/26,407.00
ENVS - Environmental Services,CAD - Town Centre & Markets,Gt Harwood Big Switch On,1,CRINV0015827,Great Harwood Civic Society,,06/01/26,"2,000.00"
RESO - Resources,AAB - Benefits & Customer Contact,Professional charges,1,CRINV0015829,Stephensons Solicitors LLP,,06/01/26,720.00
RESO - Resources,AAB - Benefits & Customer Contact,Professional charges,1,CRINV0015830,Stephensons Solicitors LLP,,06/01/26,468.00
RESO - Resources,AAB - Benefits & Customer Contact,Professional charges,1,CRINV0015832,Greenhalgh Kerr,,06/01/26,"1,050.00"
RESO - Resources,AAB - Benefits & Customer Contact,Services Oct 25,1,CRINV0015833,Critiqom,,06/01/26,285.18
RESO - Resources,AAB - Benefits & Customer Contact,Services Oct 25,2,CRINV0015833,Critiqom,,06/01/26,360.00
RESO - Resources,AAB - Benefits & Customer Contact,Postage Oct 25,1,CRINV0015835,Critiqom,,06/01/26,"2,315.16"
RESO - Resources,AAB - Benefits & Customer Contact,Postage Oct 25,2,CRINV0015835,Critiqom,,06/01/26,"3,360.00"
ENVS - Environmental Services,CAA - Environmental Maintenance,Acc Town Square Projects,1,CRINV0015837,Rider Levett Bucknall Uk Ltd,,06/01/26,"3,552.36"
ENVS - Environmental Services,CAA - Environmental Maintenance,Acc Town Square Projects,2,CRINV0015837,Rider Levett Bucknall Uk Ltd,,06/01/26,"3,552.35"
PLAN - Planning & Transportation,EAA - Building Control,Temp staff  and travelling expenses w.e 19/12/25,1,CRINV0015839,Deekay Tech Recruitment Ltd,,06/01/26,"1,465.82"
RESO - Resources,AAB - Benefits & Customer Contact,07.12.25 - 06.03.26,1,CRINV0015844,Liquid Voice Systems Limited,,06/01/26,"1,180.18"
RESO - Resources,AAB - Benefits & Customer Contact,07.12.25 - 06.03.26,2,CRINV0015844,Liquid Voice Systems Limited,,06/01/26,393.39-
ENVS - Environmental Services,CAF - CVMU,temp staff p/e 21/12/25 ,1,CRINV0015852,Autotech Recruit,,06/01/26,"1,287.60"
RESO - Resources,AAB - Benefits & Customer Contact,temp staff w/e 21/12/25,1,CRINV0015854,Eden Brown Limited,,06/01/26,"1,212.12"
LEGL - Legal & Democratic,DAG - Elections,Letters and forms,1,CRINV0015900,Civica Election Services,,06/01/26,775.58
REGN - Regeneration & Housing,FAD - Housing Advice,Accommodation ,1,CRINV0015909,Hill View (Private) Hotel,,06/01/26,675.00
RESO - Resources,AAD - ICT,Charges: 8.9.25 to 4.12.25,1,CRINV0015911,Aurora Managed Services Ltd,,06/01/26,389.76
REGN - Regeneration & Housing,FAD - Housing Advice,Accommodation ,1,CRINV0015915,Hill View (Private) Hotel,,06/01/26,340.00
REGN - Regeneration & Housing,FAD - Housing Advice,Accommodation ,1,CRINV0015924,Hill View (Private) Hotel,,06/01/26,"1,470.00"
REGN - Regeneration & Housing,FAD - Housing Advice,Accommodation ,1,CRINV0015927,Hill View (Private) Hotel,,06/01/26,420.00
REGN - Regeneration & Housing,FAD - Housing Advice,Accommodation,1,CRINV0015928,Hill View (Private) Hotel,,06/01/26,"1,190.00"
LEGL - Legal & Democratic,DAB - Human Resources,Big thank you event,1,CRINV0015941,Hyndburn Leisure,,06/01/26,343.50
RESO - Resources,AAD - ICT,Charges - 17.11.25 - 17.12.25,1,CRINV0015944,TalkTalk Business Direct,,06/01/26,304.61
LEGL - Legal & Democratic,DAB - Human Resources,Asbestos Management Plan - Market Chambers,1,CRINV0015968,Consultants & Specialist Surveyors Ltd,,06/01/26,900.00
RESO - Resources,AAD - ICT,EE Bill Period 26.10.25-25.11.25,1,CRINV0015971,EE Futures,,06/01/26,"1,479.53"
RESO - Resources,AAD - ICT,EE Bill Period 26.10.25-25.11.25,2,CRINV0015971,EE Futures,,06/01/26,70.00
REGN - Regeneration & Housing,FAG - Regeneration,Temp staff w/e ,1,CRPOI0015563,Vivid Resourcing,,06/01/26,"5,400.00"
RESO - Resources,AAH - Facilities,"Callouts, breakdowns, make safe, small general repairs, helpdesk repairs QTR 3",1,CRPOI0015629,Pilkington Bros (Church) Ltd,,06/01/26,450.00
RESO - Resources,AAH - Facilities,"Callouts, breakdowns, make safe, small general repairs, helpdesk repairs QTR 3",1,CRPOI0015630,Pilkington Bros (Church) Ltd,,06/01/26,255.36
RESO - Resources,AAH - Facilities,"Callouts, breakdowns, make safe, small general repairs, helpdesk repairs QTR 3",1,CRPOI0015631,Pilkington Bros (Church) Ltd,,06/01/26,630.96
RESO - Resources,AAI - Property,"Please provide a survey of Gatty Park Glasshouses, Accrington",1,CRPOI0015634,Glovers Project Services Ltd,,06/01/26,"1,380.00"
RESO - Resources,AAH - Facilities,"PPM - Annual Fire Risk Assessment for HBC buildings including office, retail, leisure and Parks",1,CRPOI0015643,Firesec Compliance Ltd,,06/01/26,573.60
LEGL - Legal & Democratic,DAA - Democratic Services,Traffic Management for Remembrance Sunday 2025,1,CRPOI0015664,Kays Highways Ltd,,06/01/26,"4,393.44"
ENVS - Environmental Services,CAC - Parks & Cemeteries,1 X Yearly subscription to software for Reactec analytics platform to renew on 13/12/2025,1,CRPOI0015688,Reactec,,06/01/26,"2,831.22"
ENVS - Environmental Services,CAC - Parks & Cemeteries,Tree Nursery Stock,1,CRPOI0015749,Lanes Landscapes Ltd,,06/01/26,"1,710.00"
ENVS - Environmental Services,CAE - Waste Services,"1 X Double Space-Liner Orderly Barrow complete with solid tyres, green lids/moulding ",1,CRPOI0015763,Glasdon Uk Ltd,,06/01/26,"1,498.49"
ENVS - Environmental Services,CAE - Waste Services,4 X Spare solid side wheels for use with Double Space-Liner Orderly barrow ,2,CRPOI0015763,Glasdon Uk Ltd,,06/01/26,455.14
ENVS - Environmental Services,CAC - Parks & Cemeteries,Rhyddings Park phase 2 renovation works ,1,CRPOI0015765,Groundwork & Leisure Services Limited,,06/01/26,"23,144.40"
ENVS - Environmental Services,CAE - Waste Services,"50 X 140 Red Bins (0700) body and lid, logo to front of bin in white ",1,CRPOI0015771,Contenur Uk Limited,,06/01/26,993.60
PLAN - Planning & Transportation,EAC - Green Infrastructure,"Works to Access Track Nook Lane, Osw",1,CRPOI0015781,Landscape Engineering Ltd,,06/01/26,"2,400.00"
LEGL - Legal & Democratic,DAB - Human Resources,1x enrolment of ILM Course ,1,CRPOI0015881,Blackburn College,,06/01/26,885.00
RESO - Resources,AAD - ICT, x Samsung A16 Handsets at£160.00 ,1,CRPOI0015910,Aspire Technology Solutions Limited,,06/01/26,396.00
RESO - Resources,AAD - ICT,10 x Veeam Data Platform Advanced Universal Subscription License 1 year subscription ,1,CRPOI0015913,Bytes Software Services Ltd,,06/01/26,"24,781.20"
RESO - Resources,AAD - ICT,"1 x HPE FLECFABRIC SWITCH 
1 x Synology-Network adapter 10gb Ethernet @£225+VAT",1,CRPOI0015945,Techbuyer Limited,,06/01/26,"2,010.00"
REGN - Regeneration & Housing,FAD - Housing Advice,Agency staff - w/e 14.12.25 ,1,CRINV0015649,Vivid Resourcing,,08/01/26,"1,679.60"
PLAN - Planning & Transportation,EAD - Planning,Temp Staff 14.12.25 ,1,CRINV0015669,Vivid Resourcing,,08/01/26,"1,698.00"
ENVS - Environmental Services,CAC - Parks & Cemeteries,3rd Party Contribution towards a FCC Communities Fund grant,1,CRINV0015687,FCC Recycling (UK) Limited,,08/01/26,"4,300.00"
ENVS - Environmental Services,CAF - CVMU,Vehicle parts/goods,1,CRINV0015693,Balmers Garden Machinery,,08/01/26,126.26
ENVS - Environmental Services,CAF - CVMU,Vehicle parts/goods,2,CRINV0015693,Balmers Garden Machinery,,08/01/26,252.53
ENVS - Environmental Services,CAA - Environmental Maintenance,CCTV Monitor and Maint for Willows Lane,1,CRINV0015740,Blackburn With Darwen Borough Council,,08/01/26,"2,783.53"
ENVS - Environmental Services,CAB - Other Environmental Services,Vehicle Hire - 12.12.25,1,CRINV0015742,Stanley Brothers (Tippers) Ltd,,08/01/26,744.00
PLAN - Planning & Transportation,EAB - Engineers & Transportation,"Services, Clearance of Trash Screens",1,CRINV0015744,Marchbridge Builders Ltd,,08/01/26,"1,583.81"
ENVH - Environmental Health,BAB - Environmental Protection,Agency Costs Period Ending: 14-Dec-2025,1,CRINV0015778,Vivid Resourcing,,08/01/26,505.57
RESO - Resources,AAF - Finance,BRR & RSG Dec 25,1,CRINV0015820,"(DD) Department of Levelling Up, Housing & Comm...",,08/01/26,"165,547.00-"
RESO - Resources,AAF - Finance,BRR & RSG Central Share Dec 25,2,CRINV0015820,"(DD) Department of Levelling Up, Housing & Comm...",,08/01/26,"1,000,107.00"
RESO - Resources,AAF - Finance,BRR & RSG TR Payments Dec 25,3,CRINV0015820,"(DD) Department of Levelling Up, Housing & Comm...",,08/01/26,"8,048.00-"
RESO - Resources,AAF - Finance,BRR & RSG Surplus 24-25 Dec 25,4,CRINV0015820,"(DD) Department of Levelling Up, Housing & Comm...",,08/01/26,"58,995.00"
RESO - Resources,AAF - Finance,Final Deficit 23-24 Dec 25,5,CRINV0015820,"(DD) Department of Levelling Up, Housing & Comm...",,08/01/26,"2,017.00-"
LEGL - Legal & Democratic,DAB - Human Resources,CAY Recharge Nov 25,1,CRINV0015831,Lancashire County Council (Direct Debit Payments),,08/01/26,"43,285.27"
RESO - Resources,AAF - Finance,RVBC Tariff due Dec 25,1,CRINV0015838,(DD ONLY) Ribble Valley Borough Council,,08/01/26,"407,534.00"
RESO - Resources,AAB - Benefits & Customer Contact,professional charges,1,CRINV0015875,Greenhalgh Kerr,,08/01/26,300.00
RESO - Resources,AAF - Finance,Period: 26.11.25 to 25.12.25,1,CRINV0015895,Water Plus - 4081791400 Canteen Scaitcliffe House,,08/01/26,844.11
RESO - Resources,AAH - Facilities,Amenity Lighting - 1.12.25 to 31.12.25,1,CRINV0015898,EDF - 5946759290 - Unmetered Supply Street Lightin,,08/01/26,20.83
RESO - Resources,AAH - Facilities,Amenity Lighting - 1.12.25 to 31.12.25,2,CRINV0015898,EDF - 5946759290 - Unmetered Supply Street Lightin,,08/01/26,614.62
RESO - Resources,AAH - Facilities,Amenity Lighting - 1.12.25 to 31.12.25,3,CRINV0015898,EDF - 5946759290 - Unmetered Supply Street Lightin,,08/01/26,225.71
RESO - Resources,AAH - Facilities,Amenity Lighting - 1.12.25 to 31.12.25,4,CRINV0015898,EDF - 5946759290 - Unmetered Supply Street Lightin,,08/01/26,41.66
RESO - Resources,AAH - Facilities,Amenity Lighting - 1.12.25 to 31.12.25,5,CRINV0015898,EDF - 5946759290 - Unmetered Supply Street Lightin,,08/01/26,486.15
RESO - Resources,AAB - Benefits & Customer Contact,Professional charges,1,CRINV0015916,Stephensons Solicitors LLP,,08/01/26,"2,014.00"
RESO - Resources,AAF - Finance,Agency Costs  Period Ending: 02-Nov-2025,1,CRINV0015943,G2 Recruitment Solutions,,08/01/26,"5,850.00"
RESO - Resources,AAF - Finance,Agency Costs BC Period Ending: 23-Nov-2025,1,CRINV0015947,G2 Recruitment Solutions,,08/01/26,"5,850.00"
ENVS - Environmental Services,CAF - CVMU,Parts,1,CRINV0015959,Rob Mercer,,08/01/26,839.70
ENVS - Environmental Services,CAF - CVMU,Labour,2,CRINV0015959,Rob Mercer,,08/01/26,153.07
LEGL - Legal & Democratic,DAA - Democratic Services,Council Meeting - 03.12.25 - Scaitcliffe,1,CRINV0015962,Prestige Bb Limited,,08/01/26,264.00
RESO - Resources,AAF - Finance,LCC Ctax Precept December 25,1,CRINV0015965,Lancashire County Council (Direct Debit Payments),,08/01/26,"3,847,031.00"
RESO - Resources,AAF - Finance,LCC Ctax Deficit 24/25,2,CRINV0015965,Lancashire County Council (Direct Debit Payments),,08/01/26,"38,937.00-"
RESO - Resources,AAF - Finance,LCC NDR Precept December 25,3,CRINV0015965,Lancashire County Council (Direct Debit Payments),,08/01/26,"225,024.00"
RESO - Resources,AAF - Finance,LCC NDR Surplus 24/25,4,CRINV0015965,Lancashire County Council (Direct Debit Payments),,08/01/26,"12,820.00"
RESO - Resources,AAF - Finance,Fire Ctax Precept December 25,5,CRINV0015965,Lancashire County Council (Direct Debit Payments),,08/01/26,"198,869.00"
RESO - Resources,AAF - Finance,Fire Ctax Deficit 24/25,6,CRINV0015965,Lancashire County Council (Direct Debit Payments),,08/01/26,"1,996.00-"
RESO - Resources,AAF - Finance,Fire NDR Precept December 25,7,CRINV0015965,Lancashire County Council (Direct Debit Payments),,08/01/26,"25,003.00"
RESO - Resources,AAF - Finance,Fire NDR Surplus 24/25,8,CRINV0015965,Lancashire County Council (Direct Debit Payments),,08/01/26,"1,425.00"
RESO - Resources,AAF - Finance,Police Ctax Precept December 25,9,CRINV0015965,Lancashire County Council (Direct Debit Payments),,08/01/26,"614,802.00"
RESO - Resources,AAF - Finance,Police Ctax Deficit 24/25,10,CRINV0015965,Lancashire County Council (Direct Debit Payments),,08/01/26,"6,203.00-"
ENVH - Environmental Health,BAA - Housing Standards,Training CC,1,CRINV0015982,Property Care Association,,08/01/26,"3,168.00"
REGN - Regeneration & Housing,FAD - Housing Advice,Rent Deposit,1,CRINV0015987,MJ and LC Properties Limited,,08/01/26,775.00
REGN - Regeneration & Housing,FAD - Housing Advice,Rent Deposit,1,CRINV0015988,MJ and LC Properties Limited,,08/01/26,675.00
RESO - Resources,AAH - Facilities,"Amenity Lighting 01.11.25 ?
  30.11.25",1,CRINV0015998,EDF - 1232400259 - Unmetered Supply Street Lightin,,08/01/26,102.71
RESO - Resources,AAH - Facilities,Amenity Lighting 01.11.25 ? 30.11.25,2,CRINV0015998,EDF - 1232400259 - Unmetered Supply Street Lightin,,08/01/26,"3,030.00"
RESO - Resources,AAH - Facilities,Amenity Lighting 01.11.25 ? 30.11.25,3,CRINV0015998,EDF - 1232400259 - Unmetered Supply Street Lightin,,08/01/26,"1,112.71"
RESO - Resources,AAH - Facilities,Amenity Lighting 01.11.25 ? 30.11.25,4,CRINV0015998,EDF - 1232400259 - Unmetered Supply Street Lightin,,08/01/26,"2,396.60"
RESO - Resources,AAH - Facilities,Amenity Lighting 01.11.25 ? 30.11.25,5,CRINV0015998,EDF - 1232400259 - Unmetered Supply Street Lightin,,08/01/26,205.43
RESO - Resources,AAF - Finance,Transaction Charges,1,CRINV0016004,Allpay Ltd,,08/01/26,"1,062.11"
LEGL - Legal & Democratic,DAB - Human Resources,Acc Market Chambers - Project Man Support - Oct 25,1,CRINV0016005,Fellstone Heritage & Community Projects,,08/01/26,"3,952.50"
RESO - Resources,AAI - Property,Balance - Previous Bill c/f,1,CRINV0016034,YU Energy - 2000257533 - 16 Broadway,,08/01/26,306.21
RESO - Resources,AAI - Property,Charges - 01.12.25 - 31.12.25,2,CRINV0016034,YU Energy - 2000257533 - 16 Broadway,,08/01/26,272.61
LEGL - Legal & Democratic,DAA - Democratic Services,Remebrance Sunday 25,1,CRINV0016037,Balderstone Brass Band,,08/01/26,250.00
RESO - Resources,AAH - Facilities,"Callouts, breakdowns, make safe, small general repairs, helpdesk repairs QTR 3",1,CRPOI0015709,Affordable Bar & Catering Equipment Direct,,08/01/26,468.00
RESO - Resources,AAH - Facilities,"PPM - Annual Fire Risk Assessment for HBC buildings including office, retail, leisure and Parks",1,CRPOI0015714,Firesec Compliance Ltd,,08/01/26,354.00
RESO - Resources,AAH - Facilities,"PPM - Annual Fire Risk Assessment for HBC buildings including office, retail, leisure and Parks",1,CRPOI0015717,Firesec Compliance Ltd,,08/01/26,573.60
RESO - Resources,AAH - Facilities,"PPM - Annual Fire Risk Assessment for HBC buildings including office, retail, leisure and Parks",1,CRPOI0015718,Firesec Compliance Ltd,,08/01/26,354.00
ENVS - Environmental Services,CAC - Parks & Cemeteries,Install a double socket and RCD and PAT test as per quote dated 10-12-25,1,CRPOI0015720,Empress Electrical Ltd,,08/01/26,384.00
ENVS - Environmental Services,CAB - Other Environmental Services,,1,CRPOI0015736,Stanley Brothers (Tippers) Ltd,,08/01/26,570.00
ENVS - Environmental Services,CAE - Waste Services,"50,000 X Dog Waste Sacks 
made from Hi -linear tensile strength/LD PE flat bag no gusset
Withhold-fast bottom seals printed in black x 1 side repeated full at least twice per bag, HYNDBURNBC DOG WAST",1,CRPOI0015737,Durasak Limited,,08/01/26,"3,982.08"
ENVH - Environmental Health,BAB - Environmental Protection,Night Time Noise Contribution 2025 - 2026,1,CRPOI0015774,Blackburn With Darwen Borough Council,,08/01/26,"4,358.05"
ENVS - Environmental Services,CAB - Other Environmental Services,1 x Woodchipper course ,1,CRPOI0015779,Myerscough College,,08/01/26,250.00
RESO - Resources,AAH - Facilities,"Callouts, breakdowns, make safe, small general repairs, helpdesk repairs QTR 3",1,CRPOI0015848,Steven Mercer Electrical Contractors Limited,,08/01/26,"1,281.74"
RESO - Resources,AAH - Facilities,"Callouts, breakdowns, make safe, small general repairs, helpdesk repairs QTR 3",1,CRPOI0015857,Steven Mercer Electrical Contractors Limited,,08/01/26,450.00
ENVS - Environmental Services,CAC - Parks & Cemeteries,"CUSTOM Embankment ropes, posts and delivery",1,CRPOI0015917,Kompan Ltd,,08/01/26,"1,685.16"
REGN - Regeneration & Housing,FAG - Regeneration,Temp staff W/e 14.12.25,1,CRPOI0016012,Vivid Resourcing,,08/01/26,"1,800.00"
REGN - Regeneration & Housing,FAG - Regeneration,Temp staff w/e 2.12.25,1,CRPOI0016014,Vivid Resourcing,,08/01/26,"1,500.00"
ENVH - Environmental Health,BAA - Housing Standards,Agency staff - w/c 08.12.25 ,1,CRINV0015756,Oyster Partnership,,13/01/26,"1,326.00"
ENVH - Environmental Health,BAA - Housing Standards,Agency staff - w/c 08.12.25,1,CRINV0015757,Oyster Partnership,,13/01/26,"1,530.05"
PLAN - Planning & Transportation,EAB - Engineers & Transportation,Clean Debris / Leaves - Haworth Park Drainage,1,CRINV0015760,Sterling Construction (Services) Ltd,,13/01/26,384.00
PLAN - Planning & Transportation,EAB - Engineers & Transportation,topographical survey,1,CRINV0015787,Site Surveying Services Limited,,13/01/26,576.00
PLAN - Planning & Transportation,EAB - Engineers & Transportation,topographical survey,1,CRINV0015788,Site Surveying Services Limited,,13/01/26,576.00
ENVS - Environmental Services,CAC - Parks & Cemeteries,Baxenden Bench,1,CRINV0015796,Ark Plastics Ltd,,13/01/26,480.00
PLAN - Planning & Transportation,EAD - Planning,Temp Staff 21.12.25 ,1,CRINV0015840,Vivid Resourcing,,13/01/26,"1,170.00"
RESO - Resources,AAB - Benefits & Customer Contact,Temp Staff 14.12.25  ,1,CRINV0015842,Venn Group Limited,,13/01/26,"1,278.28"
PLAN - Planning & Transportation,EAD - Planning,temp staff w/e 21/12/25 ,1,CRINV0015849,Macdonald & Company,,13/01/26,840.51
PLAN - Planning & Transportation,EAD - Planning,temp staff w/e 21/12/25,2,CRINV0015849,Macdonald & Company,,13/01/26,840.49
ENVS - Environmental Services,CAE - Waste Services,temp staff w/e 21/12/25 ,1,CRINV0015851,Rapid Recruitment Ltd,,13/01/26,"2,591.93"
PLAN - Planning & Transportation,EAD - Planning,temp staff 07/12/25,1,CRINV0015859,Vivid Resourcing,,13/01/26,"1,688.40"
ENVS - Environmental Services,CAE - Waste Services,temp staff w/e 21/12/25 ,1,CRINV0015860,Rapid Recruitment Ltd,,13/01/26,"1,967.12"
RESO - Resources,AAG - Management Resources,Car Lease,1,CRINV0015861,Athlon Mobility Services UK Ltd,,13/01/26,"1,935.04"
RESO - Resources,AAG - Management Resources,Car Lease,2,CRINV0015861,Athlon Mobility Services UK Ltd,,13/01/26,"1,935.03"
RESO - Resources,AAG - Management Resources,Car Lease,3,CRINV0015861,Athlon Mobility Services UK Ltd,,13/01/26,593.87
PLAN - Planning & Transportation,EAC - Green Infrastructure,Grounds Maintenance at Various sites,1,CRINV0015905,Natural Gardens,,13/01/26,250.00
RESO - Resources,AAH - Facilities,Agency staff - w/e 12.12.25 ,1,CRINV0015918,Hays,,13/01/26,"2,683.10"
RESO - Resources,AAH - Facilities,Agency staff - w/e 12.12.25 ,1,CRINV0015919,Hays,,13/01/26,"2,842.72"
PLAN - Planning & Transportation,EAD - Planning,Temp Staff 01.12.25  ,1,CRINV0015926,Confido Consult Ltd,,13/01/26,"2,794.44"
PLAN - Planning & Transportation,EAD - Planning,Temp Staff 08.12.25  ,1,CRINV0015937,Confido Consult Ltd,,13/01/26,"2,216.28"
PLAN - Planning & Transportation,EAD - Planning,Temp Staff 15.12.25,1,CRINV0015938,Confido Consult Ltd,,13/01/26,"2,248.56"
RESO - Resources,AAB - Benefits & Customer Contact,Whinney Hill - 07.01.26,1,CRINV0016009,Ada Glossop Ltd,,13/01/26,"1,012.00"
RESO - Resources,AAB - Benefits & Customer Contact,Whinney Hill 07.01,1,CRINV0016010,Cheval Social Management,,13/01/26,969.24
ENVS - Environmental Services,CAC - Parks & Cemeteries,Charges - 03.12.25 - 02.01.26,1,CRINV0016049,Water Plus - 6002491027 White Ash Playing Fields,,13/01/26,307.54
ENVS - Environmental Services,CAC - Parks & Cemeteries,Contract Charges,1,CRINV0016063,CTrack UK Ltd,,13/01/26,302.40
PLAN - Planning & Transportation,EAA - Building Control,Temp staff w/e 2.1.26,1,CRINV0016067,Deekay Tech Recruitment Ltd,,13/01/26,659.32
ENVH - Environmental Health,BAA - Housing Standards,Temp staff w/e 24.11.25 ,1,CRINV0016070,Oyster Partnership,,13/01/26,"1,248.00"
RESO - Resources,AAG - Management Resources,Recharge re items for Wilsons Sports Village,1,CRINV0016074,Hyndburn Leisure,,13/01/26,"1,834.46"
REGN - Regeneration & Housing,FAD - Housing Advice,Rent,1,CRINV0016087,Property Shop (Accrington) Ltd,,13/01/26,600.00
ENVS - Environmental Services,CAF - CVMU,Call Outs and Parts,1,CRINV0016095,Rossendale Vulcanising (Sales Ltd),,13/01/26,"7,720.00"
ENVS - Environmental Services,CAF - CVMU,Parts,1,CRINV0016109,T H Motors,,13/01/26,276.48
ENVS - Environmental Services,CAF - CVMU,Parts,1,CRINV0016110,Rob Mercer,,13/01/26,661.93
ENVS - Environmental Services,CAF - CVMU,Labour,2,CRINV0016110,Rob Mercer,,13/01/26,153.07
ENVS - Environmental Services,CAA - Environmental Maintenance,Electricity Supply 1st December 2025 - 31st December 2025,1,CRINV0016116,E-On Next Energy - A-B930C930 73 Blackburn Road,,13/01/26,652.50
ENVS - Environmental Services,CAA - Environmental Maintenance,Electricity Charges 01.12.25-31.12.25,1,CRINV0016119,Smartest Energy - 100011736903 77-79 Blackburn Rd,,13/01/26,"1,309.43"
ENVS - Environmental Services,CAE - Waste Services,Removal of caravan 8.1.26,1,CRINV0016181,Assured Automobile Assessors Ltd,,13/01/26,462.00
ENVS - Environmental Services,CAC - Parks & Cemeteries,Provide a refurbished garden seating area ,1,CRPOI0015784,Groundwork Landscapes Limited,,13/01/26,"20,668.32"
ENVS - Environmental Services,CAE - Waste Services,100 X grey 240 litre wheeled bins to Hyndburn spec,1,CRPOI0015843,Ipl Plastics (Uk) Ltd,,13/01/26,"2,262.00"
ENVS - Environmental Services,CAE - Waste Services,250 X blue 240 litre wheeled bins to Hyndburn spec,2,CRPOI0015843,Ipl Plastics (Uk) Ltd,,13/01/26,"5,655.00"
ENVS - Environmental Services,CAE - Waste Services,"250 X brown 240 litre wheeled bins to Hyndburn spec,",3,CRPOI0015843,Ipl Plastics (Uk) Ltd,,13/01/26,"5,655.00"
RESO - Resources,AAH - Facilities,"PPM - Annual Fire Risk Assessment for HBC buildings including office, retail, leisure and Parks",1,CRPOI0015882,Firesec Compliance Ltd,,13/01/26,573.60
RESO - Resources,AAH - Facilities,"PPM - Annual Fire Risk Assessment for HBC buildings including office, retail, leisure and Parks",1,CRPOI0015883,Firesec Compliance Ltd,,13/01/26,876.00
RESO - Resources,AAH - Facilities,"PPM - Annual Fire Risk Assessment for HBC buildings including office, retail, leisure and Parks",1,CRPOI0015884,Firesec Compliance Ltd,,13/01/26,876.00
RESO - Resources,AAH - Facilities,"PPM - Annual Fire Risk Assessment for HBC buildings including office, retail, leisure and Parks",1,CRPOI0015885,Firesec Compliance Ltd,,13/01/26,876.00
RESO - Resources,AAH - Facilities,"PPM - Annual Fire Risk Assessment for HBC buildings including office, retail, leisure and Parks",1,CRPOI0015886,Firesec Compliance Ltd,,13/01/26,354.00
RESO - Resources,AAH - Facilities,"PPM - Annual Fire Risk Assessment for HBC buildings including office, retail, leisure and Parks",1,CRPOI0015887,Firesec Compliance Ltd,,13/01/26,573.60
RESO - Resources,AAH - Facilities,"PPM - Annual Fire Risk Assessment for HBC buildings including office, retail, leisure and Parks",1,CRPOI0015888,Firesec Compliance Ltd,,13/01/26,354.00
RESO - Resources,AAH - Facilities,"PPM - Annual Fire Risk Assessment for HBC buildings including office, retail, leisure and Parks",1,CRPOI0015889,Firesec Compliance Ltd,,13/01/26,354.00
RESO - Resources,AAH - Facilities,"PPM - Annual Fire Risk Assessment for HBC buildings including office, retail, leisure and Parks",1,CRPOI0015890,Firesec Compliance Ltd,,13/01/26,573.60
RESO - Resources,AAH - Facilities,"PPM - Annual Fire Risk Assessment for HBC buildings including office, retail, leisure and Parks",1,CRPOI0015891,Firesec Compliance Ltd,,13/01/26,354.00
RESO - Resources,AAH - Facilities,"PPM - Annual Fire Risk Assessment for HBC buildings including office, retail, leisure and Parks",1,CRPOI0015892,Firesec Compliance Ltd,,13/01/26,354.00
RESO - Resources,AAH - Facilities,"PPM - Annual Fire Risk Assessment for HBC buildings including office, retail, leisure and Parks",1,CRPOI0015893,Firesec Compliance Ltd,,13/01/26,354.00
RESO - Resources,AAH - Facilities,"PPM - Annual Fire Risk Assessment for HBC buildings including office, retail, leisure and Parks",1,CRPOI0015894,Firesec Compliance Ltd,,13/01/26,354.00
RESO - Resources,AAD - ICT,Ink Cartrides,1,CRPOI0015907,Anglotech Group Limited,,13/01/26,68.40
RESO - Resources,AAD - ICT,Toner cartridges,2,CRPOI0015907,Anglotech Group Limited,,13/01/26,405.00
RESO - Resources,AAH - Facilities,Provide professional services ,1,CRPOI0015953,IDC Architecture Ltd,,13/01/26,315.00
RESO - Resources,AAD - ICT,1 x Apple iPhone 17 standard 256GB ,1,CRPOI0015967,Aspire Technology Solutions Limited,,13/01/26,811.00
ENVS - Environmental Services,CAE - Waste Services,Stationary Order - December 2025,1,CRPOI0016035,Paragon Customer Communications Limited,,13/01/26,375.04
ENVS - Environmental Services,CAC - Parks & Cemeteries,Post installation inspection,1,CRPOI0016036,Playground Projects Consultancy Limited,,13/01/26,300.00
ENVS - Environmental Services,CAE - Waste Services,1 X HDS 17/20 Tr1 De trailer -  for 12 weeks,1,CRPOI0016066,Karcher UK Limited,,13/01/26,"1,399.20"
ENVS - Environmental Services,CAE - Waste Services,"1 X FRV 50 surface cleaner - for 12 weeks
The nozzle kit will be included when you hire the FRV.",2,CRPOI0016066,Karcher UK Limited,,13/01/26,117.60
ENVH - Environmental Health,BAB - Environmental Protection,To:  Monitoring Services for 2 x CCTV towers1.12.25 to 31.3.26,1,CRPOI0016122,BauWatch UK,,13/01/26,"2,076.00"
REGN - Regeneration & Housing,FAD - Housing Advice,Temp Staff 21.12.25 ,1,CRINV0015824,Vivid Resourcing,,15/01/26,"1,710.00"
ENVS - Environmental Services,CAD - Town Centre & Markets,christmas markets event support,1,CRINV0015834,Community Solutions North West Ltd,,15/01/26,250.00
ENVH - Environmental Health,BAB - Environmental Protection,Temp Staff 21.12.25  ,1,CRINV0015841,Vivid Resourcing,,15/01/26,358.15
REGN - Regeneration & Housing,FAD - Housing Advice,Rent Deposit,1,CRINV0015845,Alan Duffy Properties,,15/01/26,450.00
ENVS - Environmental Services,CAF - CVMU,nozzle trunking + freight,1,CRINV0015846,Bucher Municipal Ltd,,15/01/26,257.96
PLAN - Planning & Transportation,EAD - Planning,temp staff 21/12/25 ,1,CRINV0015850,Vivid Resourcing,,15/01/26,"1,688.40"
ENVH - Environmental Health,BAA - Housing Standards,temp staff w/c 15/12/25,1,CRINV0015855,Oyster Partnership,,15/01/26,"1,248.00"
RESO - Resources,AAB - Benefits & Customer Contact,Professional charges,1,CRINV0015862,Greenhalgh Kerr,,15/01/26,840.00
RESO - Resources,AAB - Benefits & Customer Contact,Professional charges,2,CRINV0015862,Greenhalgh Kerr,,15/01/26,20.00
RESO - Resources,AAB - Benefits & Customer Contact,Professional charges,1,CRINV0015863,Greenhalgh Kerr,,15/01/26,406.80
ENVH - Environmental Health,BAA - Housing Standards,Temp Staff 15.12.25   ,1,CRINV0015865,Oyster Partnership,,15/01/26,"1,352.83"
RESO - Resources,AAH - Facilities,Agency staff - w/e 19.12.25 ,1,CRINV0015920,Hays,,15/01/26,"2,670.26"
PLAN - Planning & Transportation,EAD - Planning,Temp Staff  22.12.25  ,1,CRINV0015939,Confido Consult Ltd,,15/01/26,"1,413.42"
RESO - Resources,AAH - Facilities,Agency staff - w/e 19.12.25 ,1,CRINV0015950,Hays,,15/01/26,"2,835.10"
ENVS - Environmental Services,CAE - Waste Services,Leaflet print and distribution,1,CRINV0015980,J P P Media Limited,,15/01/26,"5,616.00"
ENVS - Environmental Services,CAE - Waste Services,Leaflet print and distribution,2,CRINV0015980,J P P Media Limited,,15/01/26,"2,317.17"
RESO - Resources,AAF - Finance,Sweeper Rentals,1,CRINV0015992,Jcb Finance Ltd,,15/01/26,"83,737.80"
RESO - Resources,AAF - Finance,Sweeper Rentals,2,CRINV0015992,Jcb Finance Ltd,,15/01/26,"5,582.72"
RESO - Resources,AAB - Benefits & Customer Contact,Agency Costs  W/Ending 21/12/2025,1,CRINV0015996,Venn Group Limited,,15/01/26,"1,278.28"
RESO - Resources,AAB - Benefits & Customer Contact,Agency staff - w/e 28.12.25 ,1,CRINV0016078,Eden Brown Limited,,15/01/26,933.66
RESO - Resources,AAB - Benefits & Customer Contact,Agency staff - w/e 04.01.26 ,1,CRINV0016080,Eden Brown Limited,,15/01/26,327.60
ENVS - Environmental Services,CAF - CVMU,Parts,1,CRINV0016096,Lancashire DAF Ltd,,15/01/26,382.57
RESO - Resources,AAH - Facilities,Charges - 01.12.25 - 31.12.25,1,CRINV0016129,Total Energies - Acc Market Hall - 3009581036,,15/01/26,"4,166.23"
RESO - Resources,AAH - Facilities,Charges - 01.12.25 - 31.12.25,1,CRINV0016130,Total Energies - Acc Town Hall - 3009581025,,15/01/26,"2,405.87"
RESO - Resources,AAH - Facilities,Charges - 01.12.25 - 31.12.25,1,CRINV0016131,TotalEnergies - Civic Theatre - 3009581014,,15/01/26,759.48
RESO - Resources,AAH - Facilities,Period: 1.12.2 to 31.12.25,1,CRINV0016147,Total Energies - Vehicle Maintenance - 3009525651,,15/01/26,"2,241.56"
RESO - Resources,AAH - Facilities,Period: 1.12.25 to 31.12.25,1,CRINV0016149,Total Energies - Scaitcliffe - 3009525640,,15/01/26,"8,738.84"
ENVS - Environmental Services,CAF - CVMU,Temp staff w/e 11.1.26,1,CRINV0016153,Autotech Recruit,,15/01/26,783.00
ENVS - Environmental Services,CAF - CVMU,Period: 27.9.25 to 26.12.25,1,CRINV0016161,Water Plus - 4206400451 CVMU,,15/01/26,516.26
ENVS - Environmental Services,CAF - CVMU,Vehicle parts,1,CRINV0016168,Dennis Eagle Limited,,15/01/26,"2,697.30"
RESO - Resources,AAH - Facilities,period: 1.10.25 to 31.12.25,1,CRINV0016172,Total Energies - Ranger Street - 3009581180,,15/01/26,334.25
RESO - Resources,AAH - Facilities,Charges - 01.10.25 - 31.12.25,1,CRINV0016193,Total Energies - Memorial Pk Pavilion - 3009581190,,15/01/26,"1,052.93"
RESO - Resources,AAH - Facilities,Electricity Charges 01/10/25 - 31/12/25,1,CRINV0016196,Total Energies - Haworth Art Gallery - 3009581245,,15/01/26,"3,495.32"
RESO - Resources,AAH - Facilities,Electricity Charges 01/10/25 - 31/12/25,1,CRINV0016197,Total Energies - Haworth Stables - 3009581069,,15/01/26,"1,067.56"
RESO - Resources,AAH - Facilities,Electricity Charges 01/10/25 - 31/12/25,1,CRINV0016199,Total Energies - Great Harwood Cem - 3009581168,,15/01/26,488.96
RESO - Resources,AAH - Facilities,Electricity Charges 01/10/25 - 31/12/25,1,CRINV0016200,Total Energies - Brian Walmsley Pav - 3009581289,,15/01/26,"1,349.47"
RESO - Resources,AAH - Facilities,Charges - 01.10.25 - 31.12.25,1,CRINV0016202,Total Energies - King George Pavilion - 3009581135,,15/01/26,446.70
RESO - Resources,AAH - Facilities,Charges - 01.10.25 - 31.12.25,1,CRINV0016207,Total Energies - Wall of Remembrance - 3009581290,,15/01/26,350.56
RESO - Resources,AAH - Facilities,Charges - 01.10.25 - 31.12.25,1,CRINV0016208,Total Energies - Willows Lane - 3009581146,,15/01/26,"4,816.11"
RESO - Resources,AAH - Facilities,Electricity Charges 01/10/25 - 31/12/25,1,CRINV0016214,Total Energies - Mercer House - 3009581256,,15/01/26,495.99
RESO - Resources,AAH - Facilities,Charges - 01.10.25 - 31.12.25,1,CRINV0016222,Total Energies - Acc Cemetery Office - 3009581157,,15/01/26,"1,204.01"
RESO - Resources,AAH - Facilities,Charges - 01.10.25 - 31.12.25,1,CRINV0016223,Total Energies - Accrington Crem - 3009581113,,15/01/26,"2,136.42"
REGN - Regeneration & Housing,FAF - Strategic Housing,Proj Man & Reporting - Huncoat Garden Village,1,CRINV0016237,Avison Young (Uk) Ltd,,15/01/26,"10,729.20"
REGN - Regeneration & Housing,FAF - Strategic Housing,Professional costs associated with Huncoat Garden Village Project,1,CRINV0016239,Avison Young (Uk) Ltd,,15/01/26,"37,549.68"
REGN - Regeneration & Housing,FAF - Strategic Housing,Huncoat Garden Village Economic Case,1,CRINV0016242,Avison Young (Uk) Ltd,,15/01/26,"22,040.58"
RESO - Resources,AAB - Benefits & Customer Contact,Recharge of Electricity Costs - ATH - Nov 25,1,CRINV0016243,Hyndburn Leisure,,15/01/26,"1,628.68"
RESO - Resources,AAB - Benefits & Customer Contact,Recharge of gas costs - ATH - Nov 25,2,CRINV0016243,Hyndburn Leisure,,15/01/26,599.23
RESO - Resources,AAB - Benefits & Customer Contact,Recharge of water costs - ATH - Nov 25,3,CRINV0016243,Hyndburn Leisure,,15/01/26,56.24
ENVS - Environmental Services,CAF - CVMU,Vehicle Goods/Parts,1,CRINV0016257,Aebi Schmidt Uk Ltd,,15/01/26,411.56
ENVS - Environmental Services,CAF - CVMU,Vehicle Goods/Parts,1,CRINV0016258,Aebi Schmidt Uk Ltd,,15/01/26,"1,587.08"
REGN - Regeneration & Housing,FAF - Strategic Housing,Affordable Warmth Grant,1,CRINV0016265,Artisan Windows,,15/01/26,"5,250.00"
REGN - Regeneration & Housing,FAF - Strategic Housing,Affordable Warmth Grant,1,CRINV0016269,Harris Heating (Nw) Ltd,,15/01/26,"2,875.00"
REGN - Regeneration & Housing,FAF - Strategic Housing,Affordable Warmth Grant,1,CRINV0016270,Harris Heating (Nw) Ltd,,15/01/26,"2,485.00"
RESO - Resources,AAF - Finance,Charges: 1.11.25 to 30.11.25,1,CRINV0016281,G4S Cash Solutions (UK) Limited,,15/01/26,261.00
ENVS - Environmental Services,CAB - Other Environmental Services,"Hire of Jetvac unit (1/2 Day), clean 8 X Gullies, clean Wheel Wash and wash Bay Tank",1,CRPOI0015873,Monks Contractors Limited,,15/01/26,540.00
ENVS - Environmental Services,CAB - Other Environmental Services,Disposal of 7.6 tonnes Silt Waste,2,CRPOI0015873,Monks Contractors Limited,,15/01/26,729.60
REGN - Regeneration & Housing,FAG - Regeneration,Temp staff w/e 21.12.25,1,CRPOI0016013,Vivid Resourcing,,15/01/26,"1,800.00"
ENVS - Environmental Services,CAF - CVMU,"15,000 Lts of HVO ",1,CRPOI0016048,CRAGGS ENERGY LTD,,15/01/26,"25,554.28"
ENVS - Environmental Services,CAB - Other Environmental Services,Newark Street Landscaping works ,1,CRPOI0016077,John Wade Groundworks Ltd,,15/01/26,"44,527.14"
ENVS - Environmental Services,CAF - CVMU,OBD`s plus installation for 2 x vehicles,1,CRPOI0016174,Triscan Systems Limited,,15/01/26,674.82
ENVS - Environmental Services,CAF - CVMU,OBD`s plus installation for 2 x vehicles,2,CRPOI0016174,Triscan Systems Limited,,15/01/26,674.82
LEGL - Legal & Democratic,DAK - Community Safety,LANPAC Membership for 2025 - 2026,1,CRPOI0016274,Lanpac Ltd,,15/01/26,300.00
RESO - Resources,AAB - Benefits & Customer Contact,professional charges,1,CRINV0015876,Greenhalgh Kerr,,20/01/26,"8,780.60"
LEGL - Legal & Democratic,DAB - Human Resources,Design work,1,CRINV0015923,Brands Inside Out Limited,,20/01/26,600.00
RESO - Resources,AAD - ICT,EE Futures Bill 26.11.25-25.12.25,1,CRINV0015970,EE Futures,,20/01/26,"1,499.68"
ENVS - Environmental Services,CAE - Waste Services,Agency staff - w/e 28.12.25,1,CRINV0016050,Rapid Recruitment Ltd,,20/01/26,"1,317.84"
ENVS - Environmental Services,CAE - Waste Services,Agency staff - w/e 28.12.25 ,1,CRINV0016064,Rapid Recruitment Ltd,,20/01/26,"1,309.06"
PLAN - Planning & Transportation,EAC - Green Infrastructure,Plants,1,CRINV0016136,Cheviot Trees Ltd,,20/01/26,726.24
ENVS - Environmental Services,CAF - CVMU,Parts,1,CRINV0016158,Rob Mercer,,20/01/26,79.07
ENVS - Environmental Services,CAF - CVMU,Service Turn mower,2,CRINV0016158,Rob Mercer,,20/01/26,235.93
REGN - Regeneration & Housing,FAD - Housing Advice,Accommodation ,1,CRINV0016251,Molesworth Hotel,,20/01/26,"6,318.00"
REGN - Regeneration & Housing,FAF - Strategic Housing,Affordable Warmth Grant,1,CRINV0016302,Harris Heating (Nw) Ltd,,20/01/26,"2,685.00"
REGN - Regeneration & Housing,FAD - Housing Advice,Accommodation ,1,CRINV0016306,Rosehill Hotel,,20/01/26,"5,880.00"
REGN - Regeneration & Housing,FAD - Housing Advice,Accommodation,1,CRINV0016312,Rosehill Hotel,,20/01/26,"2,016.00"
REGN - Regeneration & Housing,FAD - Housing Advice,Accommodation,1,CRINV0016314,Rosehill Hotel,,20/01/26,"3,192.00"
REGN - Regeneration & Housing,FAD - Housing Advice,Accommodation ,1,CRINV0016329,Hill View (Private) Hotel,,20/01/26,340.00
REGN - Regeneration & Housing,FAD - Housing Advice,Accommiodation,1,CRINV0016331,Rosehill Hotel,,20/01/26,336.00
REGN - Regeneration & Housing,FAD - Housing Advice,Accommodation,1,CRINV0016342,Rosehill Hotel,,20/01/26,"5,712.00"
REGN - Regeneration & Housing,FAD - Housing Advice,Acommodation,1,CRINV0016356,Hill View (Private) Hotel,,20/01/26,980.00
ENVS - Environmental Services,CAA - Environmental Maintenance,Legal services,1,CRINV0016374,Womble Bond Dickinson (Uk) LLP,,20/01/26,"1,122.00"
ENVS - Environmental Services,CAE - Waste Services,150 X 140L Silver Grey Bins body and lid ,1,CRPOI0016030,Contenur Uk Limited,,20/01/26,"6,940.80"
REGN - Regeneration & Housing,FAA - Economic Development,Support with Creative Event organise keynote,1,CRPOI0016088,Scott Dawson Advertising Ltd,,20/01/26,"3,000.00"
RESO - Resources,AAH - Facilities,Agency staff - w/e 26.12.25 ,1,CRINV0015952,Hays,,22/01/26,"1,512.41"
RESO - Resources,AAH - Facilities,Agency staff - w/e 26.12.25 ,1,CRINV0015954,Hays,,22/01/26,"1,150.80"
RESO - Resources,AAB - Benefits & Customer Contact,Vat on fees,1,CRINV0015975,Marston (Holdings) Ltd,,22/01/26,"2,150.87"
PLAN - Planning & Transportation,EAB - Engineers & Transportation,Bus shelter cleaning,1,CRINV0015978,Atkinson Cleaning Services Limited,,22/01/26,"1,574.40"
RESO - Resources,AAB - Benefits & Customer Contact,Agency Costs W/Ending 28/12/2025,1,CRINV0015997,Venn Group Limited,,22/01/26,656.41
ENVS - Environmental Services,CAF - CVMU,Vehicle Parts,1,CRINV0016169,Dennis Eagle Limited,,22/01/26,"1,423.96"
RESO - Resources,AAF - Finance,RVBC Tariff due January 26,1,CRINV0016325,(DD ONLY) Ribble Valley Borough Council,,22/01/26,"407,534.00"
RESO - Resources,AAF - Finance,BRR & RSG January 26,1,CRINV0016332,"(DD) Department of Levelling Up, Housing & Comm...",,22/01/26,"165,546.00-"
RESO - Resources,AAF - Finance,BRR & RSG Central Share January 26,2,CRINV0016332,"(DD) Department of Levelling Up, Housing & Comm...",,22/01/26,"1,000,107.00"
RESO - Resources,AAF - Finance,BRR & RSG TR Payments January 26,3,CRINV0016332,"(DD) Department of Levelling Up, Housing & Comm...",,22/01/26,"8,047.00-"
RESO - Resources,AAF - Finance,BRR & RSG Surplus for 24-25 January 26,4,CRINV0016332,"(DD) Department of Levelling Up, Housing & Comm...",,22/01/26,"58,995.00"
RESO - Resources,AAF - Finance,Final Deficit for 23-24 January 26,5,CRINV0016332,"(DD) Department of Levelling Up, Housing & Comm...",,22/01/26,"2,017.00-"
RESO - Resources,AAD - ICT,Period: 1.1.26 to 31.1.26,1,CRINV0016340,Aspire Technology Solutions Limited,,22/01/26,998.83
RESO - Resources,AAD - ICT,Charges: 17.9.25 to 23.12.25,1,CRINV0016345,Aurora Managed Services Ltd,,22/01/26,480.64
RESO - Resources,AAD - ICT,Period: 18.1.26 to 17.2.26,1,CRINV0016358,TalkTalk Business Direct,,22/01/26,282.19
RESO - Resources,AAF - Finance,Dec 25,1,CRINV0016363,Lloyds Bank Cardnet,,22/01/26,"2,787.57"
RESO - Resources,AAF - Finance,Cleaning Scaitcliffe,1,CRINV0016373,ServiceMaster Clean Contract Services AAA,,22/01/26,"1,404.29"
RESO - Resources,AAH - Facilities,Gas various sites 01.12.25 ? 31.12.25,1,CRINV0016381,SEFE Energy -100041428 - Consolidated,,22/01/26,14.77
RESO - Resources,AAH - Facilities,Gas various sites 01.12.25 ? 31.12.25,2,CRINV0016381,SEFE Energy -100041428 - Consolidated,,22/01/26,16.38
RESO - Resources,AAH - Facilities,Gas various sites 01.12.25 ? 31.12.25,3,CRINV0016381,SEFE Energy -100041428 - Consolidated,,22/01/26,"1,274.75"
RESO - Resources,AAH - Facilities,Gas various sites 01.12.25 ? 31.12.25,4,CRINV0016381,SEFE Energy -100041428 - Consolidated,,22/01/26,"1,801.19"
RESO - Resources,AAH - Facilities,Gas various sites 01.12.25 ? 31.12.25,5,CRINV0016381,SEFE Energy -100041428 - Consolidated,,22/01/26,"1,262.49"
RESO - Resources,AAH - Facilities,Gas various sites 01.12.25 ? 31.12.25,6,CRINV0016381,SEFE Energy -100041428 - Consolidated,,22/01/26,"6,708.10"
RESO - Resources,AAH - Facilities,Gas various sites 01.12.25 ? 31.12.25,7,CRINV0016381,SEFE Energy -100041428 - Consolidated,,22/01/26,123.60
RESO - Resources,AAH - Facilities,Gas various sites 01.12.25 ? 31.12.25,8,CRINV0016381,SEFE Energy -100041428 - Consolidated,,22/01/26,"3,020.90"
RESO - Resources,AAH - Facilities,Gas various sites 01.12.25 ? 31.12.25,9,CRINV0016381,SEFE Energy -100041428 - Consolidated,,22/01/26,146.61
RESO - Resources,AAH - Facilities,Gas various sites 01.12.25 ? 31.12.25,10,CRINV0016381,SEFE Energy -100041428 - Consolidated,,22/01/26,637.42
RESO - Resources,AAH - Facilities,Gas various sites 01.12.25 ? 31.12.25,11,CRINV0016381,SEFE Energy -100041428 - Consolidated,,22/01/26,"3,149.65"
RESO - Resources,AAH - Facilities,Gas various sites 01.12.25 ? 31.12.25,12,CRINV0016381,SEFE Energy -100041428 - Consolidated,,22/01/26,"1,147.82"
RESO - Resources,AAH - Facilities,Gas various sites 01.12.25 ? 31.12.25,13,CRINV0016381,SEFE Energy -100041428 - Consolidated,,22/01/26,539.89
RESO - Resources,AAH - Facilities,Dementia Grant - Oct-Dec 25,1,CRINV0016385,Hyndburn Homewise Society Limited,,22/01/26,"1,983.58"
RESO - Resources,AAH - Facilities,Dementia Grant - Oct-Dec 25,2,CRINV0016385,Hyndburn Homewise Society Limited,,22/01/26,297.55
LEGL - Legal & Democratic,DAB - Human Resources,December 25,1,CRINV0016388,Lancashire County Council (Direct Debit Payments),,22/01/26,"35,910.48"
RESO - Resources,AAF - Finance,HMRC Dec 25 Tax,1,CRINV0016403,HM Revenue & Customs (Direct Debit),,22/01/26,"106,527.72"
RESO - Resources,AAF - Finance,HMRC Dec 25 Student Loans,2,CRINV0016403,HM Revenue & Customs (Direct Debit),,22/01/26,"2,974.00"
RESO - Resources,AAF - Finance,HMRC Apprenticeship Levy Dec 25,3,CRINV0016403,HM Revenue & Customs (Direct Debit),,22/01/26,"2,920.00"
RESO - Resources,AAF - Finance,HMRC NI Dec25,4,CRINV0016403,HM Revenue & Customs (Direct Debit),,22/01/26,"143,006.85"
RESO - Resources,AAF - Finance,Paternity Pay Dec 25,5,CRINV0016403,HM Revenue & Customs (Direct Debit),,22/01/26,0.00
RESO - Resources,AAF - Finance,Maternity Pay Dec 25,6,CRINV0016403,HM Revenue & Customs (Direct Debit),,22/01/26,344.42-
RESO - Resources,AAF - Finance,Shared Parental Pay Dec 25,7,CRINV0016403,HM Revenue & Customs (Direct Debit),,22/01/26,0.00
PLAN - Planning & Transportation,EAA - Building Control,Agency Costs  W/E 09/01/2026,1,CRINV0016404,Deekay Tech Recruitment Ltd,,22/01/26,987.36
ENVS - Environmental Services,CAF - CVMU,Agency staff - w/e 18.01.26,1,CRINV0016416,Autotech Recruit,,22/01/26,"1,287.60"
LEGL - Legal & Democratic,DAG - Elections,Individual Elec Reg 2025 Fees for responses - 01.06.25-31.12.25,1,CRINV0016419,Civica Election Services,,22/01/26,"5,089.87"
ENVS - Environmental Services,CAA - Environmental Maintenance,"Accrington Town Square - design, construction and completion of the Phase 2 ",1,CRPOI0016135,Krol Corlett Construction Limited,,22/01/26,"177,706.32"
ENVS - Environmental Services,CAA - Environmental Maintenance,"Accrington Town Square - design, construction and completion of the Phase 2 ",2,CRPOI0016135,Krol Corlett Construction Limited,,22/01/26,"89,550.02"
RESO - Resources,AAH - Facilities,"CCTV Cameras - Stables building additional cameras
3 x additional internal cameras omitted from original walk-around/quote
3 x additional back boxes
1 x set up and test",1,CRPOI0016244,Full Circuit Fire & Security Ltd,,22/01/26,600.18
PLAN - Planning & Transportation,EAC - Green Infrastructure,Ash dieback safety felling Hollins Wood,1,CRPOI0016245,Woody (Hyndburn) C I C,,22/01/26,700.00
LEGL - Legal & Democratic,DAA - Democratic Services,Conference Facilities to be installed in the QER,1,CRPOI0016338,Public-i,,22/01/26,"37,020.47"
LEGL - Legal & Democratic,DAA - Democratic Services,Conference Facilities to be installed in the QER,2,CRPOI0016338,Public-i,,22/01/26,"4,568.40"
ENVS - Environmental Services,CAC - Parks & Cemeteries,Funerals,1,CRINV0015864,Obitus (Vivedia Ltd),,27/01/26,"2,916.00"
REGN - Regeneration & Housing,FAD - Housing Advice,Agency Costs Period Ending 28.12.25,1,CRINV0015880,Vivid Resourcing,,27/01/26,684.00
ENVS - Environmental Services,CAC - Parks & Cemeteries,Monthly Charges - Acc Cemetery,1,CRINV0015922,Minster Cleaning Services,,27/01/26,"1,686.41"
LEGL - Legal & Democratic,DAB - Human Resources,Professional fees,1,CRINV0015935,Buttress Architects Limited,,27/01/26,"11,641.20"
RESO - Resources,AAB - Benefits & Customer Contact,Debt collection,1,CRINV0015977,Marston (Holdings) Ltd,,27/01/26,851.62
LEGL - Legal & Democratic,DAB - Human Resources,Workshop,1,CRINV0015981,I.C.C.M.,,27/01/26,"1,140.00"
RESO - Resources,AAB - Benefits & Customer Contact,Cleaning Costs - Broadway - 01.12.25 - 31.12.25,1,CRINV0016007,Hyndburn Leisure,,27/01/26,"2,074.44"
ENVS - Environmental Services,CAB - Other Environmental Services,Vehicle Hire - 19.12.25,1,CRINV0016044,Stanley Brothers (Tippers) Ltd,,27/01/26,744.00
ENVS - Environmental Services,CAB - Other Environmental Services,Cleaning - Willow Lane - Jan 26,1,CRINV0016046,ServiceMaster Clean Contract Services AAA,,27/01/26,"1,391.64"
ENVS - Environmental Services,CAC - Parks & Cemeteries,Cleaning - Rhyddings Park - Jan 26,1,CRINV0016055,ServiceMaster Clean Contract Services AAA,,27/01/26,722.53
ENVS - Environmental Services,CAC - Parks & Cemeteries,Cleaning - Peel Park Bowl - Jan 26,1,CRINV0016058,ServiceMaster Clean Contract Services AAA,,27/01/26,264.23
ENVS - Environmental Services,CAC - Parks & Cemeteries,Monthly Cleaning - Mercer Park - Jan 26,1,CRINV0016059,ServiceMaster Clean Contract Services AAA,,27/01/26,264.23
ENVS - Environmental Services,CAC - Parks & Cemeteries,Monthly Cleaning - Whiteash - Jan 26,1,CRINV0016062,ServiceMaster Clean Contract Services AAA,,27/01/26,294.18
RESO - Resources,AAE - Residual Leisure,Cont towards Hol Swims - Oct/Nov/Dec 25,1,CRINV0016076,Hyndburn Leisure,,27/01/26,536.40
RESO - Resources,AAB - Benefits & Customer Contact,Recharge of Elec Costs - ATH Broadway - Dec25,1,CRINV0016085,Hyndburn Leisure,,27/01/26,"1,498.84"
RESO - Resources,AAB - Benefits & Customer Contact,Recharge of Gas Costs - ATH - Dec 25,2,CRINV0016085,Hyndburn Leisure,,27/01/26,660.90
RESO - Resources,AAB - Benefits & Customer Contact,Recharge of Water costs - ATH - Dec 25,3,CRINV0016085,Hyndburn Leisure,,27/01/26,51.49
ENVS - Environmental Services,CAF - CVMU,Parts,1,CRINV0016107,A&P Truck And Trailer Parts,,27/01/26,916.01
ENVS - Environmental Services,CAF - CVMU,Cleaning - CVMU - Jan 26,1,CRINV0016112,ServiceMaster Clean Contract Services AAA,,27/01/26,"1,070.47"
ENVS - Environmental Services,CAC - Parks & Cemeteries,Inscriptions and software support,1,CRINV0016150,Calligraphy Uk Ltd,,27/01/26,726.53
ENVS - Environmental Services,CAF - CVMU,Tyres and Tyre repairs,1,CRINV0016159,Rossendale Vulcanising (Sales Ltd),,27/01/26,"3,606.00"
ENVS - Environmental Services,CAE - Waste Services,Agency staff - w/e 04.01.26 -,1,CRINV0016183,Rapid Recruitment Ltd,,27/01/26,"2,655.31"
ENVS - Environmental Services,CAB - Other Environmental Services,Vehicle Hire 24.11.25,1,CRINV0016184,Stanley Brothers (Tippers) Ltd,,27/01/26,"1,020.00"
ENVS - Environmental Services,CAB - Other Environmental Services,HBC Stray Dog Contract,1,CRINV0016233,Aspen Valley Boarding Kennels & Cattery,,27/01/26,"2,153.80"
RESO - Resources,AAH - Facilities,"Alarm Responses 1st, 6th and 28th of December",1,CRINV0016253,Keyplus Security Ltd,,27/01/26,265.20
LEGL - Legal & Democratic,DAB - Human Resources,HBC - Acc Market Chambers - Project Management Support - Dec 25,1,CRINV0016263,Fellstone Heritage & Community Projects,,27/01/26,"1,976.24"
ENVS - Environmental Services,CAE - Waste Services,Landfill Visits 02/12/2025 - 31/12/2025,1,CRINV0016408,Suez Recycling And Recovery Uk Ltd,,27/01/26,"2,749.14"
ENVS - Environmental Services,CAE - Waste Services,Landfill Visits 02/12/2025 - 31/12/2025,2,CRINV0016408,Suez Recycling And Recovery Uk Ltd,,27/01/26,"12,643.28"
ENVH - Environmental Health,BAA - Housing Standards,Removal of waste from year yard at property,1,CRINV0016453,John Hogg Cleaning,,27/01/26,348.00
ENVS - Environmental Services,CAF - CVMU,Parts,1,CRINV0016455,Rob Mercer,,27/01/26,69.99
ENVS - Environmental Services,CAF - CVMU,Labour,2,CRINV0016455,Rob Mercer,,27/01/26,280.01
RESO - Resources,AAB - Benefits & Customer Contact,Temp staff w/e 11.1.26,1,CRINV0016470,Eden Brown Limited,,27/01/26,"1,212.12"
REGN - Regeneration & Housing,FAD - Housing Advice,Rent Deposit,1,CRINV0016484,Onward Homes,,27/01/26,841.57
PLAN - Planning & Transportation,EAA - Building Control,Agency staff - w/e 16.01.26 ,1,CRINV0016490,Deekay Tech Recruitment Ltd,,27/01/26,"1,063.12"
REGN - Regeneration & Housing,FAF - Strategic Housing,HARV Duty Officer,1,CRINV0016494,Harv Domestic Abuse Team,,27/01/26,"33,631.00"
RESO - Resources,AAH - Facilities,Charges - 01.12.25 - 31.12.25,1,CRINV0016525,NPOWER - A0010655700 -Accrington Market Hall,,27/01/26,"3,908.59"
RESO - Resources,AAH - Facilities,Period: 1.10.25 to 31.12.25,1,CRINV0016528,SEFE Energy -100041428 - Consolidated,,27/01/26,377.39
RESO - Resources,AAH - Facilities,Period: 1.10.25 to 31.12.25,1,CRINV0016529,SEFE Energy -100041428 - Consolidated,,27/01/26,377.39
REGN - Regeneration & Housing,FAD - Housing Advice,Rent Deposit ,1,CRINV0016546,Onward Homes,,27/01/26,"1,239.30"
RESO - Resources,AAH - Facilities,Affordable Warmth Grant,1,CRINV0016551,Artisan Windows,,27/01/26,"2,175.00"
REGN - Regeneration & Housing,FAC - Haworth Art Gallery,Purchase of Digital Strategy and Action Plan for Accrington Market Chambers,1,CRPOI0015904,The Audience Agency,,27/01/26,"3,900.00"
LEGL - Legal & Democratic,DAB - Human Resources,Job Advert,1,CRPOI0015921,Haymarket Media Group Ltd,,27/01/26,"1,525.20"
RESO - Resources,AAH - Facilities,PPM - Domestic water system compliance April 2025 - March 2026,1,CRPOI0015955,HSL Compliance,,27/01/26,"1,143.06"
ENVH - Environmental Health,BAB - Environmental Protection,"To:  Monitoring Services for 2 x CCTV towers 1.12.25-31.3.26

Solar 3 (ID:12789) - monthly cost of £1,271.00 + VAT
Solar 4+ (ID:25116)  - monthly cost of £1,271.00 + VAT
Total monthly charg",1,CRPOI0015999,BauWatch UK,,27/01/26,"1,525.20"
ENVH - Environmental Health,BAB - Environmental Protection,"To:  Monitoring Services for 2 x CCTV towers at the agreed site 1.112.25-31.3.26
Solar 3 (ID:12789) - monthly cost of £1,271.00 + VAT
Solar 4+ (ID:25116)  - monthly cost of £1,271.00 + VAT
Total monthly charg",1,CRPOI0016001,BauWatch UK,,27/01/26,"1,525.20"
PLAN - Planning & Transportation,EAD - Planning,Press Notices,1,CRPOI0016002,People Scout Limited,,27/01/26,422.21
ENVS - Environmental Services,CAE - Waste Services,Calendars A4 (food waste).  and new caddies. 4000 X 10 supplied folded A5.,1,CRPOI0016053,Ellison Printing Co.,,27/01/26,"3,153.60"
ENVS - Environmental Services,CAE - Waste Services,20 X Driver Books ,1,CRPOI0016092,Ellison Printing Co.,,27/01/26,338.40
ENVS - Environmental Services,CAE - Waste Services,2 Boxes XUltrafit Low Attenuation Ear Plugs ,1,CRPOI0016093,"Bubbles, Brushes & Wiper Co Ltd",,27/01/26,167.95
ENVS - Environmental Services,CAE - Waste Services,1  Warrior Memphis Hi Vis Bomber Jacket Orange Size L ,2,CRPOI0016093,"Bubbles, Brushes & Wiper Co Ltd",,27/01/26,28.43
ENVS - Environmental Services,CAE - Waste Services,25 X X5 Sumo X5 Gloves Size 8 ,3,CRPOI0016093,"Bubbles, Brushes & Wiper Co Ltd",,27/01/26,143.40
ENVS - Environmental Services,CAE - Waste Services,100 X X5 Sumo X5 Gloves Size 9 ,4,CRPOI0016093,"Bubbles, Brushes & Wiper Co Ltd",,27/01/26,573.60
ENVS - Environmental Services,CAE - Waste Services,50 X X5 Sumo X5 Gloves Size 10 ,5,CRPOI0016093,"Bubbles, Brushes & Wiper Co Ltd",,27/01/26,286.80
ENVS - Environmental Services,CAE - Waste Services,6 X Sioen Monoray Hi Vis Waterproof Trousers Size M ,6,CRPOI0016093,"Bubbles, Brushes & Wiper Co Ltd",,27/01/26,164.73
ENVS - Environmental Services,CAE - Waste Services,6 X Sioen Monoray Hi Vis Waterproof Trousers Size L ,7,CRPOI0016093,"Bubbles, Brushes & Wiper Co Ltd",,27/01/26,164.73
ENVS - Environmental Services,CAE - Waste Services,6 X Sioen Monoray Hi Vis Waterproof Jacket Size L ,8,CRPOI0016093,"Bubbles, Brushes & Wiper Co Ltd",,27/01/26,263.95
ENVS - Environmental Services,CAE - Waste Services,2 X Supertouch Sweatshirt Orange/Navy Size M ,9,CRPOI0016093,"Bubbles, Brushes & Wiper Co Ltd",,27/01/26,31.18
ENVS - Environmental Services,CAE - Waste Services,10 X Disposable Delight PF Vinyl Gloves (latex free) Size XL ,10,CRPOI0016093,"Bubbles, Brushes & Wiper Co Ltd",,27/01/26,34.20
ENVS - Environmental Services,CAE - Waste Services,6 XPortwest Hi Vis Ballistic Trousers Orange/Navy Size M ,11,CRPOI0016093,"Bubbles, Brushes & Wiper Co Ltd",,27/01/26,229.46
ENVS - Environmental Services,CAE - Waste Services,1 X  Executive Safety Shoes Size 9 ,12,CRPOI0016093,"Bubbles, Brushes & Wiper Co Ltd",,27/01/26,59.98
ENVS - Environmental Services,CAE - Waste Services,1 X  Himalayan Safety Boot Size 10 ,13,CRPOI0016093,"Bubbles, Brushes & Wiper Co Ltd",,27/01/26,52.57
ENVS - Environmental Services,CAE - Waste Services,2 X Himalayan Safety Boot Size 4 ,14,CRPOI0016093,"Bubbles, Brushes & Wiper Co Ltd",,27/01/26,52.57
ENVS - Environmental Services,CAE - Waste Services,3 X  Himalayan Safety Boot Size 8 ,15,CRPOI0016093,"Bubbles, Brushes & Wiper Co Ltd",,27/01/26,157.72
ENVS - Environmental Services,CAE - Waste Services,3 X Himalayan Safety Boot Size 9 ,16,CRPOI0016093,"Bubbles, Brushes & Wiper Co Ltd",,27/01/26,157.72
ENVS - Environmental Services,CAE - Waste Services,3 X  Himalayan Safety Boot Size 10 ,17,CRPOI0016093,"Bubbles, Brushes & Wiper Co Ltd",,27/01/26,157.72
ENVS - Environmental Services,CAC - Parks & Cemeteries,20 X Vehicle / Equipment Record Books ,1,CRPOI0016094,Ellison Printing Co.,,27/01/26,343.20
ENVS - Environmental Services,CAE - Waste Services,4 X Online Connectivity for 12 months (trackers and cameras) ,1,CRPOI0016142,Contel Ltd,,27/01/26,"1,224.00"
RESO - Resources,AAD - ICT,1 X SketchUp Pro Annul Subscription ,1,CRPOI0016448,CAD Software Direct,,27/01/26,406.80
PLAN - Planning & Transportation,EAC - Green Infrastructure,Bullough Park Landfill and Windfall PhaseLandscape architect fees,1,CRPOI0016538,Proffitts Investing In Communities,,27/01/26,960.03
ENVS - Environmental Services,CAC - Parks & Cemeteries,Cremation forms,1,CRINV0015925,Peel House Medical Practice,,29/01/26,"4,716.00"
REGN - Regeneration & Housing,FAD - Housing Advice,Agency Costs  Period Ending: 04-Jan-2026,1,CRINV0015940,Vivid Resourcing,,29/01/26,"4,628.40"
REGN - Regeneration & Housing,FAD - Housing Advice,Agency Costs  Period Ending: 04-Jan-2026,1,CRINV0015960,Vivid Resourcing,,29/01/26,"4,628.40"
REGN - Regeneration & Housing,FAD - Housing Advice,Temp Staff 04.01.26 ,1,CRINV0015985,Vivid Resourcing,,29/01/26,343.03
PLAN - Planning & Transportation,EAD - Planning,Temp Staff 04.01.26 ,1,CRINV0015986,Vivid Resourcing,,29/01/26,"1,134.00"
RESO - Resources,AAH - Facilities,Agency staff - w/e 02.01.26 ,1,CRINV0016018,Hays,,29/01/26,649.20
RESO - Resources,AAH - Facilities,Agency staff - w/e 02.01.26 ,1,CRINV0016022,Hays,,29/01/26,541.10
ENVS - Environmental Services,CAB - Other Environmental Services,Vehicle Hire - 5.1.25,1,CRINV0016185,Stanley Brothers (Tippers) Ltd,,29/01/26,744.00
REGN - Regeneration & Housing,FAD - Housing Advice,Rent deposit,1,CRINV0016396,Discover Property Management/Duckworth E.A.,,29/01/26,"1,038.00"
RESO - Resources,AAH - Facilities,Charges - 01.10.25 - 31.12.25,1,CRINV0016441,Total Energies - Oakhill Service Bldg - 3009581267,,29/01/26,590.24
RESO - Resources,AAB - Benefits & Customer Contact,Professional Charges,1,CRINV0016519,Stephensons Solicitors LLP,,29/01/26,"2,100.00"
LEGL - Legal & Democratic,DAB - Human Resources,CAY Recharge Dec 25,1,CRINV0016541,Lancashire County Council (Direct Debit Payments),,29/01/26,"42,847.98"
LEGL - Legal & Democratic,DAB - Human Resources,Year 3 Accreditation Fee,1,CRPOI0016008,White Ribbon Uk,,29/01/26,396.00
ENVS - Environmental Services,CAE - Waste Services,30 X SCHMIDT-Poly Brushes ,1,CRPOI0016031,Probrush,,29/01/26,"1,400.92"
RESO - Resources,AAF - Finance,Temp Staff W/e 14.12.25,1,CRPOI0016552,G2 Recruitment Solutions,,29/01/26,"8,190.00"
RESO - Resources,AAF - Finance,Temp Staff W/e 21.12.25,1,CRPOI0016553,G2 Recruitment Solutions,,29/01/26,"5,850.00"
RESO - Resources,AAF - Finance,Temp Staff W/e 28.12.25,1,CRPOI0016554,G2 Recruitment Solutions,,29/01/26,"2,340.00"
RESO - Resources,AAF - Finance,Temp Staff W/e 4.1.26,1,CRPOI0016555,G2 Recruitment Solutions,,29/01/26,"2,340.00"
