ENVH - Environmental Health,,BAA - Housing Standards,,Agency Costs 28/07/25 - 03/08/25,,,1,,CRINV0012676,,Oyster Partnership,,,02/09/2025,,"1,450.18"
ENVH - Environmental Health,,BAA - Housing Standards,,Agency Costs 21/07/25 - 27/07/25,,,1,,CRINV0012678,,Oyster Partnership,,,02/09/2025,,715.73
ENVH - Environmental Health,,BAA - Housing Standards,,Agency Costs 28/07/25 - 03/08/25,,,1,,CRINV0012680,,Oyster Partnership,,,02/09/2025,,"1,185.60"
ENVS - Environmental Services,,CAD - Town Centre & Markets,,Final instalment towards Eco Fest 2025,,,1,,CRINV0012713,,The Prospects Foundation,,,02/09/2025,,"3,500.00"
ENVH - Environmental Health,,BAA - Housing Standards,,Mallard Support Service Network and Membership,,,1,,CRINV0012714,,Mallard Consultancy Ltd,,,02/09/2025,,599.4
ENVH - Environmental Health,,BAA - Housing Standards,,Mallard Support Service Network and Membership,,,2,,CRINV0012714,,Mallard Consultancy Ltd,,,02/09/2025,,599.4
ENVS - Environmental Services,,CAE - Waste Services,,Trakm8 Service Charges Month August 2025,,,1,,CRINV0012718,,Trakm8 Holdings Plc,,,02/09/2025,,133.43
ENVS - Environmental Services,,CAE - Waste Services,,Trakm8 Service Charges Month August 2025,,,2,,CRINV0012718,,Trakm8 Holdings Plc,,,02/09/2025,,40.03
ENVS - Environmental Services,,CAE - Waste Services,,Trakm8 Service Charges Month August 2025,,,3,,CRINV0012718,,Trakm8 Holdings Plc,,,02/09/2025,,40.03
ENVS - Environmental Services,,CAE - Waste Services,,Trakm8 Service Charges Month August 2025,,,4,,CRINV0012718,,Trakm8 Holdings Plc,,,02/09/2025,,13.33
ENVS - Environmental Services,,CAE - Waste Services,,Trakm8 Service Charges Month August 2025,,,5,,CRINV0012718,,Trakm8 Holdings Plc,,,02/09/2025,,26.69
ENVS - Environmental Services,,CAE - Waste Services,,Trakm8 Service Charges Month August 2025,,,6,,CRINV0012718,,Trakm8 Holdings Plc,,,02/09/2025,,13.33
ENVS - Environmental Services,,CAE - Waste Services,,Trakm8 Service Charges Month August 2025,,,7,,CRINV0012718,,Trakm8 Holdings Plc,,,02/09/2025,,13.33
ENVS - Environmental Services,,CAE - Waste Services,,Trakm8 Service Charges Month August 2025,,,8,,CRINV0012718,,Trakm8 Holdings Plc,,,02/09/2025,,13.33
ENVS - Environmental Services,,CAE - Waste Services,,Trakm8 Service Charges Month August 2025,,,9,,CRINV0012718,,Trakm8 Holdings Plc,,,02/09/2025,,13.33
ENVS - Environmental Services,,CAE - Waste Services,,Trakm8 Service Charges Month August 2025,,,10,,CRINV0012718,,Trakm8 Holdings Plc,,,02/09/2025,,13.33
ENVS - Environmental Services,,CAF - CVMU,,Parts,,,1,,CRINV0012790,,Dennis Eagle Limited,,,02/09/2025,,294.07
ENVS - Environmental Services,,CAC - Parks & Cemeteries,,Agency Staff - w/c 28.07.25,,,1,,CRINV0012810,,Proman Supply Chain Ltd,,,02/09/2025,,"1,569.59"
ENVS - Environmental Services,,CAC - Parks & Cemeteries,,Weekly Clean to Changing Rooms - Whiteash - August 25,,,1,,CRINV0012821,,ServiceMaster Clean Contract Services AAA,,,02/09/2025,,294.18
RESO - Resources,,AAB - Benefits & Customer Contact,,Agency staff - w/e 03.08.25,,,1,,CRINV0012874,,Venn Group Limited,,,02/09/2025,,"1,278.28"
ENVS - Environmental Services,,CAB - Other Environmental Services,,Contribution lancs emergency radio 25/26,,,1,,CRINV0012907,,Lancashire Police Authority,,,02/09/2025,,300
ENVS - Environmental Services,,CAC - Parks & Cemeteries,,Temp staff W/e 10.8.25,,,1,,CRINV0012909,,Rapid Recruitment Ltd,,,02/09/2025,,804.02
ENVS - Environmental Services,,CAE - Waste Services,,Temp staff w/e 10.8.25,,,1,,CRINV0012911,,Rapid Recruitment Ltd,,,02/09/2025,,"1,501.61"
ENVS - Environmental Services,,CAE - Waste Services,,Temp staff w/e 10.8.25,,,1,,CRINV0012912,,Rapid Recruitment Ltd,,,02/09/2025,,711.25
ENVS - Environmental Services,,CAE - Waste Services,,Temp staff w/e 10.8.25,,,2,,CRINV0012912,,Rapid Recruitment Ltd,,,02/09/2025,,"1,571.76"
RESO - Resources,,AAG - Management Resources,,Rental Period 09/07/2025 - 08/08/2025,,,1,,CRINV0012976,,Lex Autolease Ltd,,,02/09/2025,,556.74
RESO - Resources,,AAG - Management Resources,,Rental Period 09/07/2025 - 08/08/2025,,,2,,CRINV0012976,,Lex Autolease Ltd,,,02/09/2025,,556.74
RESO - Resources,,AAG - Management Resources,,Rental Period 09/07/2025 - 08/08/2025,,,3,,CRINV0012976,,Lex Autolease Ltd,,,02/09/2025,,46.54
LEGL - Legal & Democratic,,DAB - Human Resources,,Accrington Tiffany Murals,,,1,,CRINV0013039,,Paul Curtis Artwork,,,02/09/2025,,"1,797.32"
ENVS - Environmental Services,,CAD - Town Centre & Markets,,Charges - 26.07.25 - 25.08.25,,,1,,CRINV0013066,,Water Plus - 4083296151 Market Hall,,,02/09/2025,,942.99
ENVS - Environmental Services,,CAF - CVMU,,Parks Parts,,,1,,CRINV0013085,,Rob Mercer,,,02/09/2025,,211.68
ENVS - Environmental Services,,CAF - CVMU,,CVMU Labour,,,2,,CRINV0013085,,Rob Mercer,,,02/09/2025,,75
ENVS - Environmental Services,,CAF - CVMU,,Cem Parts,,,1,,CRINV0013087,,Rob Mercer,,,02/09/2025,,21
ENVS - Environmental Services,,CAF - CVMU,,Labour,,,2,,CRINV0013087,,Rob Mercer,,,02/09/2025,,300
PLAN - Planning & Transportation,,EAA - Building Control,,Agency staff - w/e 22.08.25,,,1,,CRINV0013094,,Deekay Tech Recruitment Ltd,,,02/09/2025,,"1,507.75"
ENVS - Environmental Services,,CAC - Parks & Cemeteries,,Agency staff - w/c 07.07.25,,,1,,CRINV0013099,,Proman Supply Chain Ltd,,,02/09/2025,,"2,110.43"
ENVS - Environmental Services,,CAF - CVMU,,Staff 24.08.25,,,1,,CRINV0013107,,Autotech Recruit,,,02/09/2025,,"1,026.60"
ENVS - Environmental Services,,CAE - Waste Services,,Removal of Vehicle,,,1,,CRINV0013111,,Assured Automobile Assessors Ltd,,,02/09/2025,,390
REGN - Regeneration & Housing,,FAG - Regeneration,,Electric 3 Abbey St,,,1,,CRINV0013118,,Scottish Power - 16136257338 - 3 Abbey Street,,,02/09/2025,,260.24
RESO - Resources,,AAF - Finance,,Water Scaitcliffe 26.07.25 - 25.08.25,,,1,,CRINV0013120,,Water Plus - 4081791400 Canteen Scaitcliffe House,,,02/09/2025,,876.62
RESO - Resources,,AAB - Benefits & Customer Contact,,Customer Contact Centre Stationary Order August 2025,,,1,,CRPOI0012673,,Paragon Customer Communications Limited,,,02/09/2025,,265.34
PLAN - Planning & Transportation,,EAD - Planning,,Press Notices ,,,1,,CRPOI0012725,,People Scout Limited,,,02/09/2025,,357.84
REGN - Regeneration & Housing,,FAB - Facilities,,PPM - Domestic water system compliance April 2025 - March 2026,,,1,,CRPOI0012737,,HSL Compliance,,,02/09/2025,,"1,482.54"
REGN - Regeneration & Housing,,FAB - Facilities,,"Great Harwood Cemetery
Supply and install 5 ltr over counter water heater",,,1,,CRPOI0012755,,Pilkington Bros (Church) Ltd,,,02/09/2025,,471.6
REGN - Regeneration & Housing,,FAB - Facilities,,Investigate leak - Stables,,,1,,CRPOI0012771,,Pilkington Bros (Church) Ltd,,,02/09/2025,,414.14
REGN - Regeneration & Housing,,FAF - Strategic Housing,,Commercial Energy Performance Certificates,,,1,,CRPOI0012950,,Oaklodge Energy Limited - 10687 16 Broadway,,,02/09/2025,,600
REGN - Regeneration & Housing,,FAG - Regeneration,,Temp staff w/e 29.6.25,,,1,,CRPOI0013005,,Vivid Resourcing,,,02/09/2025,,"1,800.00"
ENVS - Environmental Services,,CAE - Waste Services,,48 XA Wire brushes for Scarab Merlin road sweeper ,,,1,,CRPOI0013006,,Brushtec,,,02/09/2025,,"3,449.09"
ENVS - Environmental Services,,CAE - Waste Services,,Carriage Charge,,,2,,CRPOI0013006,,Brushtec,,,02/09/2025,,68.81
ENVS - Environmental Services,,CAE - Waste Services,,32 X dog bin and lid assemblies in red,,,1,,CRPOI0013024,,Earth Anchors Ltd,,,02/09/2025,,"2,419.20"
ENVS - Environmental Services,,CAE - Waste Services,,22 X  Root fast anchored post ,,,2,,CRPOI0013024,,Earth Anchors Ltd,,,02/09/2025,,"2,164.80"
ENVS - Environmental Services,,CAE - Waste Services,,5 X  post mount supplied with post clamps to fit 75mm post ,,,3,,CRPOI0013024,,Earth Anchors Ltd,,,02/09/2025,,408
ENVS - Environmental Services,,CAE - Waste Services,,"5 X HGN Dual (back to back) bin mounting, supplied with all necessary brackets ",,,4,,CRPOI0013024,,Earth Anchors Ltd,,,02/09/2025,,384
ENVS - Environmental Services,,CAE - Waste Services,,Carriage charge ,,,5,,CRPOI0013024,,Earth Anchors Ltd,,,02/09/2025,,86.4
RESO - Resources,,AAF - Finance,,Temp staff w/e 15.6.25,,,1,,CRPOI0013061,,G2 Recruitment Solutions,,,02/09/2025,,"5,850.00"
PLAN - Planning & Transportation,,EAB - Engineers & Transportation,,Clearance of Trash Screens with Hyndburn,,,1,,CRINV0012763,,Marchbridge Builders Ltd,,,04/09/2025,,"1,659.60"
REGN - Regeneration & Housing,,FAD - Housing Advice,,Agency staff - w/e 10.08.25,,,1,,CRINV0012765,,Vivid Resourcing,,,04/09/2025,,"1,710.00"
ENVS - Environmental Services,,CAF - CVMU,,Parts,,,1,,CRINV0012798,,Lancashire Leyland Daf Ltd,,,04/09/2025,,307.2
REGN - Regeneration & Housing,,FAB - Facilities,,Repairs,,,1,,CRINV0012817,,Pilkington Bros (Church) Ltd,,,04/09/2025,,678.37
ENVH - Environmental Health,,BAB - Environmental Protection,,Agency staff - w/e 10.08.25,,,1,,CRINV0012824,,Vivid Resourcing,,,04/09/2025,,429.97
ENVS - Environmental Services,,CAF - CVMU,,Vehicle parts,,,1,,CRINV0012850,,Dennis Eagle Limited,,,04/09/2025,,460.34
ENVS - Environmental Services,,CAD - Town Centre & Markets,,Active Hynd Awards,,,1,,CRINV0012904,,Hyndburn Leisure,,,04/09/2025,,500
ENVS - Environmental Services,,CAC - Parks & Cemeteries,,Oak Trent URn,,,1,,CRINV0012926,,Luke Howgate & Son Ltd,,,04/09/2025,,296.42
LEGL - Legal & Democratic,,DAB - Human Resources,,Professional Fees re Market Chambers,,,1,,CRINV0013115,,Buttress Architects Limited,,,04/09/2025,,654.83
REGN - Regeneration & Housing,,FAG - Regeneration,,Universal Valuation 10 - Wilsons,,,1,,CRINV0013124,,Alliance Leisure Services Limited,,,04/09/2025,,"1,401,423.42"
RESO - Resources,,AAF - Finance,,Various Monthly Transactions,,,1,,CRINV0013166,,Allpay Ltd,,,04/09/2025,,"1,268.11"
LEGL - Legal & Democratic,,DAH - Licencing,,DBS Checks and Updates,,,1,,CRINV0013187,,Personnel Checks,,,04/09/2025,,72
LEGL - Legal & Democratic,,DAH - Licencing,,DBS Checks and Updates Service,,,2,,CRINV0013187,,Personnel Checks,,,04/09/2025,,388.8
RESO - Resources,,AAG - Management Resources,,Lease Vehicle Rental Period 16.07.25 - 15.08.25,,,1,,CRINV0013204,,Lex Autolease Ltd,,,04/09/2025,,283.67
RESO - Resources,,AAG - Management Resources,,Lease Vehicle Rental Period 16.07.25 - 15.08.25,,,2,,CRINV0013204,,Lex Autolease Ltd,,,04/09/2025,,283.67
RESO - Resources,,AAG - Management Resources,,Lease Vehicle Rental Period 16.07.25 - 15.08.25,,,3,,CRINV0013204,,Lex Autolease Ltd,,,04/09/2025,,44.4
REGN - Regeneration & Housing,,FAG - Regeneration,,Wilson Field Leisure Centre Construction Valuation 11 and Fees,,,1,,CRINV0013240,,Alliance Leisure Services Limited,,,04/09/2025,,"1,153,644.18"
RESO - Resources,,AAD - ICT,,Mital software & Support,,,1,,CRPOI0012000,,Aspire Technology Solutions Limited,,,04/09/2025,,"90,312.00"
REGN - Regeneration & Housing,,FAB - Facilities,,"Callouts, breakdowns, make safe, small general repairs",,,1,,CRPOI0012768,,Victoria Glass Joinery & Plumbing Ltd,,,04/09/2025,,654
REGN - Regeneration & Housing,,FAB - Facilities,,Pipwork leaking in store room - HAG,,,1,,CRPOI0012776,,Pilkington Bros (Church) Ltd,,,04/09/2025,,434.28
REGN - Regeneration & Housing,,FAB - Facilities,,"retesting and recertification of 2no Protecta Systems 
Safety lines and anchor points",,,1,,CRPOI0012778,,Highwire Ltd,,,04/09/2025,,"1,374.00"
RESO - Resources,,AAF - Finance,,Temp staff w/e 10.8.25,,,1,,CRPOI0012779,,G2 Recruitment Solutions,,,04/09/2025,,"4,680.00"
REGN - Regeneration & Housing,,FAG - Regeneration,,Temp staff w/e 10.8.25,,,1,,CRPOI0012815,,Vivid Resourcing,,,04/09/2025,,"1,800.00"
ENVS - Environmental Services,,CAC - Parks & Cemeteries,,6 X  Trampoline Springs ,,,1,,CRPOI0012819,,Sutcliffe Play Ltd,,,04/09/2025,,198.65
ENVS - Environmental Services,,CAC - Parks & Cemeteries,,1 X Swing Seat,,,2,,CRPOI0012819,,Sutcliffe Play Ltd,,,04/09/2025,,85.2
ENVS - Environmental Services,,CAC - Parks & Cemeteries,,Delivery,,,3,,CRPOI0012819,,Sutcliffe Play Ltd,,,04/09/2025,,28.38
REGN - Regeneration & Housing,,FAB - Facilities,,"To supply and fix a registered section lock system 
Back canteen door - 2 x euro/turn
Canteen door ? 2 x euro/turn
Waste services ? 2 x euro/turn
Reception ? 1 x euro/turn
Main offices ? 2 x",,,1,,CRPOI0012827,,J H Blakey & Sons (Security) Ltd,,,04/09/2025,,"1,669.00"
LEGL - Legal & Democratic,,DAB - Human Resources,,Drug test Chain of Custody Call out,,,1,,CRPOI0012879,,D Tec International,,,04/09/2025,,471.96
REGN - Regeneration & Housing,,FAB - Facilities,,"Supply, install and commission of 18 camera HD system.
Cameras: Replace 18 existing cameras with new 3K Turret style cameras with back boxes. 
Installation of new 32 channel recorder to replace 1nr. existing 16",,,1,,CRPOI0013127,,Full Circuit Fire & Security Ltd,,,04/09/2025,,"1,548.52"
ENVH - Environmental Health,,BAA - Housing Standards,,Agency staff - w/c 04.08.25,,,1,,CRINV0012867,,Oyster Partnership,,,09/09/2025,,"1,123.20"
ENVH - Environmental Health,,BAA - Housing Standards,,Agency staff - w/c 04.08.25,,,1,,CRINV0012868,,Oyster Partnership,,,09/09/2025,,"1,309.15"
LEGL - Legal & Democratic,,DAD - Management Legal & Dem,,Searches carried out  - July 2025,,,1,,CRINV0012869,,Lancashire County Council,,,09/09/2025,,"1,240.80"
PLAN - Planning & Transportation,,EAD - Planning,,Staff 10.08.25,,,1,,CRINV0012889,,Vivid Resourcing,,,09/09/2025,,"1,692.00"
ENVS - Environmental Services,,CAC - Parks & Cemeteries,,Temp staff w/e 10.8.25,,,1,,CRINV0012910,,Proman Supply Chain Ltd,,,09/09/2025,,609.77
RESO - Resources,,AAB - Benefits & Customer Contact,,Staff 10.08.25,,,1,,CRINV0012931,,Venn Group Limited,,,09/09/2025,,"1,278.28"
ENVS - Environmental Services,,CAF - CVMU,,Vehicle parts,,,1,,CRINV0012968,,Bucher Municipal Ltd,,,09/09/2025,,500.3
ENVS - Environmental Services,,CAC - Parks & Cemeteries,,Excess,,,1,,CRINV0013017,,Protector Insurance,,,09/09/2025,,"2,048.60"
ENVS - Environmental Services,,CAC - Parks & Cemeteries,,Staff 17.08.25,,,1,,CRINV0013032,,Rapid Recruitment Ltd,,,09/09/2025,,804.02
ENVS - Environmental Services,,CAF - CVMU,,Tools,,,1,,CRINV0013075,,S I J Automotive Limited,,,09/09/2025,,485.88
LEGL - Legal & Democratic,,DAG - Elections,,Mailing Costs,,,1,,CRINV0013096,,Civica Election Services,,,09/09/2025,,"3,215.60"
LEGL - Legal & Democratic,,DAG - Elections,,Scheduled mailing LV2,,,1,,CRINV0013097,,Civica Election Services,,,09/09/2025,,"1,692.53"
ENVS - Environmental Services,,CAE - Waste Services,,Staff 17.08.25,,,1,,CRINV0013109,,Rapid Recruitment Ltd,,,09/09/2025,,"1,642.22"
LEGL - Legal & Democratic,,DAG - Elections,,Printing and postage,,,1,,CRINV0013121,,Civica Election Services,,,09/09/2025,,"2,169.76"
ENVS - Environmental Services,,CAD - Town Centre & Markets,,Balance of Soapbox Event,,,1,,CRINV0013247,,Scott Dawson Advertising Ltd,,,09/09/2025,,"15,000.00"
ENVS - Environmental Services,,CAB - Other Environmental Services,,Water Willows Lane,,,1,,CRINV0013250,,Water Plus - 4082169237 Towns Yard & Plumber,,,09/09/2025,,"1,477.81"
ENVS - Environmental Services,,CAC - Parks & Cemeteries,,Staff 17.08.25,,,1,,CRINV0013253,,Rapid Recruitment Ltd,,,09/09/2025,,804.02
ENVS - Environmental Services,,CAC - Parks & Cemeteries,,Staff 17.08.25,,,2,,CRINV0013253,,Rapid Recruitment Ltd,,,09/09/2025,,"1,571.76"
ENVS - Environmental Services,,CAF - CVMU,,Staff 31.08.25,,,1,,CRINV0013255,,Autotech Recruit,,,09/09/2025,,"1,026.60"
ENVS - Environmental Services,,CAF - CVMU,,Water CVMU,,,1,,CRINV0013259,,Water Plus - 4206400451 CVMU,,,09/09/2025,,508.27
REGN - Regeneration & Housing,,FAF - Strategic Housing,,Huncoat Garden Village - Fees,,,1,,CRINV0013263,,Avison Young (Uk) Ltd,,,09/09/2025,,"31,461.60"
ENVS - Environmental Services,,CAE - Waste Services,,Waste,,,1,,CRINV0013266,,Suez Recycling And Recovery Uk Ltd,,,09/09/2025,,"3,302.14"
ENVS - Environmental Services,,CAE - Waste Services,,Waste,,,2,,CRINV0013266,,Suez Recycling And Recovery Uk Ltd,,,09/09/2025,,"15,186.44"
PLAN - Planning & Transportation,,EAA - Building Control,,Agency staff - w/e 29.08.25,,,1,,CRINV0013271,,Deekay Tech Recruitment Ltd,,,09/09/2025,,"1,484.36"
REGN - Regeneration & Housing,,FAB - Facilities,,Disabled Adaptation - 19 Within Grove,,,1,,CRINV0013283,,Hyndburn Plumbing & Heating Services,,,09/09/2025,,"4,560.00"
REGN - Regeneration & Housing,,FAB - Facilities,,Amenity lighting Clock Aug 25,,,1,,CRINV0013295,,EDF - 1232400259 - Unmetered Supply Street Lightin,,,09/09/2025,,66.37
REGN - Regeneration & Housing,,FAB - Facilities,,Viaduct Amenity lighting Aug 25,,,2,,CRINV0013295,,EDF - 1232400259 - Unmetered Supply Street Lightin,,,09/09/2025,,"1,957.95"
REGN - Regeneration & Housing,,FAB - Facilities,,Bus shelters Amenity lighting Aug 25,,,3,,CRINV0013295,,EDF - 1232400259 - Unmetered Supply Street Lightin,,,09/09/2025,,719.03
REGN - Regeneration & Housing,,FAB - Facilities,,Car Parks Amenity lighting Aug 25,,,4,,CRINV0013295,,EDF - 1232400259 - Unmetered Supply Street Lightin,,,09/09/2025,,"1,548.67"
REGN - Regeneration & Housing,,FAB - Facilities,,CCTV Amenity Lighting Aug 25,,,5,,CRINV0013295,,EDF - 1232400259 - Unmetered Supply Street Lightin,,,09/09/2025,,132.74
REGN - Regeneration & Housing,,FAB - Facilities,,Late Payment Fee,,,6,,CRINV0013295,,EDF - 1232400259 - Unmetered Supply Street Lightin,,,09/09/2025,,14.36
ENVS - Environmental Services,,CAF - CVMU,,Vehicle parts,,,1,,CRINV0013301,,Mrb Workshop Services,,,09/09/2025,,"3,071.40"
ENVS - Environmental Services,,CAE - Waste Services,,Skip Hire 09/08/25,,,1,,CRINV0013304,,Stanley Brothers (Tippers) Ltd,,,09/09/2025,,570
ENVS - Environmental Services,,CAB - Other Environmental Services,,Hire of 8-Wheeler Daywork,,,1,,CRINV0013305,,Stanley Brothers (Tippers) Ltd,,,09/09/2025,,744
ENVS - Environmental Services,,CAB - Other Environmental Services,,Hire of 8-Wheeler 13/08/2025,,,1,,CRINV0013306,,Stanley Brothers (Tippers) Ltd,,,09/09/2025,,744
ENVS - Environmental Services,,CAF - CVMU,,Materials,,,1,,CRINV0013316,,Rob Mercer,,,09/09/2025,,680.95
ENVS - Environmental Services,,CAF - CVMU,,Labour,,,2,,CRINV0013316,,Rob Mercer,,,09/09/2025,,150
LEGL - Legal & Democratic,,DAC - Legal,,Professional fees,,,1,,CRINV0013341,,Miss Constanze Bell - Kings Chambers,,,09/09/2025,,"2,400.00"
REGN - Regeneration & Housing,,FAB - Facilities,,Period: 1.8.25 to 31.8.25,,,1,,CRINV0013344,,Crown Gas and Power Ltd - P002258 Ossy Civic Theat,,,09/09/2025,,799.88
REGN - Regeneration & Housing,,FAB - Facilities,,Annual mtce,,,1,,CRINV0013347,,R J Lift Services Ltd,,,09/09/2025,,"1,497.40"
REGN - Regeneration & Housing,,FAF - Strategic Housing,,Affordable Warmth Grant,,,1,,CRINV0013355,,A G S Heating & Plumbing Ltd,,,09/09/2025,,"2,760.00"
RESO - Resources,,AAB - Benefits & Customer Contact,,Whinney Hill - Aug 25,,,1,,CRINV0013356,,Ada Glossop Ltd,,,09/09/2025,,"1,012.00"
RESO - Resources,,AAB - Benefits & Customer Contact,,Whinney Hill - 08.09,,,1,,CRINV0013357,,Cheval Social Management,,,09/09/2025,,969.24
LEGL - Legal & Democratic,,DAC - Legal,,Professional services,,,1,,CRINV0013386,,Ben Williams,,,09/09/2025,,"3,600.00"
RESO - Resources,,AAD - ICT,,2 x JHPE Aruba 2930M 1-Slot Switch ,,,1,,CRPOI0012883,,Intelligent Servers,,,09/09/2025,,"1,668.00"
ENVS - Environmental Services,,CAA - Environmental Maintenance,,1 High Back Operators chair ,,,1,,CRPOI0012987,,Bevlan Office Interiors Ltd,,,09/09/2025,,561.42
RESO - Resources,,AAF - Finance,,Financial Advisory Services,,,1,,CRPOI0013063,,LG Futures Limited,,,09/09/2025,,"2,394.00"
ENVS - Environmental Services,,CAD - Town Centre & Markets,,Hire of TDTT bus for two days,,,1,,CRPOI0013280,,Scott Dawson Advertising Ltd,,,09/09/2025,,900
ENVS - Environmental Services,,CAE - Waste Services,,12 X 6.295-539.0 RM 750 10l intensive basic cleaner extra ,,,1,,CRPOI0013281,,Karcher UK Limited,,,09/09/2025,,415.58
ENVS - Environmental Services,,CAE - Waste Services,,12 X 6.295-651.0 Rm69 Eco basic cleaner ,,,2,,CRPOI0013281,,Karcher UK Limited,,,09/09/2025,,365.76
ENVS - Environmental Services,,CAC - Parks & Cemeteries,,Replace damaged manhole cover,,,1,,CRINV0012908,,Marchbridge Builders Ltd,,,11/09/2025,,506.26
LEGL - Legal & Democratic,,DAH - Licencing,,Temp staff w/e 10.8.25 & 17.8.25,,,1,,CRINV0012919,,G2 Recruitment Solutions,,,11/09/2025,,"4,325.76"
ENVH - Environmental Health,,BAB - Environmental Protection,,Staff 17.08.25,,,1,,CRINV0012930,,Vivid Resourcing,,,11/09/2025,,332.64
REGN - Regeneration & Housing,,FAD - Housing Advice,,Agency Costs P/E 17-Aug-2025,,,1,,CRINV0012947,,Vivid Resourcing,,,11/09/2025,,"1,710.00"
PLAN - Planning & Transportation,,EAD - Planning,,Agency Costs P/E 17-Aug-2025,,,1,,CRINV0012948,,Vivid Resourcing,,,11/09/2025,,936
ENVS - Environmental Services,,CAF - CVMU,,Clean vehicle - 18.8.25,,,1,,CRINV0012989,,Keep Em Clean,,,11/09/2025,,262.5
ENVS - Environmental Services,,CAF - CVMU,,Clean vehicle - 11.8.25,,,1,,CRINV0012990,,Keep Em Clean,,,11/09/2025,,262.5
ENVS - Environmental Services,,CAF - CVMU,,Clean vehicle 4.8.25,,,1,,CRINV0012991,,Keep Em Clean,,,11/09/2025,,262.5
ENVS - Environmental Services,,CAF - CVMU,,Clean vehicle 28.7.25,,,1,,CRINV0012992,,Keep Em Clean,,,11/09/2025,,262.5
ENVS - Environmental Services,,CAF - CVMU,,Clean vehicle - 21.7.25,,,1,,CRINV0012993,,Keep Em Clean,,,11/09/2025,,262.5
PLAN - Planning & Transportation,,EAD - Planning,,Staff 11.08.25 - 15.08.25,,,1,,CRINV0013047,,Confido Consult Ltd,,,11/09/2025,,"2,438.70"
RESO - Resources,,AAD - ICT,,"Billing Period 18 August 2025 to 17 August, 2026",,,1,,CRINV0013236,,Team Viewer Gmbh,,,11/09/2025,,"2,212.67"
PLAN - Planning & Transportation,,EAD - Planning,,Agency staff - w/e 31.08.25,,,1,,CRINV0013272,,Macdonald & Company,,,11/09/2025,,682.64
PLAN - Planning & Transportation,,EAD - Planning,,Agency staff - w/e 31.08.25,,,2,,CRINV0013272,,Macdonald & Company,,,11/09/2025,,682.66
ENVS - Environmental Services,,CAA - Environmental Maintenance,,August 2025 Fee,,,1,,CRINV0013337,,Ma Cost Consulting Limited,,,11/09/2025,,909.99
ENVS - Environmental Services,,CAA - Environmental Maintenance,,August 2025 Fee,,,2,,CRINV0013337,,Ma Cost Consulting Limited,,,11/09/2025,,909.99
ENVS - Environmental Services,,CAA - Environmental Maintenance,,August 2025 Fee,,,3,,CRINV0013337,,Ma Cost Consulting Limited,,,11/09/2025,,910.02
ENVS - Environmental Services,,CAA - Environmental Maintenance,,Fees - August 25,,,1,,CRINV0013351,,Rider Levett Bucknall Uk Ltd,,,11/09/2025,,"3,015.99"
ENVS - Environmental Services,,CAA - Environmental Maintenance,,Fees - August 25,,,2,,CRINV0013351,,Rider Levett Bucknall Uk Ltd,,,11/09/2025,,"3,015.99"
ENVS - Environmental Services,,CAA - Environmental Maintenance,,Fees - August 25,,,3,,CRINV0013351,,Rider Levett Bucknall Uk Ltd,,,11/09/2025,,"3,016.02"
ENVS - Environmental Services,,CAA - Environmental Maintenance,,Charges - 01.08.25 - 31.08.25,,,1,,CRINV0013378,,Smartest Energy - 100011736903 77-79 Blackburn Rd,,,11/09/2025,,864.12
ENVS - Environmental Services,,CAC - Parks & Cemeteries,,interest on late and non-payment,,,1,,CRINV0013387,,R C Petre Will Trust,,,11/09/2025,,"1,250.00"
RESO - Resources,,AAB - Benefits & Customer Contact,,postage Aug 25,,,1,,CRINV0013389,,Critiqom,,,11/09/2025,,"3,840.00"
RESO - Resources,,AAB - Benefits & Customer Contact,,Postage August 25,,,2,,CRINV0013389,,Critiqom,,,11/09/2025,,825.58
PLAN - Planning & Transportation,,EAC - Green Infrastructure,,Hyndburn Nature Reserves Project,,,1,,CRINV0013392,,The Prospects Foundation,,,11/09/2025,,"9,000.00"
RESO - Resources,,AAB - Benefits & Customer Contact,,temp staff  w/e 24/08/25,,,1,,CRINV0013394,,Eden Brown Limited,,,11/09/2025,,"1,212.12"
RESO - Resources,,AAB - Benefits & Customer Contact,,Agency staff - w/e 17.08.25,,,1,,CRINV0013397,,Eden Brown Limited,,,11/09/2025,,"1,212.12"
LEGL - Legal & Democratic,,DAB - Human Resources,,National Lottery Heritage Fund,,,1,,CRINV0013415,,Emma Parsons Consulting ,,,11/09/2025,,"2,766.00"
REGN - Regeneration & Housing,,FAD - Housing Advice,,Accommodation - 48 nights - 24.05.25 - 11.07.25,,,1,,CRINV0013416,,Molesworth Hotel,,,11/09/2025,,"3,974.40"
LEGL - Legal & Democratic,,DAB - Human Resources,,Development and delivery of an activity plan for market chambers project. Phase 2 of 3,,,1,,CRINV0013417,,Janice Tullock Associates,,,11/09/2025,,"2,766.00"
REGN - Regeneration & Housing,,FAD - Housing Advice,,Accommodation Charges,,,1,,CRINV0013419,,Molesworth Hotel,,,11/09/2025,,"5,670.00"
REGN - Regeneration & Housing,,FAG - Regeneration,,Temp staff w/e 17.8.25,,,1,,CRPOI0012938,,Vivid Resourcing,,,11/09/2025,,"1,800.00"
ENVS - Environmental Services,,CAB - Other Environmental Services,,8 x  - Sakarat Bromabait 10kg,,,1,,CRPOI0013021,,Killgerm Chemicals Ltd,,,11/09/2025,,151.2
ENVS - Environmental Services,,CAB - Other Environmental Services,,2 x  - HoyHoy Traps (pk of 100),,,2,,CRPOI0013021,,Killgerm Chemicals Ltd,,,11/09/2025,,100.32
ENVS - Environmental Services,,CAB - Other Environmental Services,,10 x  - Medium bait trays 100per pk,,,3,,CRPOI0013021,,Killgerm Chemicals Ltd,,,11/09/2025,,48
ENVS - Environmental Services,,CAB - Other Environmental Services,,5 x -5 Rascal Brodifacoum 50 Multi Blocks 5kg,,,1,,CRPOI0013254,,1env Solutions Ltd,,,11/09/2025,,295.3
REGN - Regeneration & Housing,,FAB - Facilities,,"Callouts, breakdowns, make safe, small general repairs,  repairs QTR 12 2025-26",,,1,,CRPOI0013273,,Full Circuit Fire & Security Ltd,,,11/09/2025,,582.92
REGN - Regeneration & Housing,,FAB - Facilities,,Office furniture,,,1,,CRPOI0013338,,Bevlan Office Interiors Ltd,,,11/09/2025,,413.76
REGN - Regeneration & Housing,,FAB - Facilities,,Office furniture,,,2,,CRPOI0013338,,Bevlan Office Interiors Ltd,,,11/09/2025,,413.76
RESO - Resources,,AAF - Finance,,Period: 20.9.25 - 19.12.25,,,1,,CRINV0013004,,Siemens Financial Services Ltd,,,16/09/2025,,"3,700.00"
RESO - Resources,,AAF - Finance,,Period: 20.9.25-19.12.25,,,2,,CRINV0013004,,Siemens Financial Services Ltd,,,16/09/2025,,200
RESO - Resources,,AAF - Finance,,Period: 20.9.25 to 19.12.25,,,3,,CRINV0013004,,Siemens Financial Services Ltd,,,16/09/2025,,600
ENVH - Environmental Health,,BAA - Housing Standards,,Staff 11.08.25,,,1,,CRINV0013011,,Oyster Partnership,,,16/09/2025,,"1,538.16"
RESO - Resources,,AAB - Benefits & Customer Contact,,Staff 17.08.25,,,1,,CRINV0013025,,Venn Group Limited,,,16/09/2025,,"1,278.28"
PLAN - Planning & Transportation,,EAD - Planning,,Staff 18.08.25 - 22.08.25,,,1,,CRINV0013048,,Confido Consult Ltd,,,16/09/2025,,"2,294.16"
ENVS - Environmental Services,,CAF - CVMU,,Parts and Materials,,,1,,CRINV0013067,,Terberg Matec Uk,,,16/09/2025,,448.9
ENVS - Environmental Services,,CAF - CVMU,,Vehicle parts,,,1,,CRINV0013077,,Bucher Municipal Ltd,,,16/09/2025,,563.03
ENVS - Environmental Services,,CAF - CVMU,,Vehicle parts,,,1,,CRINV0013078,,Dennis Eagle Limited,,,16/09/2025,,632.14
ENVS - Environmental Services,,CAF - CVMU,,Materials,,,1,,CRINV0013084,,A&P Truck And Trailer Parts,,,16/09/2025,,403.2
ENVS - Environmental Services,,CAC - Parks & Cemeteries,,Agency staff - w/c 11.08.25,,,1,,CRINV0013100,,Proman Supply Chain Ltd,,,16/09/2025,,"1,648.64"
ENVS - Environmental Services,,CAC - Parks & Cemeteries,,Staff 24.08/.25,,,1,,CRINV0013110,,Rapid Recruitment Ltd,,,16/09/2025,,804.02
ENVS - Environmental Services,,CAE - Waste Services,,Staff 24.08.25,,,1,,CRINV0013248,,Rapid Recruitment Ltd,,,16/09/2025,,"1,692.74"
ENVS - Environmental Services,,CAC - Parks & Cemeteries,,Staff 24.08.25,,,1,,CRINV0013249,,Rapid Recruitment Ltd,,,16/09/2025,,268
ENVS - Environmental Services,,CAC - Parks & Cemeteries,,Staff 24.08.25,,,2,,CRINV0013249,,Rapid Recruitment Ltd,,,16/09/2025,,"1,954.38"
ENVS - Environmental Services,,CAF - CVMU,,End of lease recharges,,,1,,CRINV0013256,,Jcb Finance Ltd,,,16/09/2025,,"1,532.40"
ENVS - Environmental Services,,CAB - Other Environmental Services,,Vehicle hire,,,1,,CRINV0013267,,Stanley Brothers (Tippers) Ltd,,,16/09/2025,,744
ENVS - Environmental Services,,CAF - CVMU,,Oxygen,,,1,,CRINV0013293,,British Oxygen Co Ltd,,,16/09/2025,,296.28
REGN - Regeneration & Housing,,FAB - Facilities,,Amenity lighting Aug 25,,,1,,CRINV0013296,,EDF - 5946759290 - Unmetered Supply Street Lightin,,,16/09/2025,,19.02
REGN - Regeneration & Housing,,FAB - Facilities,,Viaduct Amenity lighting Aug 25,,,2,,CRINV0013296,,EDF - 5946759290 - Unmetered Supply Street Lightin,,,16/09/2025,,561.21
REGN - Regeneration & Housing,,FAB - Facilities,,Aug-25,,,3,,CRINV0013296,,EDF - 5946759290 - Unmetered Supply Street Lightin,,,16/09/2025,,206.09
REGN - Regeneration & Housing,,FAB - Facilities,,Car Park Amenity lighting Aug 25,,,4,,CRINV0013296,,EDF - 5946759290 - Unmetered Supply Street Lightin,,,16/09/2025,,443.88
REGN - Regeneration & Housing,,FAB - Facilities,,CCTV Amenity Lighting Aug 25,,,5,,CRINV0013296,,EDF - 5946759290 - Unmetered Supply Street Lightin,,,16/09/2025,,38.05
REGN - Regeneration & Housing,,FAB - Facilities,,Late Payment Fee Aug 25,,,6,,CRINV0013296,,EDF - 5946759290 - Unmetered Supply Street Lightin,,,16/09/2025,,4.11
PLAN - Planning & Transportation,,EAC - Green Infrastructure,,Charges - 07.08.25 - 06.09.25,,,1,,CRINV0013404,,Water Plus - 4072907003 Allotments Station Rd,,,16/09/2025,,338
ENVS - Environmental Services,,CAC - Parks & Cemeteries,,Charges - 03.08.25 - 02.09.25,,,1,,CRINV0013426,,Water Plus - 6002491027 White Ash Playing Fields,,,16/09/2025,,316.54
RESO - Resources,,AAG - Management Resources,,KIA EV6 Electric Estate,,,1,,CRINV0013449,,Athlon Mobility Services UK Ltd,,,16/09/2025,,"4,304.70"
RESO - Resources,,AAG - Management Resources,,Car Lease charges,,,2,,CRINV0013449,,Athlon Mobility Services UK Ltd,,,16/09/2025,,"4,304.69"
RESO - Resources,,AAG - Management Resources,,Car Lease charges,,,3,,CRINV0013449,,Athlon Mobility Services UK Ltd,,,16/09/2025,,"1,350.91"
REGN - Regeneration & Housing,,FAB - Facilities,,Electricity Charges - 01.08.25 - 31.08.25,,,1,,CRINV0013452,,NPOWER - A0010655700 -Accrington Market Hall,,,16/09/2025,,"3,908.59"
REGN - Regeneration & Housing,,FAB - Facilities,,Electricity Charges - 01.08.25 - 31.08.25,,,1,,CRINV0013453,,NPower - A0010655701-Wilsons Sport,,,16/09/2025,,"3,955.80"
REGN - Regeneration & Housing,,FAB - Facilities,,Electricity Charges - 01.08.25 - 31.08.25,,,1,,CRINV0013454,,NPOWER - A0010656985 - Wilsons TBS,,,16/09/2025,,"1,696.24"
PLAN - Planning & Transportation,,EAA - Building Control,,Agency staff -w/e 05.09.25,,,1,,CRINV0013461,,Deekay Tech Recruitment Ltd,,,16/09/2025,,"1,539.42"
REGN - Regeneration & Housing,,FAD - Housing Advice,,Rent Deposit ,,,1,,CRINV0013476,,Sterling Properties,,,16/09/2025,,686
PLAN - Planning & Transportation,,EAD - Planning,,Planning refund,,,1,,CRINV0013478,,Hartley Planning & Dev Asocs Ltd,,,16/09/2025,,960
ENVS - Environmental Services,,CAF - CVMU,,Staff 07.09.25,,,1,,CRINV0013493,,Autotech Recruit,,,16/09/2025,,"1,026.60"
REGN - Regeneration & Housing,,FAG - Regeneration,,Professional fees,,,1,,CRINV0013516,,Mr Richard Lander,,,16/09/2025,,"5,400.00"
ENVS - Environmental Services,,CAA - Environmental Maintenance,,Electricity Bill 01/08/25 - 31/08/25,,,1,,CRINV0013529,,Drax,,,16/09/2025,,294.01
ENVS - Environmental Services,,CAA - Environmental Maintenance,,Charges - 01.08.25 - 31.08.25,,,1,,CRINV0013538,,E-On Next Energy - A-B930C930 73 Blackburn Road,,,16/09/2025,,434.94
REGN - Regeneration & Housing,,FAB - Facilities,,Gas various sites 01.08.265 ? 31.08.25,,,1,,CRINV0013550,,SEFE Energy - 10174064 Consolidated,,,16/09/2025,,12.35
REGN - Regeneration & Housing,,FAB - Facilities,,Gas various sites 01.08.265 ? 31.08.25,,,2,,CRINV0013550,,SEFE Energy - 10174064 Consolidated,,,16/09/2025,,20.72
REGN - Regeneration & Housing,,FAB - Facilities,,Gas various sites 01.08.265 ? 31.08.25,,,3,,CRINV0013550,,SEFE Energy - 10174064 Consolidated,,,16/09/2025,,104.05
REGN - Regeneration & Housing,,FAB - Facilities,,Gas various sites 01.08.265 ? 31.08.25,,,4,,CRINV0013550,,SEFE Energy - 10174064 Consolidated,,,16/09/2025,,462.32
REGN - Regeneration & Housing,,FAB - Facilities,,Gas various sites 01.08.265 ? 31.08.25,,,5,,CRINV0013550,,SEFE Energy - 10174064 Consolidated,,,16/09/2025,,138.12
REGN - Regeneration & Housing,,FAB - Facilities,,Gas various sites 01.08.265 ? 31.08.25,,,6,,CRINV0013550,,SEFE Energy - 10174064 Consolidated,,,16/09/2025,,"4,885.01"
REGN - Regeneration & Housing,,FAB - Facilities,,Gas various sites 01.08.265 ? 31.08.25,,,7,,CRINV0013550,,SEFE Energy - 10174064 Consolidated,,,16/09/2025,,38.68
REGN - Regeneration & Housing,,FAB - Facilities,,Gas various sites 01.08.265 ? 31.08.25,,,8,,CRINV0013550,,SEFE Energy - 10174064 Consolidated,,,16/09/2025,,612.48
REGN - Regeneration & Housing,,FAB - Facilities,,Gas various sites 01.08.265 ? 31.08.25,,,9,,CRINV0013550,,SEFE Energy - 10174064 Consolidated,,,16/09/2025,,26.71
REGN - Regeneration & Housing,,FAB - Facilities,,Gas various sites 01.08.265 ? 31.08.25,,,10,,CRINV0013550,,SEFE Energy - 10174064 Consolidated,,,16/09/2025,,110.1
REGN - Regeneration & Housing,,FAB - Facilities,,Gas various sites 01.08.265 ? 31.08.25,,,11,,CRINV0013550,,SEFE Energy - 10174064 Consolidated,,,16/09/2025,,789.41
REGN - Regeneration & Housing,,FAB - Facilities,,Gas various sites 01.08.265 ? 31.08.25,,,12,,CRINV0013550,,SEFE Energy - 10174064 Consolidated,,,16/09/2025,,285.53
REGN - Regeneration & Housing,,FAB - Facilities,,Gas various sites 01.08.265 ? 31.08.25,,,13,,CRINV0013550,,SEFE Energy - 10174064 Consolidated,,,16/09/2025,,87.67
REGN - Regeneration & Housing,,FAD - Housing Advice,,Accommodation,,,1,,CRINV0013551,,Hill View (Private) Hotel,,,16/09/2025,,840
ENVS - Environmental Services,,CAA - Environmental Maintenance,,"Queen Street, Great Harwood",,,1,,CRINV0013560,,Planit I.E. Ltd,,,16/09/2025,,"1,440.00"
PLAN - Planning & Transportation,,EAC - Green Infrastructure,,"Bullough Park Phase 1
Entrance and Boundary works
To be in accordance with JCT Minor Works Building Contract 2016, together with revised BoQ, specifications and drawings issued by the Contract Administrator.
Contract Admin",,,1,,CRPOI0012939,,Landscape Engineering Ltd,,,16/09/2025,,"28,310.36"
ENVS - Environmental Services,,CAB - Other Environmental Services,,120-000162 - Nemesis X White,,,1,,CRPOI0013022,,Killgerm Chemicals Ltd,,,16/09/2025,,389.22
ENVS - Environmental Services,,CAC - Parks & Cemeteries,,6 X  R-Link Watches,,,1,,CRPOI0013073,,Reactec,,,16/09/2025,,"2,478.02"
ENVS - Environmental Services,,CAC - Parks & Cemeteries,,Carriage,,,2,,CRPOI0013073,,Reactec,,,16/09/2025,,18
ENVS - Environmental Services,,CAB - Other Environmental Services,,12 x  - Black Rat Stations PK10 (With Bars),,,1,,CRPOI0013243,,1env Solutions Ltd,,,16/09/2025,,275.4
ENVS - Environmental Services,,CAB - Other Environmental Services,,1 x - Domobios Bed Bug Trap (10 Pack),,,2,,CRPOI0013243,,1env Solutions Ltd,,,16/09/2025,,19.9
ENVS - Environmental Services,,CAE - Waste Services,,"To provide two Highway weed control treatments

Starting first treatment May 2025 and second treatment starting August 2025.",,,1,,CRPOI0013274,,RM Services Ltd,,,16/09/2025,,"27,151.20"
LEGL - Legal & Democratic,,DAH - Licencing,,Staff 24.08.25,,,1,,CRINV0013046,,G2 Recruitment Solutions,,,18/09/2025,,"2,140.80"
PLAN - Planning & Transportation,,EAD - Planning,,Staff 24.08.25,,,1,,CRINV0013051,,Vivid Resourcing,,,18/09/2025,,"2,478.00"
REGN - Regeneration & Housing,,FAF - Strategic Housing,,Training course - 8.10.25,,,1,,CRINV0013054,,Chartered Institute of Housing,,,18/09/2025,,480
REGN - Regeneration & Housing,,FAD - Housing Advice,,Temp staff w/e 24.8.25,,,1,,CRINV0013055,,Vivid Resourcing,,,18/09/2025,,"1,710.00"
LEGL - Legal & Democratic,,DAB - Human Resources,,Design work,,,1,,CRINV0013060,,Brands Inside Out Limited,,,18/09/2025,,600
ENVH - Environmental Health,,BAB - Environmental Protection,,Agency staff - w/e 24.08.25,,,1,,CRINV0013068,,Vivid Resourcing,,,18/09/2025,,463.06
ENVS - Environmental Services,,CAF - CVMU,,Window regulator and motor,,,1,,CRINV0013106,,Dennis Eagle Limited,,,18/09/2025,,458.09
ENVS - Environmental Services,,CAA - Environmental Maintenance,,GVD for Market Chambers CPO,,,1,,CRINV0013119,,Womble Bond Dickinson (Uk) LLP,,,18/09/2025,,"1,146.00"
RESO - Resources,,AAD - ICT,,Charges - Aug 25,,,1,,CRINV0013220,,EE Futures,,,18/09/2025,,"1,468.55"
RESO - Resources,,AAD - ICT,,Charges - August 25,,,2,,CRINV0013220,,EE Futures,,,18/09/2025,,70
REGN - Regeneration & Housing,,FAF - Strategic Housing,,Affordable Warmth Gramt,,,1,,CRINV0013384,,Rhea Projects,,,18/09/2025,,"3,722.70"
REGN - Regeneration & Housing,,FAF - Strategic Housing,,Afordable Warmth Grant,,,1,,CRINV0013401,,Artisan Windows,,,18/09/2025,,"5,900.00"
REGN - Regeneration & Housing,,FAF - Strategic Housing,,Affordable Warmth Grant,,,1,,CRINV0013402,,Rhea Projects,,,18/09/2025,,"2,289.00"
REGN - Regeneration & Housing,,FAF - Strategic Housing,,Affordable Warmth Grant,,,1,,CRINV0013407,,Rhea Projects,,,18/09/2025,,"3,968.63"
LEGL - Legal & Democratic,,DAB - Human Resources,,National Lottery Heritage Fund,,,1,,CRINV0013415,,Emma Parsons Consulting ,,,18/09/2025,,"2,766.00"
ENVS - Environmental Services,,CAB - Other Environmental Services,,Professional Fees,,,1,,CRINV0013455,,Weightmans LLP,,,18/09/2025,,325
LEGL - Legal & Democratic,,DAB - Human Resources,,HBC Pension Aug 25,,,1,,CRINV0013491,,Lancashire County Council (Direct Debit Payments),,,18/09/2025,,"46,400.43"
RESO - Resources,,AAG - Management Resources,,Cabinet Action Fund Grant - CAF47,,,1,,CRINV0013499,,Rishton United FC,,,18/09/2025,,"1,000.00"
REGN - Regeneration & Housing,,FAF - Strategic Housing,,Emergency Works Grant ,,,1,,CRINV0013512,,Edmundson Electrics,,,18/09/2025,,"2,500.00"
RESO - Resources,,AAF - Finance,,HMRC Aug 25 Tax,,,1,,CRINV0013514,,HM Revenue & Customs (Direct Debit),,,18/09/2025,,"94,333.92"
RESO - Resources,,AAF - Finance,,HMRC Aug 25 Student Loans,,,2,,CRINV0013514,,HM Revenue & Customs (Direct Debit),,,18/09/2025,,"2,243.00"
RESO - Resources,,AAF - Finance,,HMRC Apprenticeship Levy Aug 25,,,3,,CRINV0013514,,HM Revenue & Customs (Direct Debit),,,18/09/2025,,"2,685.00"
RESO - Resources,,AAF - Finance,,HMRC NI Aug 25,,,4,,CRINV0013514,,HM Revenue & Customs (Direct Debit),,,18/09/2025,,"132,934.21"
RESO - Resources,,AAF - Finance,,Paternity Pay Aug 25,,,5,,CRINV0013514,,HM Revenue & Customs (Direct Debit),,,18/09/2025,,0
RESO - Resources,,AAF - Finance,,Maternity Pay Aug 25,,,6,,CRINV0013514,,HM Revenue & Customs (Direct Debit),,,18/09/2025,,688.83-
RESO - Resources,,AAF - Finance,,Shared Parental Pay Aug 25,,,7,,CRINV0013514,,HM Revenue & Customs (Direct Debit),,,18/09/2025,,0
RESO - Resources,,AAF - Finance,,LCC Ctax Precept September 25,,,1,,CRINV0013530,,Lancashire County Council (Direct Debit Payments),,,18/09/2025,,"3,847,031.00"
RESO - Resources,,AAF - Finance,,LCC Ctax Deficit 24/25,,,2,,CRINV0013530,,Lancashire County Council (Direct Debit Payments),,,18/09/2025,,"38,937.00-"
RESO - Resources,,AAF - Finance,,LCC NDR Precept September 25,,,3,,CRINV0013530,,Lancashire County Council (Direct Debit Payments),,,18/09/2025,,"225,024.00"
RESO - Resources,,AAF - Finance,,LCC NDR Surplus 24/25,,,4,,CRINV0013530,,Lancashire County Council (Direct Debit Payments),,,18/09/2025,,"12,820.00"
RESO - Resources,,AAF - Finance,,Fire Ctax Precept September 25,,,5,,CRINV0013530,,Lancashire County Council (Direct Debit Payments),,,18/09/2025,,"198,869.00"
RESO - Resources,,AAF - Finance,,Fire Ctax Deficit 24/25,,,6,,CRINV0013530,,Lancashire County Council (Direct Debit Payments),,,18/09/2025,,"1,996.00-"
RESO - Resources,,AAF - Finance,,Fire NDR Precept September 25,,,7,,CRINV0013530,,Lancashire County Council (Direct Debit Payments),,,18/09/2025,,"25,003.00"
RESO - Resources,,AAF - Finance,,Fire NDR Surplus 24/25,,,8,,CRINV0013530,,Lancashire County Council (Direct Debit Payments),,,18/09/2025,,"1,425.00"
RESO - Resources,,AAF - Finance,,Police Ctax Precept September 25,,,9,,CRINV0013530,,Lancashire County Council (Direct Debit Payments),,,18/09/2025,,"614,802.00"
RESO - Resources,,AAF - Finance,,Police Ctax Deficit 24/25,,,10,,CRINV0013530,,Lancashire County Council (Direct Debit Payments),,,18/09/2025,,"6,203.00-"
RESO - Resources,,AAF - Finance,,Merchant Card Processing Statement - 01.08.25 - 31.08.25,,,1,,CRINV0013531,,Lloyds Bank Cardnet,,,18/09/2025,,"3,407.87"
RESO - Resources,,AAF - Finance,,Service charge,,,1,,CRINV0013547,,G4S Cash Solutions (UK) Limited,,,18/09/2025,,819.12
LEGL - Legal & Democratic,,DAD - Management Legal & Dem,,Searches Jul 25,,,1,,CRINV0013562,,Lancashire County Council,,,18/09/2025,,369.6
ENVS - Environmental Services,,CAF - CVMU,,Agency Staff - w/e 14.09.25,,,1,,CRINV0013574,,Autotech Recruit,,,18/09/2025,,522
PLAN - Planning & Transportation,,EAA - Building Control,,Board up property,,,1,,CRINV0013597,,John Hogg Cleaning,,,18/09/2025,,264
LEGL - Legal & Democratic,,DAB - Human Resources,,Excavator Training,,,1,,CRINV0013609,,Cemetery Training Services,,,18/09/2025,,"2,616.00"
LEGL - Legal & Democratic,,DAA - Democratic Services,,Security for Meeting - Acc Town Hall - 15.10.25,,,1,,CRINV0013610,,Hyndburn Leisure,,,18/09/2025,,293.6
REGN - Regeneration & Housing,,FAB - Facilities,,"Site 1 01/08/2025 - 01/09/2025 Haworth
  Park",,,1,,CRINV0013634,,EDF Energy - 9044031649 Consolidated Invoice,,,18/09/2025,,509.04
REGN - Regeneration & Housing,,FAB - Facilities,,"Site 2 02/08/2025 -
  01/09/2025 Crematorium Burnley Road",,,2,,CRINV0013634,,EDF Energy - 9044031649 Consolidated Invoice,,,18/09/2025,,"1,666.52"
REGN - Regeneration & Housing,,FAB - Facilities,,"Site 3 02/08/2025 -
  01/09/2025 Service Building Great Harwood Ceme",,,3,,CRINV0013634,,EDF Energy - 9044031649 Consolidated Invoice,,,18/09/2025,,222.37
REGN - Regeneration & Housing,,FAB - Facilities,,"Site 4 01/08/2025 -
  31/08/2025 Memorial Park Church Lane",,,4,,CRINV0013634,,EDF Energy - 9044031649 Consolidated Invoice,,,18/09/2025,,234.75
REGN - Regeneration & Housing,,FAB - Facilities,,"01/08/2025 -
  31/08/2025 Vehicle Maintenance Depot",,,5,,CRINV0013634,,EDF Energy - 9044031649 Consolidated Invoice,,,18/09/2025,,"2,178.48"
REGN - Regeneration & Housing,,FAB - Facilities,,"Site 5 01/08/2025 -
  31/08/2025 Foxhill Bank Pavillion",,,6,,CRINV0013634,,EDF Energy - 9044031649 Consolidated Invoice,,,18/09/2025,,370.61
REGN - Regeneration & Housing,,FAB - Facilities,,"Site 6 02/08/2025 -
  01/09/2025 Free Gardeners Bowling Green",,,7,,CRINV0013634,,EDF Energy - 9044031649 Consolidated Invoice,,,18/09/2025,,25.04
REGN - Regeneration & Housing,,FAB - Facilities,,"Site 7 01/08/2025 -
  31/08/2025 Peel Park Bowling Kiosk",,,8,,CRINV0013634,,EDF Energy - 9044031649 Consolidated Invoice,,,18/09/2025,,64.98
REGN - Regeneration & Housing,,FAB - Facilities,,"Site 8 01/08/2025 -
  31/08/2025 Feeder Pillar Rear of Accrington To",,,9,,CRINV0013634,,EDF Energy - 9044031649 Consolidated Invoice,,,18/09/2025,,51.14
REGN - Regeneration & Housing,,FAB - Facilities,,"Site 9 30/07/2025 -
  31/08/2025 Bowls House Rhyddings Park",,,10,,CRINV0013634,,EDF Energy - 9044031649 Consolidated Invoice,,,18/09/2025,,57.69
REGN - Regeneration & Housing,,FAB - Facilities,,"Site 11 02/02/2025 -
  01/03/2025 20 Environmental Health Offices",,,11,,CRINV0013634,,EDF Energy - 9044031649 Consolidated Invoice,,,18/09/2025,,47.82
REGN - Regeneration & Housing,,FAB - Facilities,,"Site 11 02/03/2025 -
  31/03/2025 20 Environmental Health Offices",,,12,,CRINV0013634,,EDF Energy - 9044031649 Consolidated Invoice,,,18/09/2025,,51.21
REGN - Regeneration & Housing,,FAB - Facilities,,"Site 11 01/04/2025 -
  15/04/2025 20 Environmental Health Offices",,,13,,CRINV0013634,,EDF Energy - 9044031649 Consolidated Invoice,,,18/09/2025,,73.8
REGN - Regeneration & Housing,,FAB - Facilities,,"Site 11 01/04/2025 -
  15/04/2025 20 Environmental Health Offices",,,14,,CRINV0013634,,EDF Energy - 9044031649 Consolidated Invoice,,,18/09/2025,,25.56
REGN - Regeneration & Housing,,FAB - Facilities,,"Site 12 28/07/2025 -
  01/09/2025 Mess Room Memorial Park",,,15,,CRINV0013634,,EDF Energy - 9044031649 Consolidated Invoice,,,18/09/2025,,17.84
REGN - Regeneration & Housing,,FAB - Facilities,,"Site 13 02/08/2025 -
  01/09/2025 Elmfield Hall Flats - Communal Ligh",,,16,,CRINV0013634,,EDF Energy - 9044031649 Consolidated Invoice,,,18/09/2025,,29.45
REGN - Regeneration & Housing,,FAB - Facilities,,"Site 14 29/07/2025 -
  01/09/2025 Bandstand Oakhill Park",,,17,,CRINV0013634,,EDF Energy - 9044031649 Consolidated Invoice,,,18/09/2025,,38.72
REGN - Regeneration & Housing,,FAB - Facilities,,"01/07/2025 -
  31/07/2025 Scaitcliffe House",,,18,,CRINV0013634,,EDF Energy - 9044031649 Consolidated Invoice,,,18/09/2025,,"6,696.14"
REGN - Regeneration & Housing,,FAB - Facilities,,"01/08/2025 -
  31/08/2025 Scaitcliffe House",,,19,,CRINV0013634,,EDF Energy - 9044031649 Consolidated Invoice,,,18/09/2025,,"6,758.72"
REGN - Regeneration & Housing,,FAB - Facilities,,"Site 15 02/03/2024 -
  31/03/2024 Unit 15 The Market hall",,,20,,CRINV0013634,,EDF Energy - 9044031649 Consolidated Invoice,,,18/09/2025,,"1,428.19"
REGN - Regeneration & Housing,,FAB - Facilities,,"Site 15 01/04/2024 -
  30/04/2024 Unit 15 The Market hall",,,21,,CRINV0013634,,EDF Energy - 9044031649 Consolidated Invoice,,,18/09/2025,,"1,437.63"
REGN - Regeneration & Housing,,FAB - Facilities,,"Site 15 01/05/2024 -
  17/05/2024 Unit 15 The Market hall",,,22,,CRINV0013634,,EDF Energy - 9044031649 Consolidated Invoice,,,18/09/2025,,"1,167.01"
REGN - Regeneration & Housing,,FAB - Facilities,,"Site 16 01/08/2025 -
  31/08/2025 Floodlighting Mercer House",,,23,,CRINV0013634,,EDF Energy - 9044031649 Consolidated Invoice,,,18/09/2025,,29.15
REGN - Regeneration & Housing,,FAB - Facilities,,"Site 17 02/08/2025 -
  01/09/2025 Oakhill Park Centre",,,24,,CRINV0013634,,EDF Energy - 9044031649 Consolidated Invoice,,,18/09/2025,,285.95
REGN - Regeneration & Housing,,FAB - Facilities,,"01/07/2025 -
  31/07/2025 Accrington Market Hall",,,25,,CRINV0013634,,EDF Energy - 9044031649 Consolidated Invoice,,,18/09/2025,,"3,131.61"
REGN - Regeneration & Housing,,FAB - Facilities,,"01/08/2025 -
  31/08/2025 Accrington Market Hall",,,26,,CRINV0013634,,EDF Energy - 9044031649 Consolidated Invoice,,,18/09/2025,,"3,074.10"
REGN - Regeneration & Housing,,FAB - Facilities,,"Site 20 30/07/2025 -
  01/09/2025 Dill Hall Cemetry",,,27,,CRINV0013634,,EDF Energy - 9044031649 Consolidated Invoice,,,18/09/2025,,28.06
REGN - Regeneration & Housing,,FAB - Facilities,,"Site 21 29/07/2025 -
  01/09/2025 Haworth Art Gallery",,,28,,CRINV0013634,,EDF Energy - 9044031649 Consolidated Invoice,,,18/09/2025,,"1,240.76"
REGN - Regeneration & Housing,,FAB - Facilities,,"Site 22 02/06/2025 -
  10/06/2025 Wilson Playing Fields",,,29,,CRINV0013634,,EDF Energy - 9044031649 Consolidated Invoice,,,18/09/2025,,337.66
REGN - Regeneration & Housing,,FAB - Facilities,,"Site 22 02/06/2025 -
  10/06/2025 Wilson Playing Fields",,,30,,CRINV0013634,,EDF Energy - 9044031649 Consolidated Invoice,,,18/09/2025,,7.95
REGN - Regeneration & Housing,,FAB - Facilities,,"Site 23 01/08/2025 -
  31/08/2025 Gatty Park Greenhouse Site",,,31,,CRINV0013634,,EDF Energy - 9044031649 Consolidated Invoice,,,18/09/2025,,39.91
REGN - Regeneration & Housing,,FAB - Facilities,,"Site 24 01/10/2022 -
  22/10/2022 Willows Lane Depot",,,32,,CRINV0013634,,EDF Energy - 9044031649 Consolidated Invoice,,,18/09/2025,,"1,249.41"
REGN - Regeneration & Housing,,FAB - Facilities,,"Site 24 23/10/2022 -
  01/12/2022 Willows Lane Depot",,,33,,CRINV0013634,,EDF Energy - 9044031649 Consolidated Invoice,,,18/09/2025,,"2,300.79"
REGN - Regeneration & Housing,,FAB - Facilities,,"Site 24 02/12/2022 -
  31/12/2022 Willows Lane Depot",,,34,,CRINV0013634,,EDF Energy - 9044031649 Consolidated Invoice,,,18/09/2025,,"1,769.48"
REGN - Regeneration & Housing,,FAB - Facilities,,"Site 24 01/01/2023 -
  01/02/2023 Willows Lane Depot",,,35,,CRINV0013634,,EDF Energy - 9044031649 Consolidated Invoice,,,18/09/2025,,"1,880.64"
REGN - Regeneration & Housing,,FAB - Facilities,,"Site 24 02/02/2023 -
  01/03/2023 Willows Lane Depot",,,36,,CRINV0013634,,EDF Energy - 9044031649 Consolidated Invoice,,,18/09/2025,,"1,311.94"
REGN - Regeneration & Housing,,FAB - Facilities,,"Site 24 02/03/2023 -
  31/03/2023 Willows Lane Depot",,,37,,CRINV0013634,,EDF Energy - 9044031649 Consolidated Invoice,,,18/09/2025,,"1,381.71"
REGN - Regeneration & Housing,,FAB - Facilities,,"Site 24 01/04/2023 -
  30/04/2023 Willows Lane Depot",,,38,,CRINV0013634,,EDF Energy - 9044031649 Consolidated Invoice,,,18/09/2025,,"2,680.90"
REGN - Regeneration & Housing,,FAB - Facilities,,"Site 24 01/06/2023 -
  01/07/2023 Willows Lane Depot",,,39,,CRINV0013634,,EDF Energy - 9044031649 Consolidated Invoice,,,18/09/2025,,"11,739.01"
REGN - Regeneration & Housing,,FAB - Facilities,,"Site 24 02/07/2023 -
  31/07/2023 Willows Lane Depot",,,40,,CRINV0013634,,EDF Energy - 9044031649 Consolidated Invoice,,,18/09/2025,,"11,672.86"
REGN - Regeneration & Housing,,FAB - Facilities,,"Site 24 01/09/2023 -
  30/09/2023 Willows Lane Depot",,,41,,CRINV0013634,,EDF Energy - 9044031649 Consolidated Invoice,,,18/09/2025,,"2,677.24"
REGN - Regeneration & Housing,,FAB - Facilities,,"Site 24 01/10/2023 -
  31/10/2023 Willows Lane Depot",,,42,,CRINV0013634,,EDF Energy - 9044031649 Consolidated Invoice,,,18/09/2025,,"2,766.92"
REGN - Regeneration & Housing,,FAB - Facilities,,"Site 24 01/11/2023 -
  30/11/2023 Willows Lane Depot",,,43,,CRINV0013634,,EDF Energy - 9044031649 Consolidated Invoice,,,18/09/2025,,"2,677.75"
REGN - Regeneration & Housing,,FAB - Facilities,,"Site 24 01/12/2023 -
  31/12/2023 Willows Lane Depot",,,44,,CRINV0013634,,EDF Energy - 9044031649 Consolidated Invoice,,,18/09/2025,,"2,766.41"
REGN - Regeneration & Housing,,FAB - Facilities,,"Site 24 01/01/2024 -
  31/01/2024 Willows Lane Depot",,,45,,CRINV0013634,,EDF Energy - 9044031649 Consolidated Invoice,,,18/09/2025,,"2,767.45"
REGN - Regeneration & Housing,,FAB - Facilities,,"Site 24 01/02/2024 -
  29/02/2024 Willows Lane Depot",,,46,,CRINV0013634,,EDF Energy - 9044031649 Consolidated Invoice,,,18/09/2025,,"2,588.07"
REGN - Regeneration & Housing,,FAB - Facilities,,"Site 24 01/03/2024 -
  31/03/2024 Willows Lane Depot",,,47,,CRINV0013634,,EDF Energy - 9044031649 Consolidated Invoice,,,18/09/2025,,"2,766.41"
REGN - Regeneration & Housing,,FAB - Facilities,,"Site 24 01/04/2024 -
  30/04/2024 Willows Lane Depot",,,48,,CRINV0013634,,EDF Energy - 9044031649 Consolidated Invoice,,,18/09/2025,,"2,695.12"
REGN - Regeneration & Housing,,FAB - Facilities,,"Site 24 01/05/2024 -
  31/05/2024 Willows Lane Depot",,,49,,CRINV0013634,,EDF Energy - 9044031649 Consolidated Invoice,,,18/09/2025,,"2,784.35"
REGN - Regeneration & Housing,,FAB - Facilities,,"Site 24 01/06/2024 -
  30/06/2024 Willows Lane Depot",,,50,,CRINV0013634,,EDF Energy - 9044031649 Consolidated Invoice,,,18/09/2025,,"2,695.12"
REGN - Regeneration & Housing,,FAB - Facilities,,"Site 24 01/07/2024 -
  31/07/2024 Willows Lane Depot",,,51,,CRINV0013634,,EDF Energy - 9044031649 Consolidated Invoice,,,18/09/2025,,"2,784.87"
REGN - Regeneration & Housing,,FAB - Facilities,,"Site 24 01/08/2024 -
  31/08/2024 Willows Lane Depot",,,52,,CRINV0013634,,EDF Energy - 9044031649 Consolidated Invoice,,,18/09/2025,,"2,784.87"
REGN - Regeneration & Housing,,FAB - Facilities,,"Site 24 01/09/2024 -
  30/09/2024 Willows Lane Depot",,,53,,CRINV0013634,,EDF Energy - 9044031649 Consolidated Invoice,,,18/09/2025,,"2,694.60"
REGN - Regeneration & Housing,,FAB - Facilities,,"Site 24 01/10/2024 -
  01/11/2024 Willows Lane Depot",,,54,,CRINV0013634,,EDF Energy - 9044031649 Consolidated Invoice,,,18/09/2025,,"2,874.62"
REGN - Regeneration & Housing,,FAB - Facilities,,"Site 24 02/11/2024 -
  01/12/2024 Willows Lane Depot",,,55,,CRINV0013634,,EDF Energy - 9044031649 Consolidated Invoice,,,18/09/2025,,"2,753.57"
REGN - Regeneration & Housing,,FAB - Facilities,,"Site 24 02/12/2024 -
  01/01/2025 Willows Lane Depot",,,56,,CRINV0013634,,EDF Energy - 9044031649 Consolidated Invoice,,,18/09/2025,,"2,857.55"
REGN - Regeneration & Housing,,FAB - Facilities,,"Site 24 02/01/2025 -
  01/02/2025 Willows Lane Depot",,,57,,CRINV0013634,,EDF Energy - 9044031649 Consolidated Invoice,,,18/09/2025,,"2,857.02"
REGN - Regeneration & Housing,,FAB - Facilities,,"Site 24 02/02/2025 -
  01/03/2025 Willows Lane Depot",,,58,,CRINV0013634,,EDF Energy - 9044031649 Consolidated Invoice,,,18/09/2025,,"2,580.92"
REGN - Regeneration & Housing,,FAB - Facilities,,"Site 24 02/03/2025 -
  01/04/2025 Willows Lane Depot",,,59,,CRINV0013634,,EDF Energy - 9044031649 Consolidated Invoice,,,18/09/2025,,"4,236.63"
REGN - Regeneration & Housing,,FAB - Facilities,,"Site 24 02/04/2025 -
  31/05/2025 Willows Lane Depot",,,60,,CRINV0013634,,EDF Energy - 9044031649 Consolidated Invoice,,,18/09/2025,,"6,926.27"
REGN - Regeneration & Housing,,FAB - Facilities,,"Site 24 01/06/2025 -
  30/06/2025 Willows Lane Depot",,,61,,CRINV0013634,,EDF Energy - 9044031649 Consolidated Invoice,,,18/09/2025,,"3,344.39"
REGN - Regeneration & Housing,,FAB - Facilities,,"02/08/2025 -
  01/09/2025 RANGER STREET DEPOT",,,62,,CRINV0013634,,EDF Energy - 9044031649 Consolidated Invoice,,,18/09/2025,,149.43
REGN - Regeneration & Housing,,FAB - Facilities,,"Site 26 01/08/2025 -
  31/08/2025 Bowl Houses Milnshaw Park",,,63,,CRINV0013634,,EDF Energy - 9044031649 Consolidated Invoice,,,18/09/2025,,67.1
REGN - Regeneration & Housing,,FAB - Facilities,,"Site 27 02/08/2025 -
  01/09/2025 The Stable & Motor House",,,64,,CRINV0013634,,EDF Energy - 9044031649 Consolidated Invoice,,,18/09/2025,,446.85
REGN - Regeneration & Housing,,FAB - Facilities,,"Site 28 02/08/2025 -
  01/09/2025 Cemetery Office Burnley Rd",,,65,,CRINV0013634,,EDF Energy - 9044031649 Consolidated Invoice,,,18/09/2025,,623.81
REGN - Regeneration & Housing,,FAB - Facilities,,"01/08/2025 -
  31/08/2025 Accrington Town Hall",,,66,,CRINV0013634,,EDF Energy - 9044031649 Consolidated Invoice,,,18/09/2025,,"4,070.92"
REGN - Regeneration & Housing,,FAB - Facilities,,"Site 29 02/08/2025 -
  01/09/2025 South Service Yard Accrington Marke",,,67,,CRINV0013634,,EDF Energy - 9044031649 Consolidated Invoice,,,18/09/2025,,53.91
REGN - Regeneration & Housing,,FAB - Facilities,,"Site 30 01/08/2025 -
  31/08/2025 Park Pavilion Lowerfold Road",,,68,,CRINV0013634,,EDF Energy - 9044031649 Consolidated Invoice,,,18/09/2025,,59.91
REGN - Regeneration & Housing,,FAB - Facilities,,"01/10/2024 -
  31/10/2024 Community Hub - Fielding Lane",,,69,,CRINV0013634,,EDF Energy - 9044031649 Consolidated Invoice,,,18/09/2025,,936.1
REGN - Regeneration & Housing,,FAB - Facilities,,"01/11/2024 -
  30/11/2024 Community Hub - Fielding Lane",,,70,,CRINV0013634,,EDF Energy - 9044031649 Consolidated Invoice,,,18/09/2025,,"1,448.21"
REGN - Regeneration & Housing,,FAB - Facilities,,"01/12/2024 -
  31/12/2024 Community Hub - Fielding Lane",,,71,,CRINV0013634,,EDF Energy - 9044031649 Consolidated Invoice,,,18/09/2025,,"1,856.14"
REGN - Regeneration & Housing,,FAB - Facilities,,"01/01/2025 -
  31/01/2025 Community Hub - Fielding Lane",,,72,,CRINV0013634,,EDF Energy - 9044031649 Consolidated Invoice,,,18/09/2025,,"1,862.29"
REGN - Regeneration & Housing,,FAB - Facilities,,"01/02/2025 -
  28/02/2025 Community Hub - Fielding Lane",,,73,,CRINV0013634,,EDF Energy - 9044031649 Consolidated Invoice,,,18/09/2025,,"1,520.43"
REGN - Regeneration & Housing,,FAB - Facilities,,"01/03/2025 -
  31/03/2025 Community Hub - Fielding Lane",,,74,,CRINV0013634,,EDF Energy - 9044031649 Consolidated Invoice,,,18/09/2025,,"1,086.42"
REGN - Regeneration & Housing,,FAB - Facilities,,"01/04/2025 -
  30/04/2025 Community Hub - Fielding Lane",,,75,,CRINV0013634,,EDF Energy - 9044031649 Consolidated Invoice,,,18/09/2025,,872.06
REGN - Regeneration & Housing,,FAB - Facilities,,"01/05/2025 -
  31/05/2025 Community Hub - Fielding Lane",,,76,,CRINV0013634,,EDF Energy - 9044031649 Consolidated Invoice,,,18/09/2025,,894.78
REGN - Regeneration & Housing,,FAB - Facilities,,"01/06/2025 -
  30/06/2025 Community Hub - Fielding Lane",,,77,,CRINV0013634,,EDF Energy - 9044031649 Consolidated Invoice,,,18/09/2025,,846.28
REGN - Regeneration & Housing,,FAB - Facilities,,"01/07/2025 -
  31/07/2025 Community Hub - Fielding Lane",,,78,,CRINV0013634,,EDF Energy - 9044031649 Consolidated Invoice,,,18/09/2025,,958.24
REGN - Regeneration & Housing,,FAB - Facilities,,"01/08/2025 -
  31/08/2025 Community Hub - Fielding Lane",,,79,,CRINV0013634,,EDF Energy - 9044031649 Consolidated Invoice,,,18/09/2025,,944.59
REGN - Regeneration & Housing,,FAB - Facilities,,"Site 31 02/08/2025 -
  01/09/2025 Street Lighting Feeder Pillar Clock",,,80,,CRINV0013634,,EDF Energy - 9044031649 Consolidated Invoice,,,18/09/2025,,48.16
REGN - Regeneration & Housing,,FAB - Facilities,,"Site 32 02/08/2025 -
  01/09/2025 Bullough Park Pavilion",,,81,,CRINV0013634,,EDF Energy - 9044031649 Consolidated Invoice,,,18/09/2025,,337.71
REGN - Regeneration & Housing,,FAB - Facilities,,Late payment Interest Charges,,,82,,CRINV0013634,,EDF Energy - 9044031649 Consolidated Invoice,,,18/09/2025,,18.47
REGN - Regeneration & Housing,,FAB - Facilities,,"Site 11 02/02/2025 - 01/03/2025 20
  Environmental Health Offices",,,83,,CRINV0013634,,EDF Energy - 9044031649 Consolidated Invoice,,,18/09/2025,,90.67-
REGN - Regeneration & Housing,,FAB - Facilities,,"Site 11 02/03/2025 -
  31/03/2025 20 Environmental Health Offices",,,84,,CRINV0013634,,EDF Energy - 9044031649 Consolidated Invoice,,,18/09/2025,,97.15-
REGN - Regeneration & Housing,,FAB - Facilities,,"Site 11 01/04/2025 -
  15/04/2025 20 Environmental Health Offices",,,85,,CRINV0013634,,EDF Energy - 9044031649 Consolidated Invoice,,,18/09/2025,,"1,780.91-"
REGN - Regeneration & Housing,,FAB - Facilities,,"Site 11 01/04/2025 -
  15/04/2025 20 Environmental Health Offices",,,86,,CRINV0013634,,EDF Energy - 9044031649 Consolidated Invoice,,,18/09/2025,,73.80-
REGN - Regeneration & Housing,,FAB - Facilities,,"01/07/2025 -
  31/07/2025 Scaitcliffe House",,,87,,CRINV0013634,,EDF Energy - 9044031649 Consolidated Invoice,,,18/09/2025,,"6,610.98-"
REGN - Regeneration & Housing,,FAB - Facilities,,"01/07/2025 -
  31/07/2025 Accrington Market Hall",,,88,,CRINV0013634,,EDF Energy - 9044031649 Consolidated Invoice,,,18/09/2025,,"3,131.71-"
REGN - Regeneration & Housing,,FAB - Facilities,,"Site 22 02/06/2025 -
  01/07/2025 Wilson Playing Fields",,,89,,CRINV0013634,,EDF Energy - 9044031649 Consolidated Invoice,,,18/09/2025,,"1,125.55-"
REGN - Regeneration & Housing,,FAB - Facilities,,"Site 22 02/06/2025 -
  10/06/2025 Wilson Playing Fields",,,90,,CRINV0013634,,EDF Energy - 9044031649 Consolidated Invoice,,,18/09/2025,,337.66-
REGN - Regeneration & Housing,,FAB - Facilities,,"Site 22 02/07/2025 -
  01/08/2025 Wilson Playing Fields",,,91,,CRINV0013634,,EDF Energy - 9044031649 Consolidated Invoice,,,18/09/2025,,"1,102.86-"
REGN - Regeneration & Housing,,FAB - Facilities,,"Site 24 23/10/2022 -
  01/12/2022 Willows Lane Depot",,,92,,CRINV0013634,,EDF Energy - 9044031649 Consolidated Invoice,,,18/09/2025,,"2,223.13-"
REGN - Regeneration & Housing,,FAB - Facilities,,"Site 24 02/12/2022 -
  31/12/2022 Willows Lane Depot",,,93,,CRINV0013634,,EDF Energy - 9044031649 Consolidated Invoice,,,18/09/2025,,"1,732.79-"
REGN - Regeneration & Housing,,FAB - Facilities,,"Site 24 01/01/2023 -
  01/02/2023 Willows Lane Depot",,,94,,CRINV0013634,,EDF Energy - 9044031649 Consolidated Invoice,,,18/09/2025,,"1,838.35-"
REGN - Regeneration & Housing,,FAB - Facilities,,"Site 24 02/02/2023 -
  01/03/2023 Willows Lane Depot",,,95,,CRINV0013634,,EDF Energy - 9044031649 Consolidated Invoice,,,18/09/2025,,"1,270.44-"
REGN - Regeneration & Housing,,FAB - Facilities,,"Site 24 02/03/2023 -
  31/03/2023 Willows Lane Depot",,,96,,CRINV0013634,,EDF Energy - 9044031649 Consolidated Invoice,,,18/09/2025,,"1,292.88-"
REGN - Regeneration & Housing,,FAB - Facilities,,"Site 24 01/04/2023 -
  30/04/2023 Willows Lane Depot",,,97,,CRINV0013634,,EDF Energy - 9044031649 Consolidated Invoice,,,18/09/2025,,"2,427.10-"
REGN - Regeneration & Housing,,FAB - Facilities,,"Site 24 01/06/2023 -
  01/07/2023 Willows Lane Depot",,,98,,CRINV0013634,,EDF Energy - 9044031649 Consolidated Invoice,,,18/09/2025,,"11,467.06-"
REGN - Regeneration & Housing,,FAB - Facilities,,"Site 24 02/07/2023 -
  31/07/2023 Willows Lane Depot",,,99,,CRINV0013634,,EDF Energy - 9044031649 Consolidated Invoice,,,18/09/2025,,"11,400.25-"
REGN - Regeneration & Housing,,FAB - Facilities,,"Site 24 01/07/2024 -
  31/07/2024 Willows Lane Depot",,,100,,CRINV0013634,,EDF Energy - 9044031649 Consolidated Invoice,,,18/09/2025,,"1,787.56-"
REGN - Regeneration & Housing,,FAB - Facilities,,"Site 24 01/08/2024 -
  31/08/2024 Willows Lane Depot",,,101,,CRINV0013634,,EDF Energy - 9044031649 Consolidated Invoice,,,18/09/2025,,"1,795.45-"
REGN - Regeneration & Housing,,FAB - Facilities,,"Site 24 01/09/2024 -
  30/09/2024 Willows Lane Depot",,,102,,CRINV0013634,,EDF Energy - 9044031649 Consolidated Invoice,,,18/09/2025,,"1,814.17-"
REGN - Regeneration & Housing,,FAB - Facilities,,"Site 24 01/10/2024 -
  01/11/2024 Willows Lane Depot",,,103,,CRINV0013634,,EDF Energy - 9044031649 Consolidated Invoice,,,18/09/2025,,"1,989.99-"
REGN - Regeneration & Housing,,FAB - Facilities,,"Site 24 02/11/2024 -
  01/12/2024 Willows Lane Depot",,,104,,CRINV0013634,,EDF Energy - 9044031649 Consolidated Invoice,,,18/09/2025,,"3,435.48-"
REGN - Regeneration & Housing,,FAB - Facilities,,"Site 24 02/12/2024 -
  01/01/2025 Willows Lane Depot",,,105,,CRINV0013634,,EDF Energy - 9044031649 Consolidated Invoice,,,18/09/2025,,"3,654.24-"
REGN - Regeneration & Housing,,FAB - Facilities,,"Site 24 02/01/2025 -
  01/02/2025 Willows Lane Depot",,,106,,CRINV0013634,,EDF Energy - 9044031649 Consolidated Invoice,,,18/09/2025,,"4,162.91-"
REGN - Regeneration & Housing,,FAB - Facilities,,"Site 24 02/02/2025 -
  01/03/2025 Willows Lane Depot",,,107,,CRINV0013634,,EDF Energy - 9044031649 Consolidated Invoice,,,18/09/2025,,"3,677.26-"
REGN - Regeneration & Housing,,FAB - Facilities,,"Site 24 02/03/2025 -
  01/04/2025 Willows Lane Depot",,,108,,CRINV0013634,,EDF Energy - 9044031649 Consolidated Invoice,,,18/09/2025,,"5,954.31-"
REGN - Regeneration & Housing,,FAB - Facilities,,"Site 24 02/04/2025 -
  30/04/2025 Willows Lane Depot",,,109,,CRINV0013634,,EDF Energy - 9044031649 Consolidated Invoice,,,18/09/2025,,"4,755.90-"
REGN - Regeneration & Housing,,FAB - Facilities,,"Site 24 01/05/2025 -
  31/05/2025 Willows Lane Depot",,,110,,CRINV0013634,,EDF Energy - 9044031649 Consolidated Invoice,,,18/09/2025,,"4,859.57-"
REGN - Regeneration & Housing,,FAB - Facilities,,"Site 24 01/06/2025 -
  30/06/2025 Willows Lane Depot",,,111,,CRINV0013634,,EDF Energy - 9044031649 Consolidated Invoice,,,18/09/2025,,"4,629.21-"
REGN - Regeneration & Housing,,FAB - Facilities,,"01/10/2024 -
  31/10/2024 Community Hub - Fielding Lane",,,112,,CRINV0013634,,EDF Energy - 9044031649 Consolidated Invoice,,,18/09/2025,,"3,824.38-"
REGN - Regeneration & Housing,,FAB - Facilities,,"01/11/2024 -
  30/11/2024 Community Hub - Fielding Lane",,,113,,CRINV0013634,,EDF Energy - 9044031649 Consolidated Invoice,,,18/09/2025,,"5,911.19-"
REGN - Regeneration & Housing,,FAB - Facilities,,"01/12/2024 -
  31/12/2024 Community Hub - Fielding Lane",,,114,,CRINV0013634,,EDF Energy - 9044031649 Consolidated Invoice,,,18/09/2025,,"5,861.57-"
REGN - Regeneration & Housing,,FAB - Facilities,,"01/01/2025 -
  31/01/2025 Community Hub - Fielding Lane",,,115,,CRINV0013634,,EDF Energy - 9044031649 Consolidated Invoice,,,18/09/2025,,"6,434.89-"
REGN - Regeneration & Housing,,FAB - Facilities,,"01/02/2025 -
  28/02/2025 Community Hub - Fielding Lane",,,116,,CRINV0013634,,EDF Energy - 9044031649 Consolidated Invoice,,,18/09/2025,,"5,811.99-"
REGN - Regeneration & Housing,,FAB - Facilities,,"01/03/2025 -
  31/03/2025 Community Hub - Fielding Lane",,,117,,CRINV0013634,,EDF Energy - 9044031649 Consolidated Invoice,,,18/09/2025,,"5,962.55-"
REGN - Regeneration & Housing,,FAB - Facilities,,"01/04/2025 -
  30/04/2025 Community Hub - Fielding Lane",,,118,,CRINV0013634,,EDF Energy - 9044031649 Consolidated Invoice,,,18/09/2025,,"5,607.48-"
REGN - Regeneration & Housing,,FAB - Facilities,,"01/05/2025 -
  31/05/2025 Community Hub - Fielding Lane",,,119,,CRINV0013634,,EDF Energy - 9044031649 Consolidated Invoice,,,18/09/2025,,"5,478.50-"
REGN - Regeneration & Housing,,FAB - Facilities,,"01/06/2025 -
  30/06/2025 Community Hub - Fielding Lane",,,120,,CRINV0013634,,EDF Energy - 9044031649 Consolidated Invoice,,,18/09/2025,,"5,458.73-"
REGN - Regeneration & Housing,,FAB - Facilities,,"01/07/2025 -
  31/07/2025 Community Hub - Fielding Lane",,,121,,CRINV0013634,,EDF Energy - 9044031649 Consolidated Invoice,,,18/09/2025,,"5,655.70-"
REGN - Regeneration & Housing,,FAG - Regeneration,,Temp staff w/e 24.8.25,,,1,,CRPOI0013056,,Vivid Resourcing,,,18/09/2025,,"1,500.00"
ENVS - Environmental Services,,CAE - Waste Services,,200 Pairs X Grey Nitrate Gloves ,,,1,,CRPOI0013072,,"Bubbles, Brushes & Wiper Co Ltd",,,18/09/2025,,194.4
ENVS - Environmental Services,,CAE - Waste Services,,100 Pairs X Yellow Safety Gloves Size 9 ,,,2,,CRPOI0013072,,"Bubbles, Brushes & Wiper Co Ltd",,,18/09/2025,,118.8
RESO - Resources,,AAB - Benefits & Customer Contact,,CTR Scheme Design,,,1,,CRPOI0013409,,Investment Solver Ltd,,,18/09/2025,,"7,200.00"
ENVH - Environmental Health,,BAA - Housing Standards,,Cx Asset Management Software Annual Renewal,,,1,,CRPOI0013485,,Civica Uk Limited,,,18/09/2025,,"237,000.00"
ENVH - Environmental Health,,BAA - Housing Standards,,Annual Azure Hosting 19/08/2025 - 30/09/2025,,,2,,CRPOI0013485,,Civica Uk Limited,,,18/09/2025,,910
ENVH - Environmental Health,,BAA - Housing Standards,,SharePoint integration consultancy,,,3,,CRPOI0013485,,Civica Uk Limited,,,18/09/2025,,"3,000.00"
ENVS - Environmental Services,,CAC - Parks & Cemeteries,,6 X JCB Loadall training for 6 candidates - Nov 25,,,1,,CRPOI0013534,,Adam Wood FLT Training Services Ltd,,,18/09/2025,,"1,400.00"
ENVS - Environmental Services,,CAF - CVMU,,"23,000 Lts HVO ",,,1,,CRPOI0013582,,Certas Energy,,,18/09/2025,,"28,217.76"
ENVS - Environmental Services,,CAF - CVMU,,"23,000 Lts HVO ",,,1,,CRPOI0013584,,Certas Energy,,,18/09/2025,,"7,751.70"
LEGL - Legal & Democratic,,DAB - Human Resources,,Recruitment Posting/Job Listings,,,1,,CRINV0013065,,Hemming Group Limited,,,23/09/2025,,"6,300.00"
ENVS - Environmental Services,,CAC - Parks & Cemeteries,,Agency staff - w/c 18.08.25,,,1,,CRINV0013101,,Proman Supply Chain Ltd,,,23/09/2025,,"1,377.62"
LEGL - Legal & Democratic,,DAB - Human Resources,,Building Construction Modules,,,1,,CRINV0013104,,Chartered Inst. Of Environmental Health,,,23/09/2025,,660
ENVS - Environmental Services,,CAF - CVMU,,Sabo Air spring,,,1,,CRINV0013133,,A&P Truck And Trailer Parts,,,23/09/2025,,380.95
RESO - Resources,,AAB - Benefits & Customer Contact,,Vat on Fees Collected,,,1,,CRINV0013140,,Marston (Holdings) Ltd,,,23/09/2025,,"3,464.55"
RESO - Resources,,AAB - Benefits & Customer Contact,,Vat on Fees Collected,,,1,,CRINV0013141,,Marston (Holdings) Ltd,,,23/09/2025,,389.82
ENVS - Environmental Services,,CAC - Parks & Cemeteries,,Streaming / Music Tributes,,,1,,CRINV0013145,,Obitus (Vivedia Ltd),,,23/09/2025,,"1,864.80"
LEGL - Legal & Democratic,,DAC - Legal,,Professional Fees,,,1,,CRINV0013147,,Mr Harry Dyson (Kings Chambers),,,23/09/2025,,"1,560.00"
PLAN - Planning & Transportation,,EAB - Engineers & Transportation,,Street Signs,,,1,,CRINV0013151,,G & G Signs,,,23/09/2025,,624
RESO - Resources,,AAG - Management Resources,,Wilsons Sports Village Recharges on Equipment bought,,,1,,CRINV0013182,,Hyndburn Leisure,,,23/09/2025,,"11,084.23"
ENVS - Environmental Services,,CAB - Other Environmental Services,,August Contract,,,1,,CRINV0013242,,Aspen Valley Boarding Kennels & Cattery,,,23/09/2025,,"1,903.00"
ENVS - Environmental Services,,CAF - CVMU,,Tyres,,,1,,CRINV0013257,,Rossendale Vulcanising (Sales Ltd),,,23/09/2025,,"7,188.00"
LEGL - Legal & Democratic,,DAG - Elections,,Room Hire,,,1,,CRINV0013334,,Onward Homes,,,23/09/2025,,720
REGN - Regeneration & Housing,,FAB - Facilities,,Civic Theatre - Isolate Lift - 01.08.25,,,1,,CRINV0013343,,H Breakell & Co (Blackburn) Limited,,,23/09/2025,,360
REGN - Regeneration & Housing,,FAB - Facilities,,Call outs - Aug 25 - Lowerfold,,,1,,CRINV0013365,,Keyplus Security Ltd,,,23/09/2025,,255.03
REGN - Regeneration & Housing,,FAB - Facilities,,Alarm response Aug 25,,,1,,CRINV0013368,,Keyplus Security Ltd,,,23/09/2025,,530.41
REGN - Regeneration & Housing,,FAB - Facilities,,Alarm response Aug 25,,,1,,CRINV0013369,,Keyplus Security Ltd,,,23/09/2025,,265.21
RESO - Resources,,AAB - Benefits & Customer Contact,,Temp staff w/e 24/08/25,,,1,,CRINV0013391,,Venn Group Limited,,,23/09/2025,,"1,278.28"
RESO - Resources,,AAB - Benefits & Customer Contact,,services august 2025,,,1,,CRINV0013396,,Critiqom,,,23/09/2025,,293.8
RESO - Resources,,AAB - Benefits & Customer Contact,,Services August 25,,,1,,CRINV0013406,,Critiqom,,,23/09/2025,,384
RESO - Resources,,AAB - Benefits & Customer Contact,,Services August 25,,,2,,CRINV0013406,,Critiqom,,,23/09/2025,,97.49
RESO - Resources,,AAB - Benefits & Customer Contact,,Recharge of Cleaning Costs - Broadway 01.08 - 31.08.25,,,1,,CRINV0013414,,Hyndburn Leisure,,,23/09/2025,,"1,918.06"
RESO - Resources,,AAB - Benefits & Customer Contact,,Recharge of Utility Costs - Broadway Offices - August 2025,,,1,,CRINV0013421,,Hyndburn Leisure,,,23/09/2025,,"2,189.37"
ENVS - Environmental Services,,CAC - Parks & Cemeteries,,Agency staff - w/e 31.08.25,,,1,,CRINV0013434,,Rapid Recruitment Ltd,,,23/09/2025,,"1,571.76"
ENVS - Environmental Services,,CAE - Waste Services,,Agency staff - w/e 31.08.25,,,1,,CRINV0013435,,Rapid Recruitment Ltd,,,23/09/2025,,"1,194.18"
ENVS - Environmental Services,,CAC - Parks & Cemeteries,,Agency staff - w/e 31.08.25,,,1,,CRINV0013436,,Rapid Recruitment Ltd,,,23/09/2025,,643.22
ENVS - Environmental Services,,CAE - Waste Services,,Monthly Service Charge,,,1,,CRINV0013437,,Trakm8 Holdings Plc,,,23/09/2025,,133.4
ENVS - Environmental Services,,CAE - Waste Services,,Monthly Service Charge,,,2,,CRINV0013437,,Trakm8 Holdings Plc,,,23/09/2025,,40
ENVS - Environmental Services,,CAE - Waste Services,,Monthly Service Charge,,,3,,CRINV0013437,,Trakm8 Holdings Plc,,,23/09/2025,,40
ENVS - Environmental Services,,CAE - Waste Services,,Monthly Service Charge,,,4,,CRINV0013437,,Trakm8 Holdings Plc,,,23/09/2025,,13.34
ENVS - Environmental Services,,CAE - Waste Services,,Monthly Service Charge,,,5,,CRINV0013437,,Trakm8 Holdings Plc,,,23/09/2025,,26.72
ENVS - Environmental Services,,CAE - Waste Services,,Monthly Service Charges,,,6,,CRINV0013437,,Trakm8 Holdings Plc,,,23/09/2025,,13.34
ENVS - Environmental Services,,CAE - Waste Services,,Monthly Service Charges,,,7,,CRINV0013437,,Trakm8 Holdings Plc,,,23/09/2025,,13.34
ENVS - Environmental Services,,CAE - Waste Services,,Monthly Service Charges,,,8,,CRINV0013437,,Trakm8 Holdings Plc,,,23/09/2025,,13.34
ENVS - Environmental Services,,CAE - Waste Services,,Monthly Service Charges,,,9,,CRINV0013437,,Trakm8 Holdings Plc,,,23/09/2025,,13.34
ENVS - Environmental Services,,CAE - Waste Services,,Monthly Service Charges,,,10,,CRINV0013437,,Trakm8 Holdings Plc,,,23/09/2025,,13.34
PLAN - Planning & Transportation,,EAA - Building Control,,Agency Staff - w/e 12.09.25,,,1,,CRINV0013629,,Deekay Tech Recruitment Ltd,,,23/09/2025,,"1,547.52"
ENVS - Environmental Services,,CAE - Waste Services,,Waste Disposal Charges,,,1,,CRINV0013671,,Suez Recycling And Recovery Uk Ltd,,,23/09/2025,,"2,521.37"
ENVS - Environmental Services,,CAE - Waste Services,,Landfill Tax,,,2,,CRINV0013671,,Suez Recycling And Recovery Uk Ltd,,,23/09/2025,,"11,595.71"
LEGL - Legal & Democratic,,DAB - Human Resources,,Accrington Market Chambers - Interpretation Plan - Sixth Payment,,,1,,CRINV0013703,,GSS Consulting Ltd,,,23/09/2025,,"2,000.00"
LEGL - Legal & Democratic,,DAB - Human Resources,,Accrington Market Chambers - Interpretation Plan - Seventh Payment,,,1,,CRINV0013704,,GSS Consulting Ltd,,,23/09/2025,,"2,000.00"
ENVS - Environmental Services,,CAC - Parks & Cemeteries,,"Prepare tender documents, maintenance plan",,,1,,CRPOI0013083,,STRI Ltd,,,23/09/2025,,"1,038.17"
REGN - Regeneration & Housing,,FAB - Facilities,,Annual mtce of refrigeration eqpt,,,1,,CRPOI0013128,,Affordable Bar & Catering Equipment Direct,,,23/09/2025,,"1,926.00"
REGN - Regeneration & Housing,,FAG - Regeneration,,Temp staff w/e 31.8.25,,,1,,CRPOI0013173,,Vivid Resourcing,,,23/09/2025,,"1,800.00"
REGN - Regeneration & Housing,,FAF - Strategic Housing,, supply and install CCTV tower at location with effect from 9th July 2025 ,,,1,,CRPOI0013189,,BauWatch UK,,,23/09/2025,,"1,525.20"
RESO - Resources,,AAD - ICT,,"Annual Rental 01/10/2025 - 30/09/2026  
1 X 1G Circuit Scaitcliffe House, BB5 0DW to Accrington Cemetery, BB5 6HA - Annual Rental 01/10/2025 - 30/09/2026 2942.",,,1,,CRPOI0013232,,The Networking People (TNP) Ltd,,,23/09/2025,,"14,323.94"
ENVS - Environmental Services,,CAD - Town Centre & Markets,,Artwork,,,1,,CRPOI0013265,,Scott Dawson Advertising Ltd,,,23/09/2025,,234
ENVS - Environmental Services,,CAD - Town Centre & Markets,,14 X Banners for Broadway,,,2,,CRPOI0013265,,Scott Dawson Advertising Ltd,,,23/09/2025,,"5,880.00"
ENVS - Environmental Services,,CAD - Town Centre & Markets,,2 X 3m x 1.5m Posters for Town Hall,,,3,,CRPOI0013265,,Scott Dawson Advertising Ltd,,,23/09/2025,,792
ENVS - Environmental Services,,CAD - Town Centre & Markets,,1 X 800m of Bunting ,,,4,,CRPOI0013265,,Scott Dawson Advertising Ltd,,,23/09/2025,,333.6
ENVS - Environmental Services,,CAD - Town Centre & Markets,,300 X 20mm Circular Window Stickers ,,,5,,CRPOI0013265,,Scott Dawson Advertising Ltd,,,23/09/2025,,"1,080.00"
ENVS - Environmental Services,,CAD - Town Centre & Markets,,1000 X Handwaving Flags ,,,6,,CRPOI0013265,,Scott Dawson Advertising Ltd,,,23/09/2025,,600
ENVS - Environmental Services,,CAD - Town Centre & Markets,,Scaffolding,,,7,,CRPOI0013265,,Scott Dawson Advertising Ltd,,,23/09/2025,,576
ENVS - Environmental Services,,CAB - Other Environmental Services,,6 X OBD Fuelling Device Installation ,,,1,,CRPOI0013388,,Triscan Systems Limited,,,23/09/2025,,664.81
ENVS - Environmental Services,,CAB - Other Environmental Services,,6 X OBD Fuelling Device Installation ,,,2,,CRPOI0013388,,Triscan Systems Limited,,,23/09/2025,,664.82
ENVS - Environmental Services,,CAB - Other Environmental Services,,6 X OBD Fuelling Device Installation ,,,3,,CRPOI0013388,,Triscan Systems Limited,,,23/09/2025,,"1,994.47"
ENVS - Environmental Services,,CAB - Other Environmental Services,,6 X OBD Fuelling Device Installation,,,4,,CRPOI0013388,,Triscan Systems Limited,,,23/09/2025,,664.82
REGN - Regeneration & Housing,,FAB - Facilities,, Annual Flagpole inspection and cleaning 2025 ,,,1,,CRPOI0013496,,Glassfibre Flagpoles Limited,,,23/09/2025,,"4,500.00"
REGN - Regeneration & Housing,,FAB - Facilities,,"Supply, install and commission of 18 camera HD system. ",,,1,,CRPOI0013576,,Full Circuit Fire & Security Ltd,,,23/09/2025,,"1,548.51"
REGN - Regeneration & Housing,,FAB - Facilities,y,Banner Inspections,,,1,,CRPOI0013639,,Rutters,,,23/09/2025,,"2,340.00"
ENVH - Environmental Health,,BAB - Environmental Protection,,Agency staff - w/e 31.08.25,,,1,,CRINV0013152,,Vivid Resourcing,,,25/09/2025,,423.36
RESO - Resources,,AAB - Benefits & Customer Contact,,Debt Collection Fees,,,1,,CRINV0013159,,Marston (Holdings) Ltd,,,25/09/2025,,712.84
LEGL - Legal & Democratic,,DAB - Human Resources,,HBC - Market Chambers - Project Man Support - Aug 25,,,1,,CRINV0013172,,Naomi Atherton Ltd,,,25/09/2025,,"3,952.50"
REGN - Regeneration & Housing,,FAB - Facilities,,Oakhill - Sept 25,,,1,,CRINV0013214,,ServiceMaster Clean Contract Services AAA,,,25/09/2025,,407.76
REGN - Regeneration & Housing,,FAB - Facilities,,Parker Street - Sept 25,,,1,,CRINV0013216,,ServiceMaster Clean Contract Services AAA,,,25/09/2025,,264.23
REGN - Regeneration & Housing,,FAB - Facilities,,Lowerfold Pavilion Cleaning,,,1,,CRINV0013219,,ServiceMaster Clean Contract Services AAA,,,25/09/2025,,264.23
REGN - Regeneration & Housing,,FAB - Facilities,,peel park pavilion cleaning,,,1,,CRINV0013224,,ServiceMaster Clean Contract Services AAA,,,25/09/2025,,264.23
REGN - Regeneration & Housing,,FAB - Facilities,,Mercer Park Toilet Cleaning September 2025,,,1,,CRINV0013229,,ServiceMaster Clean Contract Services AAA,,,25/09/2025,,264.23
REGN - Regeneration & Housing,,FAB - Facilities,,Rhyddings Pavillion September 2025,,,1,,CRINV0013231,,ServiceMaster Clean Contract Services AAA,,,25/09/2025,,264.23
ENVS - Environmental Services,,CAF - CVMU,,Cleaning CVMU Sept 25,,,1,,CRINV0013258,,ServiceMaster Clean Contract Services AAA,,,25/09/2025,,"1,070.47"
ENVS - Environmental Services,,CAB - Other Environmental Services,,Cleaning Willows Lane,,,1,,CRINV0013268,,ServiceMaster Clean Contract Services AAA,,,25/09/2025,,"1,391.64"
ENVS - Environmental Services,,CAC - Parks & Cemeteries,,Supplementary Cleaning Rhyddings - Sept 25,,,1,,CRINV0013275,,ServiceMaster Clean Contract Services AAA,,,25/09/2025,,722.53
ENVS - Environmental Services,,CAC - Parks & Cemeteries,,Monthly Doc Charges,,,1,,CRINV0013279,,Minster Cleaning Services,,,25/09/2025,,"1,621.61"
REGN - Regeneration & Housing,,FAC - Haworth Art Gallery,,Wedding catering,,,1,,CRINV0013298,,S.R.S. Catering Ltd,,,25/09/2025,,"6,550.00"
ENVS - Environmental Services,,CAC - Parks & Cemeteries,,Weekly Cleaning Mercer Park Bowls September 2025,,,1,,CRINV0013307,,ServiceMaster Clean Contract Services AAA,,,25/09/2025,,264.23
ENVS - Environmental Services,,CAC - Parks & Cemeteries,,Weekly Cleaning for month of September 2025,,,1,,CRINV0013308,,ServiceMaster Clean Contract Services AAA,,,25/09/2025,,294.18
ENVS - Environmental Services,,CAC - Parks & Cemeteries,,Wilsons Supplementary Cleaning September 2025,,,1,,CRINV0013312,,ServiceMaster Clean Contract Services AAA,,,25/09/2025,,802.84
PLAN - Planning & Transportation,,EAD - Planning,,Agency staff -  - 25.08.25-29.08.25,,,1,,CRINV0013325,,Confido Consult Ltd,,,25/09/2025,,"1,946.64"
ENVS - Environmental Services,,CAF - CVMU,,Vehicle parts,,,1,,CRINV0013330,,Dennis Eagle Limited,,,25/09/2025,,350.05
ENVS - Environmental Services,,CAF - CVMU,,Rental Charges 23.09.25 - 22.09.26 ,,,1,,CRINV0013430,,Specialist Fleet Services Ltd,,,25/09/2025,,"69,069.60"
ENVS - Environmental Services,,CAF - CVMU,,Vehicle Rental - 23.09.25 - 22.09.26 ,,,1,,CRINV0013431,,Specialist Fleet Services Ltd,,,25/09/2025,,"69,069.60"
LEGL - Legal & Democratic,,DAG - Elections,,Postage Charges,,,1,,CRINV0013457,,Royal Mail Group Ltd,,,25/09/2025,,322.32
RESO - Resources,,AAD - ICT,,Charges,,,1,,CRINV0013459,,Aspire Technology Solutions Limited,,,25/09/2025,,958.59
RESO - Resources,,AAD - ICT,,Charges - 01.09.25 - 31.11.25,,,1,,CRINV0013521,,British Telecommunications Plc,,,25/09/2025,,"1,807.77"
RESO - Resources,,AAG - Management Resources,,Rental Extension Invoice,,,1,,CRINV0013636,,Lex Autolease Ltd,,,25/09/2025,,556.74
RESO - Resources,,AAG - Management Resources,,Rental Extension Invoice,,,2,,CRINV0013636,,Lex Autolease Ltd,,,25/09/2025,,556.74
RESO - Resources,,AAG - Management Resources,,Rental Extension Invoice,,,3,,CRINV0013636,,Lex Autolease Ltd,,,25/09/2025,,46.54
ENVS - Environmental Services,,CAC - Parks & Cemeteries,,36 Month Renewal ,,,1,,CRINV0013676,,Inseego UK Ltd,,,25/09/2025,,302.4
REGN - Regeneration & Housing,,FAB - Facilities,,New motor fitted to Jubilee Clock,,,1,,CRINV0013685,,Lancashire Clockmakers,,,25/09/2025,,648
REGN - Regeneration & Housing,,FAF - Strategic Housing,,Affordable warmth Grant,,,1,,CRINV0013690,,JPS Property Services Limited,,,25/09/2025,,"3,950.00"
RESO - Resources,,AAG - Management Resources,,Cabinet Action Fund Grant - CAF26,,,1,,CRINV0013692,,Globe Bowling and Billiard Club,,,25/09/2025,,"1,000.00"
ENVS - Environmental Services,,CAF - CVMU,,Agency Staff - w/e 21.09.25,,,1,,CRINV0013728,,Autotech Recruit,,,25/09/2025,,"1,026.60"
REGN - Regeneration & Housing,,FAF - Strategic Housing,,Workshop Tender / Graphics / Printed Materials,,,1,,CRINV0013751,,Scott Dawson Advertising Ltd,,,25/09/2025,,"7,800.00"
REGN - Regeneration & Housing,,FAB - Facilities,,Reapirs to lighting protection system,,,1,,CRPOI0013146,,Premier Technical Services Group,,,25/09/2025,,"1,529.44"
ENVS - Environmental Services,,CAC - Parks & Cemeteries,,1KG Native British General purpose wildflower seed mix,,,1,,CRPOI0013335,,MAS Seeds Ltd,,,25/09/2025,,229.01
ENVS - Environmental Services,,CAC - Parks & Cemeteries,,1KG Yellow Rattle seed,,,2,,CRPOI0013335,,MAS Seeds Ltd,,,25/09/2025,,289
ENVS - Environmental Services,,CAC - Parks & Cemeteries,,Shipping,,,3,,CRPOI0013335,,MAS Seeds Ltd,,,25/09/2025,,5.97
LEGL - Legal & Democratic,,DAA - Democratic Services,,"14x Brass effect, engraved name plaques",,,1,,CRPOI0013412,,The Small Sign Company,,,25/09/2025,,420
RESO - Resources,,AAD - ICT,,1 x Watchguard Basic Security Suite Renewal for 1 year ,,,1,,CRPOI0013524,,Claranet Limited,,,25/09/2025,,"1,284.46"
ENVS - Environmental Services,,CAC - Parks & Cemeteries,, To fell approx. 23 Ash rmeoving all debris,,,1,,CRPOI0013693,,Dlc Tree Services,,,25/09/2025,,"6,420.00"
ENVS - Environmental Services,,CAB - Other Environmental Services,,"50,000 Orange/Tint Polythene Bags Printed in Black Ink 
Stock Code 480 x 787 x 990mm x 30micron
Packaging Folds 50`s / Boxed 400`s
Price 65.75 per 1000 (excl vat)",,,1,,CRPOI0013706,,Imperial Polythene,,,25/09/2025,,662.76
REGN - Regeneration & Housing,,FAB - Facilities,,Asbestos survey,,,1,,CRPOI0013718,,Consultants & Specialist Surveyors Ltd,,,25/09/2025,,714
REGN - Regeneration & Housing,,FAC - Haworth Art Gallery,,"Purchase of Digital Strategy and Action Plan 
Invoices to be paid as follows:
1. 2625 with VAT 3150
2. 3250 with VAT 3900
3. 1500 with VAT 1500
4. 2875 with VAT 3450",,,1,,CRPOI0013720,,The Audience Agency,,,25/09/2025,,"3,150.00"
PLAN - Planning & Transportation,,EAD - Planning,,Period - 1.8.25-31.8.25,,,1,,CRINV0013142,,A D Blackburn,,,30/09/2025,,661.13
PLAN - Planning & Transportation,,EAD - Planning,,Agency Fees P/E: 31-Aug-2025,,,1,,CRINV0013185,,Vivid Resourcing,,,30/09/2025,,"1,818.00"
LEGL - Legal & Democratic,,DAB - Human Resources,,1 Delegate Planning Conference - 19 September 2025,,,1,,CRINV0013235,,Lawyers In Local Government (LLG),,,30/09/2025,,276
LEGL - Legal & Democratic,,DAG - Elections,,Publications 2025,,,1,,CRINV0013261,,Assoc. Of Electoral Administrators,,,30/09/2025,,393.6
ENVH - Environmental Health,,BAA - Housing Standards,,Agency Staff - w/c 18.08.25,,,1,,CRINV0013270,,Oyster Partnership,,,30/09/2025,,"1,153.15"
PLAN - Planning & Transportation,,EAD - Planning,,Temp staff w/e 29.6.25,,,1,,CRINV0013284,,Carrington West Limited,,,30/09/2025,,"1,526.44"
PLAN - Planning & Transportation,,EAD - Planning,,Temp staff w/e 6.7.25,,,1,,CRINV0013285,,Carrington West Limited,,,30/09/2025,,"1,317.34"
PLAN - Planning & Transportation,,EAD - Planning,,Temp staff w/e 13.7.25,,,1,,CRINV0013286,,Carrington West Limited,,,30/09/2025,,"1,505.52"
PLAN - Planning & Transportation,,EAD - Planning,,Temp staff w/e 20.7.25,,,1,,CRINV0013287,,Carrington West Limited,,,30/09/2025,,"1,568.26"
PLAN - Planning & Transportation,,EAD - Planning,,Temp staff w/e 27.7.25,,,1,,CRINV0013288,,Carrington West Limited,,,30/09/2025,,"1,568.26"
PLAN - Planning & Transportation,,EAD - Planning,,Temp staff w/e 3.8.25,,,1,,CRINV0013289,,Carrington West Limited,,,30/09/2025,,"1,568.26"
PLAN - Planning & Transportation,,EAD - Planning,,Temp staff w/e 10.8.25,,,1,,CRINV0013290,,Carrington West Limited,,,30/09/2025,,"1,568.26"
PLAN - Planning & Transportation,,EAD - Planning,,Temp staff w/e 17.8.25,,,1,,CRINV0013291,,Carrington West Limited,,,30/09/2025,,"1,505.52"
ENVS - Environmental Services,,CAC - Parks & Cemeteries,,Buriel Services,,,1,,CRINV0013313,,James O Garnett Ltd,,,30/09/2025,,"2,340.00"
PLAN - Planning & Transportation,,EAD - Planning,,Agency staff - w/e 07.09.25,,,1,,CRINV0013324,,Vivid Resourcing,,,30/09/2025,,"2,196.00"
RESO - Resources,,AAB - Benefits & Customer Contact,,Temporary Staff 31.08.25,,,1,,CRINV0013411,,Venn Group Limited,,,30/09/2025,,"1,278.28"
ENVS - Environmental Services,,CAC - Parks & Cemeteries,,Cemetery and Crematorium Works Books,,,1,,CRINV0013425,,Nottingham Label Company Limited,,,30/09/2025,,267.6
ENVS - Environmental Services,,CAB - Other Environmental Services,,Vehicle Hire - 03.09.25 ,,,1,,CRINV0013428,,Stanley Brothers (Tippers) Ltd,,,30/09/2025,,744
ENVS - Environmental Services,,CAC - Parks & Cemeteries,,Agency staff - w/c 25.08.25,,,1,,CRINV0013433,,Proman Supply Chain Ltd,,,30/09/2025,,"1,761.56"
PLAN - Planning & Transportation,,EAD - Planning,,Agency staff - w/e 07.09.25,,,1,,CRINV0013467,,Macdonald & Company,,,30/09/2025,,"1,758.90"
ENVS - Environmental Services,,CAF - CVMU,,Vehicle parts,,,1,,CRINV0013489,,Spaldings Uk Ltd,,,30/09/2025,,664.39
PLAN - Planning & Transportation,,EAD - Planning,,Agency Costs Week 43 01/09-05/09,,,1,,CRINV0013532,,Confido Consult Ltd,,,30/09/2025,,"2,288.76"
REGN - Regeneration & Housing,,FAB - Facilities,,Disabled Facilities Grant,,,1,,CRINV0013565,,Greenable Construction Ltd,,,30/09/2025,,"10,000.00"
RESO - Resources,,AAF - Finance,,Agency Staff - w/e 07.09.25,,,1,,CRINV0013598,,Rapid Recruitment Ltd,,,30/09/2025,,"2,730.97"
ENVS - Environmental Services,,CAE - Waste Services,,Agency staff - w/e 07.09.25,,,1,,CRINV0013599,,Rapid Recruitment Ltd,,,30/09/2025,,"1,454.74"
ENVS - Environmental Services,,CAC - Parks & Cemeteries,,Agency Staff - w/e 07.09.25,,,1,,CRINV0013600,,Rapid Recruitment Ltd,,,30/09/2025,,321.61
PLAN - Planning & Transportation,,EAD - Planning,,Agency staff - w/e 14.09.25,,,1,,CRINV0013635,,Macdonald & Company,,,30/09/2025,,879.45
PLAN - Planning & Transportation,,EAD - Planning,,Agency staff - w/e 14.09.25,,,2,,CRINV0013635,,Macdonald & Company,,,30/09/2025,,879.45
REGN - Regeneration & Housing,,FAF - Strategic Housing,,Huncoat Lane - Val 4,,,1,,CRINV0013643,,Eric Wright Civil Engineering Ltd,,,30/09/2025,,"2,646.32"
RESO - Resources,,AAB - Benefits & Customer Contact,,Household Support Fund Award,,,1,,CRINV0013652,,Aawaz,,,30/09/2025,,"3,000.00"
RESO - Resources,,AAB - Benefits & Customer Contact,,Household Support Fund Award,,,1,,CRINV0013653,,Brave Church,,,30/09/2025,,"3,000.00"
RESO - Resources,,AAB - Benefits & Customer Contact,,Household Support Fund Award,,,1,,CRINV0013654,,Carers Link Lancashire,,,30/09/2025,,"3,000.00"
RESO - Resources,,AAB - Benefits & Customer Contact,,Household Support Fund Award,,,1,,CRINV0013655,,Accrington Christians Together Food Pantry,,,30/09/2025,,"3,000.00"
RESO - Resources,,AAB - Benefits & Customer Contact,,Finance Advice and Household Support,,,1,,CRINV0013656,,Citizens Advice East Lancashire,,,30/09/2025,,"10,415.00"
RESO - Resources,,AAB - Benefits & Customer Contact,,Household Support Fund Award,,,1,,CRINV0013657,,Citizens Advice East Lancashire,,,30/09/2025,,"3,000.00"
RESO - Resources,,AAB - Benefits & Customer Contact,,Household Support Fund Award,,,1,,CRINV0013658,,Community Solutions North West Ltd,,,30/09/2025,,"3,000.00"
RESO - Resources,,AAB - Benefits & Customer Contact,,Finance Advice and Household Support,,,1,,CRINV0013660,,Lancashire Women,,,30/09/2025,,"10,415.00"
RESO - Resources,,AAB - Benefits & Customer Contact,,Household Support Fund Award,,,1,,CRINV0013661,,Lancashire Women,,,30/09/2025,,"3,000.00"
RESO - Resources,,AAB - Benefits & Customer Contact,,Household Support Fund Award,,,1,,CRINV0013662,,Maundy Relief,,,30/09/2025,,"3,000.00"
RESO - Resources,,AAB - Benefits & Customer Contact,,Household Support Fund Award,,,1,,CRINV0013663,,One Church Lancashire,,,30/09/2025,,"3,000.00"
RESO - Resources,,AAB - Benefits & Customer Contact,,Household Support Fund Award,,,1,,CRINV0013665,,Osw Churches Together Food Bank,,,30/09/2025,,"3,000.00"
RESO - Resources,,AAB - Benefits & Customer Contact,,Household Support Fund Award,,,1,,CRINV0013666,,Our Food Bank,,,30/09/2025,,"3,000.00"
RESO - Resources,,AAB - Benefits & Customer Contact,,Household Support Fund Award,,,1,,CRINV0013667,,Union Road Community Church,,,30/09/2025,,"3,000.00"
RESO - Resources,,AAB - Benefits & Customer Contact,,Household Support Fund Award,,,1,,CRINV0013699,,The Emily Davison Centre,,,30/09/2025,,"1,500.00"
RESO - Resources,,AAB - Benefits & Customer Contact,,Household Support Fund Award,,,1,,CRINV0013700,,Harv Domestic Abuse Team,,,30/09/2025,,"1,500.00"
RESO - Resources,,AAB - Benefits & Customer Contact,,Household Support Fund Award,,,1,,CRINV0013701,,Harv Housing Cic,,,30/09/2025,,"1,500.00"
LEGL - Legal & Democratic,,DAB - Human Resources,,Training Course - Enforcement Update - 23.10.25,,,1,,CRINV0013721,,Royal Town Planning Institute (RTPI),,,30/09/2025,,300
ENVH - Environmental Health,,BAA - Housing Standards,,Supply and fit window boardings ,,,1,,CRINV0013737,,John Hogg Cleaning,,,30/09/2025,,300
PLAN - Planning & Transportation,,EAA - Building Control,,Agency Staff - w/e 19.09.25,,,1,,CRINV0013748,,Deekay Tech Recruitment Ltd,,,30/09/2025,,"1,659.80"
ENVS - Environmental Services,,CAC - Parks & Cemeteries,,Cemetery Audit,,,1,,CRINV0013762,,Embed,,,30/09/2025,,"1,350.00"
ENVS - Environmental Services,,CAC - Parks & Cemeteries,,Full and Final Settlement - Contract ,,,1,,CRINV0013784,,Rosslee Construction Ltd,,,30/09/2025,,"18,000.00"
RESO - Resources,,AAB - Benefits & Customer Contact,,Recharge of Cleaning Costs - Broadway Offices - 01.07.25 - 31.07.25,,,1,,CRINV0013791,,Hyndburn Leisure,,,30/09/2025,,"1,918.06"
RESO - Resources,,AAF - Finance,,Charges - 26.08.25 - 25.09.25,,,1,,CRINV0013792,,Water Plus - 4081791400 Canteen Scaitcliffe House,,,30/09/2025,,876.62
LEGL - Legal & Democratic,,DAH - Licencing,,Temp staff w/e 31.8.25,,,1,,CRPOI0013135,,G2 Recruitment Solutions,,,30/09/2025,,"2,092.80"
ENVS - Environmental Services,,CAC - Parks & Cemeteries,,2 packs of recycled plastic suitable for bench refurbishments,,,1,,CRPOI0013244,,Ark Plastics Ltd,,,30/09/2025,,600
REGN - Regeneration & Housing,,FAG - Regeneration,,Temp staff w/e 7.9.25,,,1,,CRPOI0013322,,Vivid Resourcing,,,30/09/2025,,"1,800.00"
LEGL - Legal & Democratic,,DAH - Licencing,,Annual licence fees for Lalpac,,,1,,CRPOI0013323,,Idox Software Ltd,,,30/09/2025,,"13,957.82"
LEGL - Legal & Democratic,,DAH - Licencing,,Annual licence fees for Lalpac,,,2,,CRPOI0013323,,Idox Software Ltd,,,30/09/2025,,553.7
REGN - Regeneration & Housing,,FAB - Facilities,,Annual service and inspection of roller shutter doors ,,,1,,CRPOI0013349,,Roller Shutter Services Ltd,,,30/09/2025,,"2,032.80"
REGN - Regeneration & Housing,,FAB - Facilities,,"Callouts, breakdowns, make safe, small general repairs,repairs QTR 2 2025-26",,,1,,CRPOI0013358,,Lancashire Gas Services,,,30/09/2025,,282.91
REGN - Regeneration & Housing,,FAG - Regeneration,,Office chairs,,,1,,CRPOI0013361,,AMAZON UK,,,30/09/2025,,412.05
REGN - Regeneration & Housing,,FAB - Facilities,,Domestic water system compliance April 2025 - March 2026,,,1,,CRPOI0013420,,HSL Compliance,,,30/09/2025,,"1,111.08"
ENVS - Environmental Services,,CAC - Parks & Cemeteries,,5KG Standard General purpose meadow mixture,,,1,,CRPOI0013423,,Emorsgate Seeds,,,30/09/2025,,280.8
ENVS - Environmental Services,,CAC - Parks & Cemeteries,,2KG Standard Cornfield Mixture,,,2,,CRPOI0013423,,Emorsgate Seeds,,,30/09/2025,,166.4
ENVS - Environmental Services,,CAC - Parks & Cemeteries,,Construction of bench including 1.5m brown plastic slats,,,1,,CRPOI0013440,,Ark Plastics Ltd,,,30/09/2025,,300
ENVS - Environmental Services,,CAB - Other Environmental Services,,2 X  - Box of 15 Dishes Bird Free,,,1,,CRPOI0013536,,Killgerm Chemicals Ltd,,,30/09/2025,,69.6
ENVS - Environmental Services,,CAB - Other Environmental Services,,1 X  - Black 30m x 200mm CoatedSolar Mesh ,,,2,,CRPOI0013536,,Killgerm Chemicals Ltd,,,30/09/2025,,32.4
ENVS - Environmental Services,,CAB - Other Environmental Services,,12 X  - 290ml tube FIXALL High Tack (GREY) ,,,3,,CRPOI0013536,,Killgerm Chemicals Ltd,,,30/09/2025,,82.94
ENVS - Environmental Services,,CAB - Other Environmental Services,,1 X - Titan Alpha (White) ,,,4,,CRPOI0013536,,Killgerm Chemicals Ltd,,,30/09/2025,,101.06
ENVS - Environmental Services,,CAE - Waste Services,,24 X Cans Graffiti Remover ,,,1,,CRPOI0013702,,"Bubbles, Brushes & Wiper Co Ltd",,,30/09/2025,,201.31
ENVS - Environmental Services,,CAE - Waste Services,,6 X Graffiti Remover ,,,2,,CRPOI0013702,,"Bubbles, Brushes & Wiper Co Ltd",,,30/09/2025,,68.33
LEGL - Legal & Democratic,,DAB - Human Resources,,2 DAY SKETCH UP COURSE,,,1,,CRPOI0013731,,Armada Training Solutions Ltd,,,30/09/2025,,474
RESO - Resources,,AAB - Benefits & Customer Contact,,E-Vouchers for HSF,,,1,,CRPOI0013752,,Blackhawk Network EMEA Ltd,,,30/09/2025,,"19,000.00"
ENVS - Environmental Services,,CAC - Parks & Cemeteries,,Grass Cutting Contract in Hyndburn for Season 2025,,,1,,CRPOI0013810,,Grounds Gardens & Trees Ltd,,,30/09/2025,,"21,631.20"
Department Area,,Service Area,,Description,,,Line,,HBC Ref No.,,Name:  ,,,Payment Date,,Amount Paid
