Department Area,Service Area,Description,Line,HBC Ref No.,Name:  ,Payment Date,Amount Paid
ENVS - Environmental Services,CAC - Parks & Cemeteries,Battery Electric Power mower & charger,1,CRINV0000693,Gibsons Garden Machinery Ltd,04/06/2024,"17,075.40"
RESO - Resources,AAG - Management Resources,Community Chest Grant - CC079,1,CRINV0001491,Hyndburn Green Spaces Forum,04/06/2024,"2,200.00"
ENVS - Environmental Services,CAC - Parks & Cemeteries,Maxicrop No2 Mosskiller & Conditioner 10 LTR,1,CRINV0001766,Origin Amenity Solutions,04/06/2024,"2,851.92"
ENVS - Environmental Services,CAC - Parks & Cemeteries,Farmyard Manure (60L),1,CRINV0001778,Origin Amenity Solutions,04/06/2024,"3,175.20"
LEGL - Legal & Democratic,DAA - Democratic Services,Mayoral S/Gilt,1,CRINV0001780,Vaughtons,04/06/2024,"3,324.19"
ENVS - Environmental Services,CAC - Parks & Cemeteries,Nomix dual UK 1X5L / CDA Cleaner UK 1X5L,1,CRINV0001781,Nomix Enviro Limited,04/06/2024,"1,680.00"
ENVS - Environmental Services,CAC - Parks & Cemeteries,Agency staff - w/c 09.10.23,1,CRINV0001788,Proman Supply Chain Ltd,04/06/2024,736.63
ENVS - Environmental Services,CAC - Parks & Cemeteries,Agency staff - w/c 09.10.23 ,2,CRINV0001788,Proman Supply Chain Ltd,04/06/2024,736.63
ENVS - Environmental Services,CAC - Parks & Cemeteries,Agency staff - w/c 09.10.23 ,3,CRINV0001788,Proman Supply Chain Ltd,04/06/2024,115.08
ENVS - Environmental Services,CAC - Parks & Cemeteries,Agency staff - w/c 09.10.23 ,4,CRINV0001788,Proman Supply Chain Ltd,04/06/2024,280.54
ENVS - Environmental Services,CAC - Parks & Cemeteries,Inseego fleet,1,CRINV0001794,Inseego UK Ltd,04/06/2024,288.00
ENVS - Environmental Services,CAC - Parks & Cemeteries,Agency staff - w/c 01.04.24 ,1,CRINV0001796,Proman Supply Chain Ltd,04/06/2024,622.57
ENVS - Environmental Services,CAC - Parks & Cemeteries,Agency staff - w/c 01.04.24 ,2,CRINV0001796,Proman Supply Chain Ltd,04/06/2024,622.57
ENVS - Environmental Services,CAC - Parks & Cemeteries,Agency staff - w/c 01.04.24,3,CRINV0001796,Proman Supply Chain Ltd,04/06/2024,532.44
ENVS - Environmental Services,CAC - Parks & Cemeteries,Temp staff w.e 21.4.24 ,1,CRINV0001797,Proman Supply Chain Ltd,04/06/2024,"1,505.99"
ENVS - Environmental Services,CAC - Parks & Cemeteries,Agency staff - w/c 08.04.24,1,CRINV0001798,Proman Supply Chain Ltd,04/06/2024,763.40
ENVS - Environmental Services,CAC - Parks & Cemeteries,Agency staff - w/c 08.04.24 ,2,CRINV0001798,Proman Supply Chain Ltd,04/06/2024,763.40
ENVS - Environmental Services,CAC - Parks & Cemeteries,Backpower blower / Saw,1,CRINV0001800,Dick Leigh LLP,04/06/2024,"2,770.27"
ENVS - Environmental Services,CAC - Parks & Cemeteries,Agency staff - w/c 08.04.24 ,1,CRINV0001803,Proman Supply Chain Ltd,04/06/2024,622.57
ENVS - Environmental Services,CAC - Parks & Cemeteries,Agency staff - w/c 08.04.24 ,2,CRINV0001803,Proman Supply Chain Ltd,04/06/2024,622.57
ENVS - Environmental Services,CAC - Parks & Cemeteries,Agency staff - w/c 08.04.24 ,3,CRINV0001803,Proman Supply Chain Ltd,04/06/2024,709.92
ENVS - Environmental Services,CAC - Parks & Cemeteries,Agency staff - w/c 15.04.24 ,1,CRINV0001804,Proman Supply Chain Ltd,04/06/2024,763.40
ENVS - Environmental Services,CAC - Parks & Cemeteries,Agency staff - w/c 15.04.24,2,CRINV0001804,Proman Supply Chain Ltd,04/06/2024,610.73
RESO - Resources,AAE - Residual Leisure,TaAF Claim  - Oct 23- Mar 24,1,CRINV0001808,Hyndburn Leisure,04/06/2024,"92,341.00"
REGN - Regeneration & Housing,FAB - Facilities,Charges - 01.04.24 - 30.04.24,1,CRINV0001840,EDF - 893361461 Hyndburn Leisure Centre,04/06/2024,"62,277.66"
LEGL - Legal & Democratic,DAG - Elections,Hire of equipment for Elections,1,CRINV0001844,Portakabin Ltd,04/06/2024,"9,314.88"
LEGL - Legal & Democratic,DAG - Elections,Hire of equipment for Elections,2,CRINV0001844,Portakabin Ltd,04/06/2024,"13,972.32"
LEGL - Legal & Democratic,DAH - Licencing,DBS Update Service Status Check - 1 year,1,CRINV0001878,Personnel Checks,04/06/2024,331.20
ENVS - Environmental Services,CAD - Town Centre & Markets,Rent - Annual Fee,1,CRINV0001900,On Tower Uk,04/06/2024,897.13
REGN - Regeneration & Housing,FAF - Strategic Housing,Period: 25.3.24 to 1.5.24 ,1,CRINV0001917,Molesworth Hotel,04/06/2024,"6,571.20"
LEGL - Legal & Democratic,DAB - Human Resources,Hyndburn - DA Contribution 2024/25,1,CRINV0001960,Lancashire Police Authority,04/06/2024,"6,644.00"
REGN - Regeneration & Housing,FAE - Property,Asset valuations as at 1st April 2023 - Stage 2,1,CRINV0001964,Lea Hough And Co,04/06/2024,"11,231.04"
LEGL - Legal & Democratic,DAI - Land Charges,Searches carried out in the month of April 2024,1,CRINV0001965,Lancashire County Council,04/06/2024,362.52
RESO - Resources,AAF - Finance,Card payment charges,1,CRINV0001979,Lloyds Bank Cardnet,04/06/2024,"2,612.78"
ENVS - Environmental Services,CAC - Parks & Cemeteries,Accrington Crem service building bib tap & wall repair ,1,CRINV0001982,Pilkington Bros (Church) Ltd,04/06/2024,"1,461.60"
ENVH - Environmental Health,BAA - Housing Standards,Temp Staff w/c 06/05/24 ,1,CRINV0001986,Oyster Partnership,04/06/2024,"1,310.40"
ENVH - Environmental Health,BAA - Housing Standards,Temp staff w/c 06/05/24,1,CRINV0001987,Oyster Partnership,04/06/2024,"1,716.00"
ENVH - Environmental Health,BAA - Housing Standards,temp staff w/c 06/05/24 ,1,CRINV0001989,Oyster Partnership,04/06/2024,322.38
ENVS - Environmental Services,CAB - Other Environmental Services,Hire of Jetter- 29/04/24,1,CRINV0001991,Monks Contractors Limited,04/06/2024,"1,026.00"
ENVH - Environmental Health,BAA - Housing Standards,Agency staff - w/e 12.05.24,1,CRINV0002014,G2 Recruitment Solutions,04/06/2024,"1,942.93"
RESO - Resources,AAB - Benefits & Customer Contact,Agency staff - w/e 05.05.24,1,CRINV0002017,Eden Brown Limited,04/06/2024,"1,212.12"
PLAN - Planning & Transportation,EAD - Planning,LERN memorandum 2024/25,1,CRINV0002029,Lancashire County Council,04/06/2024,"1,794.00"
ENVS - Environmental Services,CAD - Town Centre & Markets,Bathroom Hygiene Units,1,CRINV0002030,Shorrock Trichem,04/06/2024,316.06
ENVS - Environmental Services,CAA - Environmental Maintenance,Valuation Fees April 24,1,CRINV0002041,CBRE Ltd,04/06/2024,"1,400.00"
ENVS - Environmental Services,CAA - Environmental Maintenance,Valuation Fees April 24,2,CRINV0002041,CBRE Ltd,04/06/2024,"1,400.00"
ENVS - Environmental Services,CAA - Environmental Maintenance,Valuation Fees April 24,3,CRINV0002041,CBRE Ltd,04/06/2024,"1,400.00"
ENVS - Environmental Services,CAA - Environmental Maintenance,Val Fees May 24,1,CRINV0002042,CBRE Ltd,04/06/2024,"1,400.00"
ENVS - Environmental Services,CAA - Environmental Maintenance,Val Fees 24,2,CRINV0002042,CBRE Ltd,04/06/2024,"1,400.00"
ENVS - Environmental Services,CAA - Environmental Maintenance,Val Fees 24,3,CRINV0002042,CBRE Ltd,04/06/2024,"1,400.00"
ENVS - Environmental Services,CAC - Parks & Cemeteries,Mercer Park Playground,1,CRINV0002051,John Wade Groundworks Ltd,04/06/2024,"40,779.86"
RESO - Resources,AAD - ICT,Annual Renewal of Microsoft Licences,1,CRINV0002061,Bytes Software Services Ltd,04/06/2024,"65,965.65"
REGN - Regeneration & Housing,FAF - Strategic Housing,To carry out all works in accordance with quotation,1,CRINV0002062,Scl Building Services Limited,04/06/2024,"4,765.00"
REGN - Regeneration & Housing,FAE - Property,Reimbursement of costs of works to gable wall ,1,CRINV0002065,Neath Raisbeck Holding Law Client Account,04/06/2024,"3,999.00"
ENVS - Environmental Services,CAC - Parks & Cemeteries,Cremation Forms Jan/Feb/Mar 2024,1,CRINV0002076,Peel House Medical Practice,04/06/2024,"5,584.00"
ENVS - Environmental Services,CAC - Parks & Cemeteries,Post Service Deep Clean,1,CRINV0002081,Gicm Limited,04/06/2024,"1,249.00"
PLAN - Planning & Transportation,EAB - Engineers & Transportation,Investigate manholes in the park using CCTV equipment ,1,CRINV0002083,Clear A Drain Ltd,04/06/2024,339.00
ENVH - Environmental Health,BAB - Environmental Protection,Agency staff - w/e 12.05.24 ,1,CRINV0002092,Vivid Resourcing,04/06/2024,269.33
ENVH - Environmental Health,BAB - Environmental Protection,Agency staff - W/e 12.05.24 ,1,CRINV0002093,Vivid Resourcing,04/06/2024,"1,935.00"
PLAN - Planning & Transportation,EAD - Planning,Services Independent viability assessment of Former Rhyddings mill ,1,CRINV0002124,CP Viability Limited,04/06/2024,"2,520.00"
RESO - Resources,AAB - Benefits & Customer Contact,DWP LADS 1/10/23 - 31/03/24,1,CRINV0002131,Capita One Limited,04/06/2024,"13,981.33"
ENVS - Environmental Services,CAF - CVMU,Parts and Materials,1,CRINV0002145,Terberg Matec Uk,04/06/2024,267.31
ENVS - Environmental Services,CAE - Waste Services,Temp staff  w/e 12/05/24 ,1,CRINV0002152,Rapid Recruitment Ltd,04/06/2024,"1,788.07"
ENVS - Environmental Services,CAC - Parks & Cemeteries,Repainting of 7 x benchesin parks,1,CRINV0002158,Pilkington Bros (Church) Ltd,04/06/2024,"2,052.37"
ENVS - Environmental Services,CAF - CVMU,"SW-Auto Power, Cover-side MAR & Lamp Assy- side",1,CRINV0002170,Chorley Nissan,04/06/2024,264.38
ENVS - Environmental Services,CAC - Parks & Cemeteries,Plants & Seeds,1,CRINV0002173,Park Lane Plants Ltd,04/06/2024,"1,403.40"
ENVS - Environmental Services,CAE - Waste Services,Level 2 OmniDEL Training x3,1,CRINV0002178,Terberg Matec Uk,04/06/2024,"1,080.00"
ENVS - Environmental Services,CAF - CVMU,CVMU Supplies,1,CRINV0002181,Wurth Uk Ltd,04/06/2024,265.54
LEGL - Legal & Democratic,DAB - Human Resources,Training Subs ,1,CRINV0002183,The Institute Of Licensing,04/06/2024,"1,418.40"
PLAN - Planning & Transportation,EAC - Green Infrastructure,Woodland Consultancy:- drafting woodland management plan ,1,CRINV0002184,Footprint Forestry,04/06/2024,"1,920.60"
ENVS - Environmental Services,CAC - Parks & Cemeteries,Water and Wastewater bill 02 March 2024 - 26 March 2024,1,CRINV0002191,Water Plus - 4172823740 King Georges Pavillion,06/06/2024,257.89
ENVS - Environmental Services,CAC - Parks & Cemeteries,Water and Wastewater bill 27 March 2024 - 26 April 2024 ,1,CRINV0002193,Water Plus - 4172823740 King Georges Pavillion,06/06/2024,346.84
ENVS - Environmental Services,CAF - CVMU,07.05.24 - Refuse vehicles steam cleaned,1,CRINV0002198,Keep Em Clean,06/06/2024,262.50
ENVS - Environmental Services,CAF - CVMU,29.04.24 - Refuse vehicles steam cleaned,1,CRINV0002200,Keep Em Clean,06/06/2024,262.50
ENVS - Environmental Services,CAC - Parks & Cemeteries,supply of grant finder 01.06.24 - 31.05.25,1,CRINV0002209,Idox Software Ltd,06/06/2024,"6,744.00"
REGN - Regeneration & Housing,FAB - Facilities,Site U4 broadway fire alarm system,1,CRINV0002213,Full Circuit Fire & Security Ltd,06/06/2024,"1,181.47"
REGN - Regeneration & Housing,FAB - Facilities,Electricity Supply Invoice- 2/01/24 to 06/05/24,1,CRINV0002226,"SSE - 8700214041 Mercer House, Mercer Park",06/06/2024,366.96
ENVH - Environmental Health,BAA - Housing Standards,Temp staff 19/05/24,1,CRINV0002231,G2 Recruitment Solutions,06/06/2024,550.06
ENVS - Environmental Services,CAC - Parks & Cemeteries,St James Church War Memorial,1,CRINV0002235,L I T E,06/06/2024,"8,106.30"
ENVH - Environmental Health,BAA - Housing Standards,Temp staff w/c 13/05/24,1,CRINV0002238,Oyster Partnership,06/06/2024,440.10
ENVH - Environmental Health,BAA - Housing Standards,Temp staff w/c 13/05/24 ,1,CRINV0002243,Oyster Partnership,06/06/2024,"1,669.20"
ENVH - Environmental Health,BAA - Housing Standards,Temp staff w/c 13/05/24 ,1,CRINV0002244,Oyster Partnership,06/06/2024,"1,591.20"
PLAN - Planning & Transportation,EAD - Planning,Temp staff w/c 13/05/24 ,1,CRINV0002245,Oyster Partnership,06/06/2024,"2,462.40"
PLAN - Planning & Transportation,EAA - Building Control,Travelling expenses,1,CRINV0002247,Deekay Tech Recruitment Ltd,06/06/2024,"1,024.38"
PLAN - Planning & Transportation,EAD - Planning,Temp Staff w/e 12.5.24,1,CRINV0002248,Macdonald & Company,06/06/2024,"1,361.20"
PLAN - Planning & Transportation,EAD - Planning,Temp Staff P/end 21.04.24,1,CRINV0002249,Carrington West Limited,06/06/2024,"1,568.26"
PLAN - Planning & Transportation,EAD - Planning,Temp Staff P/end 05.05.24. ,1,CRINV0002250,Carrington West Limited,06/06/2024,"1,568.26"
PLAN - Planning & Transportation,EAD - Planning,Staff Perid W/E 12.05.24 ,1,CRINV0002251,Carrington West Limited,06/06/2024,"1,254.60"
PLAN - Planning & Transportation,EAD - Planning,Temp staff 19.05.24,1,CRINV0002252,Carrington West Limited,06/06/2024,"1,568.26"
ENVS - Environmental Services,CAB - Other Environmental Services,Hire of 8 wheeler,1,CRINV0002254,Stanley Brothers (Tippers) Ltd,06/06/2024,648.00
ENVS - Environmental Services,CAD - Town Centre & Markets,Food Festival 2024 Deposit ,1,CRINV0002255,Scott Dawson Advertising Ltd,06/06/2024,"12,000.00"
ENVS - Environmental Services,CAD - Town Centre & Markets,50% upfront costs ,1,CRINV0002258,Oswaldtwistle Carnival,06/06/2024,"1,125.00"
PLAN - Planning & Transportation,EAD - Planning,Planner Job Listings - Job Listings,1,CRINV0002261,Redactive Publishing Ltd,06/06/2024,"1,494.00"
RESO - Resources,AAB - Benefits & Customer Contact,w/e 12/05/24 temp staff ,1,CRINV0002275,Eden Brown Limited,06/06/2024,"1,212.12"
REGN - Regeneration & Housing,FAF - Strategic Housing,Affordable Warmth Grant,1,CRINV0002279,Harris Heating (Nw) Ltd,06/06/2024,"5,875.00"
ENVH - Environmental Health,BAB - Environmental Protection,Temp Staff 19/05/24,1,CRINV0002281,Vivid Resourcing,06/06/2024,554.71
ENVH - Environmental Health,BAB - Environmental Protection,Temp staff 19/05/24 ,1,CRINV0002283,Vivid Resourcing,06/06/2024,"2,220.00"
ENVS - Environmental Services,CAF - CVMU,Finger guard,1,CRINV0002289,Dennis Eagle Limited,06/06/2024,427.16
REGN - Regeneration & Housing,FAF - Strategic Housing,Remaining 50% completion payment,1,CRINV0002294,Thomas Roofs,06/06/2024,"2,570.00"
ENVS - Environmental Services,CAF - CVMU,x2 Refuse vehicles steam cleaned,1,CRINV0002296,Keep Em Clean,06/06/2024,262.50
ENVS - Environmental Services,CAF - CVMU,x2 refuse vehicles steam cleaned,1,CRINV0002297,Keep Em Clean,06/06/2024,262.50
REGN - Regeneration & Housing,FAF - Strategic Housing,Roof Works ,1,CRINV0002298,Thomas Roofs,06/06/2024,300.00
ENVS - Environmental Services,CAF - CVMU,"Seal- water entry, gate w/assy and seal- entry hopper",1,CRINV0002301,Bucher Municipal Ltd,06/06/2024,"1,622.90"
ENVS - Environmental Services,CAF - CVMU,Labour Costs,1,CRINV0002302,Rob Mercer,06/06/2024,100.00
ENVS - Environmental Services,CAF - CVMU,"Parts- pump, p&p, crocodile clips + sundries",2,CRINV0002302,Rob Mercer,06/06/2024,264.60
ENVS - Environmental Services,CAF - CVMU,Logos and stickers,1,CRINV0002303,McCormack & Brown,06/06/2024,354.00
ENVS - Environmental Services,CAF - CVMU,works- remove and replace unit,1,CRINV0002305,Terberg Matec Uk,06/06/2024,"1,840.74"
REGN - Regeneration & Housing,FAB - Facilities,King George V Pavilion- burst water pipes,1,CRINV0002308,Pilkington Bros (Church) Ltd,06/06/2024,"1,183.43"
REGN - Regeneration & Housing,FAB - Facilities,Isolate and remove exhisting heater & supply new,1,CRINV0002311,Lancashire Gas Services,06/06/2024,"1,791.00"
REGN - Regeneration & Housing,FAB - Facilities,King Georges- x1 new alarm control panel,1,CRINV0002328,Full Circuit Fire & Security Ltd,06/06/2024,477.76
PLAN - Planning & Transportation,EAD - Planning,Temp staff w/e 07/04/24 ,1,CRINV0002329,Carrington West Limited,06/06/2024,"1,254.60"
REGN - Regeneration & Housing,FAB - Facilities,Crematorium Building- 50% deposit re: lightning damaged fire panel,1,CRINV0002332,Full Circuit Fire & Security Ltd,06/06/2024,429.82
REGN - Regeneration & Housing,FAF - Strategic Housing,Affordable Warmth Grant,1,CRINV0002341,Mccallott Windows,06/06/2024,"4,272.13"
RESO - Resources,AAB - Benefits & Customer Contact,Charges -May 24,1,CRINV0002346,Cheval Social Management,06/06/2024,"1,110.24"
RESO - Resources,AAB - Benefits & Customer Contact,Charges - May 24,1,CRINV0002347,Ada Glossop Ltd,06/06/2024,"1,340.00"
REGN - Regeneration & Housing,FAB - Facilities,Slipped roof tiles - Peel Park Bowls,1,CRINV0002348,Pilkington Bros (Church) Ltd,06/06/2024,271.34
ENVS - Environmental Services,CAD - Town Centre & Markets,Supply & Fit Sign - Frankies Cafe,1,CRINV0002350,Signs Plus,06/06/2024,350.00
RESO - Resources,AAG - Management Resources,Hire of ballroom 6/7/8 Jun 24. Hire of Gallery 6/7/8 June 2024,1,CRINV0002354,Hyndburn Leisure,06/06/2024,"1,266.00"
RESO - Resources,AAG - Management Resources,Hire of ballroom and Gallery 6/7/8 Jun 24 and Security,2,CRINV0002354,Hyndburn Leisure,06/06/2024,264.00
PLAN - Planning & Transportation,EAC - Green Infrastructure,"Coppice, Ground work",1,CRINV0002355,Woody (Hyndburn) C I C,06/06/2024,"1,000.00"
PLAN - Planning & Transportation,EAB - Engineers & Transportation,TTRO Licence  Peel St,1,CRINV0002362,Lancashire County Council,06/06/2024,955.69
ENVH - Environmental Health,BAA - Housing Standards,Staff W/C 20.05.24,1,CRINV0002364,Oyster Partnership,06/06/2024,886.68
LEGL - Legal & Democratic,DAB - Human Resources,Creative drop in stall Haworth Art Gallery,1,CRINV0002365,Create Yourself,06/06/2024,250.00
LEGL - Legal & Democratic,DAB - Human Resources,Royalties due for the Musice Licence,1,CRINV0002366,Ppl Prs Ltd,06/06/2024,454.00
RESO - Resources,AAF - Finance,LCC Ctax precerpt May 24,1,CRINV0002368,Lancashire County Council (Direct Debit Payments),06/06/2024,"3,652,944.00"
RESO - Resources,AAF - Finance,LCC Ctax Deficit 23/24,2,CRINV0002368,Lancashire County Council (Direct Debit Payments),06/06/2024,"106,396.00-"
RESO - Resources,AAF - Finance,LCC NDR Precept May 24,3,CRINV0002368,Lancashire County Council (Direct Debit Payments),06/06/2024,"211,187.00"
RESO - Resources,AAF - Finance,LCC NDR Surplus 23/24,4,CRINV0002368,Lancashire County Council (Direct Debit Payments),06/06/2024,"15,923.00"
RESO - Resources,AAF - Finance,Fire CTax Precept May 24,5,CRINV0002368,Lancashire County Council (Direct Debit Payments),06/06/2024,"187,211.00"
RESO - Resources,AAF - Finance,Fire CT Deficit May 24,6,CRINV0002368,Lancashire County Council (Direct Debit Payments),06/06/2024,"5,559.00-"
RESO - Resources,AAF - Finance,Fire NDR Precept May 24,7,CRINV0002368,Lancashire County Council (Direct Debit Payments),06/06/2024,"23,465.00"
RESO - Resources,AAF - Finance,Fire NDR Surplus 23/24,8,CRINV0002368,Lancashire County Council (Direct Debit Payments),06/06/2024,"1,769.00"
RESO - Resources,AAF - Finance,Police CT Precept May 24,9,CRINV0002368,Lancashire County Council (Direct Debit Payments),06/06/2024,"581,982.00"
RESO - Resources,AAF - Finance,Police CTax Deficit 23/24,10,CRINV0002368,Lancashire County Council (Direct Debit Payments),06/06/2024,"16,989.00-"
ENVS - Environmental Services,CAD - Town Centre & Markets,50 percent Eco Fest 2024,1,CRINV0002369,Prospects Foundation Ltd,06/06/2024,"3,500.00"
PLAN - Planning & Transportation,EAA - Building Control,Temp staff w/e 17.5.24 ,1,CRINV0002370,Deekay Tech Recruitment Ltd,06/06/2024,606.48
ENVS - Environmental Services,CAC - Parks & Cemeteries,Charges - May 24,1,CRINV0002371,James O Garnett Ltd,06/06/2024,"3,600.00"
PLAN - Planning & Transportation,EAA - Building Control,Remove dangerous downpipe,1,CRINV0002375,Pilkington Bros (Church) Ltd,06/06/2024,332.52
PLAN - Planning & Transportation,EAD - Planning,Temp staff w/c 20.5.24,1,CRINV0002376,Oyster Partnership,06/06/2024,"2,462.40"
REGN - Regeneration & Housing,FAB - Facilities,Upgrade - 4 Broadway,1,CRINV0002377,Full Circuit Fire & Security Ltd,06/06/2024,635.41
ENVS - Environmental Services,CAB - Other Environmental Services,Hire of vehicle 24.5.24,1,CRINV0002382,Stanley Brothers (Tippers) Ltd,06/06/2024,648.00
REGN - Regeneration & Housing,FAB - Facilities,April 24,1,CRINV0002385,"SEFE Energy - 10174064 Mercer Park, CLM",06/06/2024,33.85
REGN - Regeneration & Housing,FAB - Facilities,April 24 - Lowerfld,2,CRINV0002385,"SEFE Energy - 10174064 Mercer Park, CLM",06/06/2024,12.91
REGN - Regeneration & Housing,FAB - Facilities,April 24 - Willows Lane,3,CRINV0002385,"SEFE Energy - 10174064 Mercer Park, CLM",06/06/2024,"2,492.20"
REGN - Regeneration & Housing,FAB - Facilities,April 24 - ATH,4,CRINV0002385,"SEFE Energy - 10174064 Mercer Park, CLM",06/06/2024,"10,827.83"
REGN - Regeneration & Housing,FAB - Facilities,April 24 - Cannon st,5,CRINV0002385,"SEFE Energy - 10174064 Mercer Park, CLM",06/06/2024,160.77
REGN - Regeneration & Housing,FAB - Facilities,April 24 - Mercer Hall,6,CRINV0002385,"SEFE Energy - 10174064 Mercer Park, CLM",06/06/2024,"5,428.73"
REGN - Regeneration & Housing,FAB - Facilities,April 24 -Acc Cem,7,CRINV0002385,"SEFE Energy - 10174064 Mercer Park, CLM",06/06/2024,146.09
REGN - Regeneration & Housing,FAB - Facilities,April 24 - Acc Crem,8,CRINV0002385,"SEFE Energy - 10174064 Mercer Park, CLM",06/06/2024,"15,699.40"
REGN - Regeneration & Housing,FAB - Facilities,April 24 Acc Cem Mess,9,CRINV0002385,"SEFE Energy - 10174064 Mercer Park, CLM",06/06/2024,229.99
REGN - Regeneration & Housing,FAB - Facilities,April 24 -Market,10,CRINV0002385,"SEFE Energy - 10174064 Mercer Park, CLM",06/06/2024,"6,885.35"
REGN - Regeneration & Housing,FAB - Facilities,April 24 - HAG,11,CRINV0002385,"SEFE Energy - 10174064 Mercer Park, CLM",06/06/2024,"6,197.66"
REGN - Regeneration & Housing,FAB - Facilities,April 24 -Eagle St,12,CRINV0002385,"SEFE Energy - 10174064 Mercer Park, CLM",06/06/2024,17.68
REGN - Regeneration & Housing,FAB - Facilities,April 24 - Wilsons,13,CRINV0002385,"SEFE Energy - 10174064 Mercer Park, CLM",06/06/2024,"1,010.13"
REGN - Regeneration & Housing,FAB - Facilities,April 24 -Oakhill,14,CRINV0002385,"SEFE Energy - 10174064 Mercer Park, CLM",06/06/2024,246.76
REGN - Regeneration & Housing,FAB - Facilities,April 24 -Clayton Civic,15,CRINV0002385,"SEFE Energy - 10174064 Mercer Park, CLM",06/06/2024,"2,045.62"
REGN - Regeneration & Housing,FAB - Facilities,April 24 - Willows Lane,16,CRINV0002385,"SEFE Energy - 10174064 Mercer Park, CLM",06/06/2024,"2,096.41"
REGN - Regeneration & Housing,FAB - Facilities,April 24 -CVMU,17,CRINV0002385,"SEFE Energy - 10174064 Mercer Park, CLM",06/06/2024,"6,685.61"
REGN - Regeneration & Housing,FAB - Facilities,April 24 -Stables,18,CRINV0002385,"SEFE Energy - 10174064 Mercer Park, CLM",06/06/2024,"3,006.49"
REGN - Regeneration & Housing,FAB - Facilities,April 24 -Rhyddings,19,CRINV0002385,"SEFE Energy - 10174064 Mercer Park, CLM",06/06/2024,"1,145.25"
RESO - Resources,AAB - Benefits & Customer Contact,Staff T/S end 19.05.24 ,1,CRINV0002388,Eden Brown Limited,06/06/2024,"1,212.12"
REGN - Regeneration & Housing,FAF - Strategic Housing,Membership fees 24/25,1,CRINV0002389,Northern Housing Consortium Ltd,06/06/2024,"1,260.00"
ENVH - Environmental Health,BAB - Environmental Protection,Staff w/e 26.05.24 ,1,CRINV0002390,Vivid Resourcing,06/06/2024,"2,220.00"
RESO - Resources,AAF - Finance,lease rental jun - sep 24,1,CRINV0002391,Siemens Financial Services Ltd,06/06/2024,"3,699.99"
RESO - Resources,AAF - Finance,Lease rental Jun - Sep 24,2,CRINV0002391,Siemens Financial Services Ltd,06/06/2024,200.01
RESO - Resources,AAF - Finance,Lease rental Jun - Sep 24,3,CRINV0002391,Siemens Financial Services Ltd,06/06/2024,600.00
RESO - Resources,AAF - Finance,Water Scaitcliffe House March 24,1,CRINV0002392,Water Plus - 4081791400 Canteen Scaitcliffe House,06/06/2024,462.57
RESO - Resources,AAF - Finance,water Scaitcliffe House Feb 24,1,CRINV0002393,Water Plus - 4081791400 Canteen Scaitcliffe House,06/06/2024,538.44
REGN - Regeneration & Housing,FAC - Haworth Art Gallery,Cleaning of Windows at Art Gallery and the Stable Block Buildings,1,CRINV0002404,Mark Pollitt,06/06/2024,300.00
REGN - Regeneration & Housing,FAD - Housing Advice,Accommodation - 12.4.24 - 8.5.24 ,1,CRINV0002405,Molesworth Hotel,06/06/2024,"2,464.80"
REGN - Regeneration & Housing,FAD - Housing Advice,Accommodation - 4.3.24 - 8.3.24 ,1,CRINV0002406,Molesworth Hotel,06/06/2024,379.20
REGN - Regeneration & Housing,FAB - Facilities,electric April 24 Scaitcliffe,1,CRINV0002409,EDF - 3671768478 Scaitcliffe House Ormerod St,06/06/2024,"10,410.15"
ENVS - Environmental Services,CAC - Parks & Cemeteries,boxes and bags,1,CRINV0002411,Teleshore (Uk) Ltd,06/06/2024,"1,053.24"
ENVS - Environmental Services,CAC - Parks & Cemeteries,Inseego Fleet,1,CRINV0002415,Inseego UK Ltd,06/06/2024,288.00
ENVS - Environmental Services,CAC - Parks & Cemeteries,Bowgrass Supreme Plus Red Spot,1,CRINV0002417,Bowcom,06/06/2024,"1,404.00"
ENVS - Environmental Services,CAC - Parks & Cemeteries,Temp staff W/E 26.5.24,1,CRINV0002418,Proman Supply Chain Ltd,06/06/2024,"1,769.62"
ENVS - Environmental Services,CAC - Parks & Cemeteries,Temp Staff W/E 29.4.24,1,CRINV0002419,Proman Supply Chain Ltd,06/06/2024,"1,731.53"
ENVS - Environmental Services,CAC - Parks & Cemeteries,Temp staff w/e 6.5.24,1,CRINV0002420,Proman Supply Chain Ltd,06/06/2024,"1,600.10"
ENVS - Environmental Services,CAC - Parks & Cemeteries,Temp staff w/e 22.4.24,1,CRINV0002421,Proman Supply Chain Ltd,06/06/2024,"1,151.03"
ENVS - Environmental Services,CAC - Parks & Cemeteries,Temp staff w/e 13.5.24,1,CRINV0002425,Proman Supply Chain Ltd,06/06/2024,"2,124.58"
REGN - Regeneration & Housing,FAD - Housing Advice,Accommodation 23.05.24 - 01.06.24 ,1,CRINV0002434,Molesworth Hotel,06/06/2024,853.20
REGN - Regeneration & Housing,FAD - Housing Advice,Accommodation 01.05.24 - 01.06.24 ,1,CRINV0002435,Molesworth Hotel,06/06/2024,"5,505.60"
ENVH - Environmental Health,BAB - Environmental Protection,Agency staff - 14.04.24 ,1,CRINV0002436,Vivid Resourcing,06/06/2024,529.20
ENVS - Environmental Services,CAC - Parks & Cemeteries,"Slideshows, music, Webcasts",1,CRINV0002437,Obitus (Vivedia Ltd),06/06/2024,"2,492.40"
REGN - Regeneration & Housing,FAF - Strategic Housing,Affordable Warmth Grant,1,CRINV0002440,Artisan Windows,06/06/2024,"3,573.70"
RESO - Resources,AAB - Benefits & Customer Contact,Temp staff w/e 26.5.24,1,CRINV0002446,Eden Brown Limited,06/06/2024,"1,212.12"
RESO - Resources,AAF - Finance,May Land Registry Fee,1,CRINV0002447,HM Land Registry,06/06/2024,3.00
RESO - Resources,AAF - Finance,May Land Registry Fee,2,CRINV0002447,HM Land Registry,06/06/2024,3.00
RESO - Resources,AAF - Finance,May Land Registry Fee,3,CRINV0002447,HM Land Registry,06/06/2024,3.00
RESO - Resources,AAF - Finance,May Land Registry Fee,4,CRINV0002447,HM Land Registry,06/06/2024,3.00
RESO - Resources,AAF - Finance,May Land Registry Fee,5,CRINV0002447,HM Land Registry,06/06/2024,3.00
RESO - Resources,AAF - Finance,May Land Registry Fee,6,CRINV0002447,HM Land Registry,06/06/2024,3.00
RESO - Resources,AAF - Finance,May Land Registry Fee,7,CRINV0002447,HM Land Registry,06/06/2024,3.00
RESO - Resources,AAF - Finance,May Land Registry Fee,8,CRINV0002447,HM Land Registry,06/06/2024,3.00
RESO - Resources,AAF - Finance,May Land Registry Fee,9,CRINV0002447,HM Land Registry,06/06/2024,3.00
RESO - Resources,AAF - Finance,May Land Registry Fee,10,CRINV0002447,HM Land Registry,06/06/2024,3.00
RESO - Resources,AAF - Finance,May Land Registry Fee,11,CRINV0002447,HM Land Registry,06/06/2024,3.00
RESO - Resources,AAF - Finance,May Land Registry Fee,12,CRINV0002447,HM Land Registry,06/06/2024,3.00
RESO - Resources,AAF - Finance,May Land Registry Fee,13,CRINV0002447,HM Land Registry,06/06/2024,6.00
RESO - Resources,AAF - Finance,May Land Registry Fee,14,CRINV0002447,HM Land Registry,06/06/2024,3.00
RESO - Resources,AAF - Finance,May Land Registry Fee,15,CRINV0002447,HM Land Registry,06/06/2024,3.00
RESO - Resources,AAF - Finance,May Land Registry Fee,16,CRINV0002447,HM Land Registry,06/06/2024,3.00
RESO - Resources,AAF - Finance,May Land Registry Fee,17,CRINV0002447,HM Land Registry,06/06/2024,3.00
RESO - Resources,AAF - Finance,May Land Registry Fee,18,CRINV0002447,HM Land Registry,06/06/2024,3.00
RESO - Resources,AAF - Finance,May Land Registry Fee,19,CRINV0002447,HM Land Registry,06/06/2024,3.00
RESO - Resources,AAF - Finance,May Land Registry Fee,20,CRINV0002447,HM Land Registry,06/06/2024,3.00
RESO - Resources,AAF - Finance,May Land Registry Fee,21,CRINV0002447,HM Land Registry,06/06/2024,3.00
RESO - Resources,AAF - Finance,May Land Registry Fee,22,CRINV0002447,HM Land Registry,06/06/2024,3.00
RESO - Resources,AAF - Finance,May Land Registry Fee,23,CRINV0002447,HM Land Registry,06/06/2024,6.00
RESO - Resources,AAF - Finance,May Land Registry Fee,24,CRINV0002447,HM Land Registry,06/06/2024,3.00
RESO - Resources,AAF - Finance,May Land Registry Fee,25,CRINV0002447,HM Land Registry,06/06/2024,3.00
RESO - Resources,AAF - Finance,May Land Registry Fee,26,CRINV0002447,HM Land Registry,06/06/2024,3.00
RESO - Resources,AAF - Finance,May Land Registry Fee,27,CRINV0002447,HM Land Registry,06/06/2024,3.00
RESO - Resources,AAF - Finance,May Land Registry Fee,28,CRINV0002447,HM Land Registry,06/06/2024,3.00
RESO - Resources,AAF - Finance,May Land Registry Fee,29,CRINV0002447,HM Land Registry,06/06/2024,6.00
RESO - Resources,AAF - Finance,May Land Registry Fee,30,CRINV0002447,HM Land Registry,06/06/2024,6.00
RESO - Resources,AAF - Finance,May Land Registry Fee,31,CRINV0002447,HM Land Registry,06/06/2024,6.00
RESO - Resources,AAF - Finance,May Land Registry Fee,32,CRINV0002447,HM Land Registry,06/06/2024,3.00
RESO - Resources,AAF - Finance,May Land Registry Fee,33,CRINV0002447,HM Land Registry,06/06/2024,3.00
RESO - Resources,AAF - Finance,May Land Registry Fee,34,CRINV0002447,HM Land Registry,06/06/2024,3.00
RESO - Resources,AAF - Finance,May Land Registry Fee,35,CRINV0002447,HM Land Registry,06/06/2024,3.00
RESO - Resources,AAF - Finance,May Land Registry Fee,36,CRINV0002447,HM Land Registry,06/06/2024,3.00
RESO - Resources,AAF - Finance,May Land Registry Fee,37,CRINV0002447,HM Land Registry,06/06/2024,3.00
RESO - Resources,AAF - Finance,May Land Registry Fee,38,CRINV0002447,HM Land Registry,06/06/2024,3.00
RESO - Resources,AAF - Finance,May Land Registry Fee,39,CRINV0002447,HM Land Registry,06/06/2024,3.00
RESO - Resources,AAF - Finance,May Land Registry Fee,40,CRINV0002447,HM Land Registry,06/06/2024,3.00
RESO - Resources,AAF - Finance,May Land Registry Fee,41,CRINV0002447,HM Land Registry,06/06/2024,3.00
RESO - Resources,AAF - Finance,May Land Registry Fee,42,CRINV0002447,HM Land Registry,06/06/2024,3.00
RESO - Resources,AAF - Finance,May Land Registry Fee,43,CRINV0002447,HM Land Registry,06/06/2024,3.00
RESO - Resources,AAF - Finance,May Land Registry Fee,44,CRINV0002447,HM Land Registry,06/06/2024,3.00
RESO - Resources,AAF - Finance,May Land Registry Fee,45,CRINV0002447,HM Land Registry,06/06/2024,6.00
RESO - Resources,AAF - Finance,May Land Registry Fee,46,CRINV0002447,HM Land Registry,06/06/2024,6.00
RESO - Resources,AAF - Finance,May Land Registry Fee,47,CRINV0002447,HM Land Registry,06/06/2024,6.00
RESO - Resources,AAF - Finance,May Land Registry Fee,48,CRINV0002447,HM Land Registry,06/06/2024,6.00
RESO - Resources,AAF - Finance,May Land Registry Fee,49,CRINV0002447,HM Land Registry,06/06/2024,3.00
RESO - Resources,AAF - Finance,May Land Registry Fee,50,CRINV0002447,HM Land Registry,06/06/2024,3.00
RESO - Resources,AAF - Finance,May Land Registry Fee,51,CRINV0002447,HM Land Registry,06/06/2024,6.00
RESO - Resources,AAF - Finance,May Land Registry Fee,52,CRINV0002447,HM Land Registry,06/06/2024,3.00
RESO - Resources,AAF - Finance,May Land Registry Fee,53,CRINV0002447,HM Land Registry,06/06/2024,3.00
RESO - Resources,AAF - Finance,May Land Registry Fee,54,CRINV0002447,HM Land Registry,06/06/2024,3.00
RESO - Resources,AAF - Finance,May Land Registry Fee,55,CRINV0002447,HM Land Registry,06/06/2024,3.00
RESO - Resources,AAF - Finance,May Land Registry Fee,56,CRINV0002447,HM Land Registry,06/06/2024,6.00
RESO - Resources,AAF - Finance,May Land Registry Fee,57,CRINV0002447,HM Land Registry,06/06/2024,6.00
RESO - Resources,AAF - Finance,May Land Registry Fee,58,CRINV0002447,HM Land Registry,06/06/2024,3.00
RESO - Resources,AAF - Finance,May Land Registry Fee,59,CRINV0002447,HM Land Registry,06/06/2024,3.00
RESO - Resources,AAF - Finance,May Land Registry Fee,60,CRINV0002447,HM Land Registry,06/06/2024,3.00
RESO - Resources,AAF - Finance,May Land Registry Fee,61,CRINV0002447,HM Land Registry,06/06/2024,3.00
RESO - Resources,AAF - Finance,May Land Registry Fee,62,CRINV0002447,HM Land Registry,06/06/2024,3.00
RESO - Resources,AAF - Finance,May Land Registry Fee,63,CRINV0002447,HM Land Registry,06/06/2024,6.00
RESO - Resources,AAF - Finance,May Land Registry Fee,64,CRINV0002447,HM Land Registry,06/06/2024,6.00
RESO - Resources,AAF - Finance,May Land Registry Fee,65,CRINV0002447,HM Land Registry,06/06/2024,3.00
RESO - Resources,AAF - Finance,May Land Registry Fee,66,CRINV0002447,HM Land Registry,06/06/2024,3.00
RESO - Resources,AAF - Finance,May Land Registry Fee,67,CRINV0002447,HM Land Registry,06/06/2024,3.00
RESO - Resources,AAF - Finance,May Land Registry Fee,68,CRINV0002447,HM Land Registry,06/06/2024,6.00
RESO - Resources,AAF - Finance,May Land Registry Fee,69,CRINV0002447,HM Land Registry,06/06/2024,3.00
RESO - Resources,AAF - Finance,May Land Registry Fee,70,CRINV0002447,HM Land Registry,06/06/2024,3.00
RESO - Resources,AAF - Finance,May Land Registry Fee,71,CRINV0002447,HM Land Registry,06/06/2024,3.00
RESO - Resources,AAF - Finance,May Land Registry Fee,72,CRINV0002447,HM Land Registry,06/06/2024,3.00
RESO - Resources,AAF - Finance,May Land Registry Fee,73,CRINV0002447,HM Land Registry,06/06/2024,3.00
RESO - Resources,AAF - Finance,May Land Registry Fee,74,CRINV0002447,HM Land Registry,06/06/2024,3.00
RESO - Resources,AAF - Finance,May Land Registry Fee,75,CRINV0002447,HM Land Registry,06/06/2024,3.00
RESO - Resources,AAF - Finance,May Land Registry Fee,76,CRINV0002447,HM Land Registry,06/06/2024,3.00
RESO - Resources,AAF - Finance,May Land Registry Fee,77,CRINV0002447,HM Land Registry,06/06/2024,3.00
RESO - Resources,AAF - Finance,May Land Registry Fee,78,CRINV0002447,HM Land Registry,06/06/2024,6.00
RESO - Resources,AAF - Finance,May Land Registry Fee,79,CRINV0002447,HM Land Registry,06/06/2024,6.00
RESO - Resources,AAF - Finance,May Land Registry Fee,80,CRINV0002447,HM Land Registry,06/06/2024,3.00
RESO - Resources,AAF - Finance,May Land Registry Fee,81,CRINV0002447,HM Land Registry,06/06/2024,3.00
RESO - Resources,AAF - Finance,May Land Registry Fee,82,CRINV0002447,HM Land Registry,06/06/2024,3.00
RESO - Resources,AAF - Finance,May Land Registry Fee,83,CRINV0002447,HM Land Registry,06/06/2024,3.00
RESO - Resources,AAF - Finance,May Land Registry Fee,84,CRINV0002447,HM Land Registry,06/06/2024,3.00
RESO - Resources,AAF - Finance,May Land Registry Fee,85,CRINV0002447,HM Land Registry,06/06/2024,3.00
RESO - Resources,AAF - Finance,May Land Registry Fee,86,CRINV0002447,HM Land Registry,06/06/2024,3.00
RESO - Resources,AAF - Finance,May Land Registry Fee,87,CRINV0002447,HM Land Registry,06/06/2024,3.00
RESO - Resources,AAF - Finance,May Land Registry Fee,88,CRINV0002447,HM Land Registry,06/06/2024,3.00
RESO - Resources,AAF - Finance,May Land Registry Fee,89,CRINV0002447,HM Land Registry,06/06/2024,3.00
RESO - Resources,AAF - Finance,May Land Registry Fee,90,CRINV0002447,HM Land Registry,06/06/2024,3.00
RESO - Resources,AAF - Finance,May Land Registry Fee,91,CRINV0002447,HM Land Registry,06/06/2024,3.00
RESO - Resources,AAF - Finance,May Land Registry Fee,92,CRINV0002447,HM Land Registry,06/06/2024,3.00
RESO - Resources,AAF - Finance,May Land Registry Fee,93,CRINV0002447,HM Land Registry,06/06/2024,3.00
RESO - Resources,AAF - Finance,May Land Registry Fee,94,CRINV0002447,HM Land Registry,06/06/2024,3.00
RESO - Resources,AAF - Finance,May Land Registry Fee,95,CRINV0002447,HM Land Registry,06/06/2024,3.00
RESO - Resources,AAF - Finance,May Land Registry Fee,96,CRINV0002447,HM Land Registry,06/06/2024,6.00
RESO - Resources,AAF - Finance,May Land Registry Fee,97,CRINV0002447,HM Land Registry,06/06/2024,3.00
RESO - Resources,AAF - Finance,May Land Registry Fee,98,CRINV0002447,HM Land Registry,06/06/2024,6.00
RESO - Resources,AAF - Finance,May Land Registry Fee,99,CRINV0002447,HM Land Registry,06/06/2024,3.00
RESO - Resources,AAF - Finance,May Land Registry Fee,100,CRINV0002447,HM Land Registry,06/06/2024,3.00
RESO - Resources,AAF - Finance,May Land Registry Fee,101,CRINV0002447,HM Land Registry,06/06/2024,3.00
RESO - Resources,AAF - Finance,May Land Registry Fee,102,CRINV0002447,HM Land Registry,06/06/2024,6.00
RESO - Resources,AAF - Finance,May Land Registry Fee,103,CRINV0002447,HM Land Registry,06/06/2024,3.00
RESO - Resources,AAF - Finance,May Land Registry Fee,104,CRINV0002447,HM Land Registry,06/06/2024,3.00
RESO - Resources,AAF - Finance,May Land Registry Fee,105,CRINV0002447,HM Land Registry,06/06/2024,3.00
RESO - Resources,AAF - Finance,May Land Registry Fee,106,CRINV0002447,HM Land Registry,06/06/2024,3.00
RESO - Resources,AAF - Finance,May Land Registry Fee,107,CRINV0002447,HM Land Registry,06/06/2024,3.00
RESO - Resources,AAF - Finance,May Land Registry Fee,108,CRINV0002447,HM Land Registry,06/06/2024,6.00
RESO - Resources,AAF - Finance,May Land Registry Fee,109,CRINV0002447,HM Land Registry,06/06/2024,6.00
RESO - Resources,AAF - Finance,May Land Registry Fee,110,CRINV0002447,HM Land Registry,06/06/2024,3.00
RESO - Resources,AAF - Finance,May Land Registry Fee,111,CRINV0002447,HM Land Registry,06/06/2024,3.00
RESO - Resources,AAF - Finance,May Land Registry Fee,112,CRINV0002447,HM Land Registry,06/06/2024,3.00
RESO - Resources,AAF - Finance,May Land Registry Fee,113,CRINV0002447,HM Land Registry,06/06/2024,3.00
RESO - Resources,AAF - Finance,May Land Registry Fee,114,CRINV0002447,HM Land Registry,06/06/2024,3.00
RESO - Resources,AAF - Finance,May Land Registry Fee,115,CRINV0002447,HM Land Registry,06/06/2024,3.00
RESO - Resources,AAF - Finance,May Land Registry Fee,116,CRINV0002447,HM Land Registry,06/06/2024,6.00
RESO - Resources,AAF - Finance,May Land Registry Fee,117,CRINV0002447,HM Land Registry,06/06/2024,3.00
RESO - Resources,AAF - Finance,May Land Registry Fee,118,CRINV0002447,HM Land Registry,06/06/2024,3.00
RESO - Resources,AAF - Finance,May Land Registry Fee,119,CRINV0002447,HM Land Registry,06/06/2024,3.00
RESO - Resources,AAF - Finance,May Land Registry Fee,120,CRINV0002447,HM Land Registry,06/06/2024,3.00
RESO - Resources,AAF - Finance,May Land Registry Fee,121,CRINV0002447,HM Land Registry,06/06/2024,6.00
RESO - Resources,AAF - Finance,May Land Registry Fee,122,CRINV0002447,HM Land Registry,06/06/2024,3.00
RESO - Resources,AAF - Finance,May Land Registry Fee,123,CRINV0002447,HM Land Registry,06/06/2024,3.00
RESO - Resources,AAF - Finance,May Land Registry Fee,124,CRINV0002447,HM Land Registry,06/06/2024,6.00
RESO - Resources,AAF - Finance,May Land Registry Fee,125,CRINV0002447,HM Land Registry,06/06/2024,3.00
RESO - Resources,AAF - Finance,May Land Registry Fee,126,CRINV0002447,HM Land Registry,06/06/2024,3.00
RESO - Resources,AAF - Finance,May Land Registry Fee,127,CRINV0002447,HM Land Registry,06/06/2024,3.00
RESO - Resources,AAF - Finance,May Land Registry Fee,128,CRINV0002447,HM Land Registry,06/06/2024,6.00
RESO - Resources,AAF - Finance,May Land Registry Fee,129,CRINV0002447,HM Land Registry,06/06/2024,3.00
RESO - Resources,AAF - Finance,May Land Registry Fee,130,CRINV0002447,HM Land Registry,06/06/2024,3.00
RESO - Resources,AAF - Finance,May Land Registry Fee,131,CRINV0002447,HM Land Registry,06/06/2024,3.00
RESO - Resources,AAF - Finance,May Land Registry Fee,132,CRINV0002447,HM Land Registry,06/06/2024,3.00
RESO - Resources,AAF - Finance,May Land Registry Fee,133,CRINV0002447,HM Land Registry,06/06/2024,3.00
RESO - Resources,AAF - Finance,May Land Registry Fee,134,CRINV0002447,HM Land Registry,06/06/2024,3.00
RESO - Resources,AAF - Finance,May Land Registry Fee,135,CRINV0002447,HM Land Registry,06/06/2024,3.00
RESO - Resources,AAF - Finance,May Land Registry Fee,136,CRINV0002447,HM Land Registry,06/06/2024,3.00
RESO - Resources,AAF - Finance,May Land Registry Fee,137,CRINV0002447,HM Land Registry,06/06/2024,3.00
RESO - Resources,AAF - Finance,May Land Registry Fee,138,CRINV0002447,HM Land Registry,06/06/2024,3.00
RESO - Resources,AAF - Finance,May Land Registry Fee,139,CRINV0002447,HM Land Registry,06/06/2024,3.00
RESO - Resources,AAF - Finance,May Land Registry Fee,140,CRINV0002447,HM Land Registry,06/06/2024,3.00
RESO - Resources,AAF - Finance,May Land Registry Fee,141,CRINV0002447,HM Land Registry,06/06/2024,3.00
RESO - Resources,AAF - Finance,May Land Registry Fee,142,CRINV0002447,HM Land Registry,06/06/2024,3.00
RESO - Resources,AAF - Finance,May Land Registry Fee,143,CRINV0002447,HM Land Registry,11/06/2024,3.00
RESO - Resources,AAF - Finance,May Land Registry Fee,144,CRINV0002447,HM Land Registry,11/06/2024,3.00
RESO - Resources,AAF - Finance,May Land Registry Fee,145,CRINV0002447,HM Land Registry,11/06/2024,3.00
RESO - Resources,AAF - Finance,May Land Registry Fee,146,CRINV0002447,HM Land Registry,11/06/2024,6.00
RESO - Resources,AAF - Finance,May Land Registry Fee,147,CRINV0002447,HM Land Registry,11/06/2024,3.00
RESO - Resources,AAF - Finance,May Land Registry Fee,148,CRINV0002447,HM Land Registry,11/06/2024,3.00
RESO - Resources,AAF - Finance,May Land Registry Fee,149,CRINV0002447,HM Land Registry,11/06/2024,3.00
RESO - Resources,AAF - Finance,May Land Registry Fee,150,CRINV0002447,HM Land Registry,11/06/2024,3.00
RESO - Resources,AAF - Finance,May Land Registry Fee,151,CRINV0002447,HM Land Registry,11/06/2024,3.00
RESO - Resources,AAF - Finance,May Land Registry Fee,152,CRINV0002447,HM Land Registry,11/06/2024,3.00
RESO - Resources,AAF - Finance,May Land Registry Fee,153,CRINV0002447,HM Land Registry,11/06/2024,3.00
RESO - Resources,AAF - Finance,May Land Registry Fee,154,CRINV0002447,HM Land Registry,11/06/2024,3.00
RESO - Resources,AAF - Finance,May Land Registry Fee,155,CRINV0002447,HM Land Registry,11/06/2024,3.00
RESO - Resources,AAF - Finance,May Land Registry Fee,156,CRINV0002447,HM Land Registry,11/06/2024,3.00
RESO - Resources,AAF - Finance,May Land Registry Fee,157,CRINV0002447,HM Land Registry,11/06/2024,3.00
RESO - Resources,AAF - Finance,May Land Registry Fee,158,CRINV0002447,HM Land Registry,11/06/2024,6.00
RESO - Resources,AAF - Finance,May Land Registry Fee,159,CRINV0002447,HM Land Registry,11/06/2024,6.00
RESO - Resources,AAF - Finance,May Land Registry Fee,160,CRINV0002447,HM Land Registry,11/06/2024,6.00
RESO - Resources,AAF - Finance,May Land Registry Fee,161,CRINV0002447,HM Land Registry,11/06/2024,3.00
RESO - Resources,AAF - Finance,May Land Registry Fee,162,CRINV0002447,HM Land Registry,11/06/2024,3.00
RESO - Resources,AAF - Finance,May Land Registry Fee,163,CRINV0002447,HM Land Registry,11/06/2024,3.00
RESO - Resources,AAF - Finance,May Land Registry Fee,164,CRINV0002447,HM Land Registry,11/06/2024,3.00
RESO - Resources,AAF - Finance,May Land Registry Fee,165,CRINV0002447,HM Land Registry,11/06/2024,6.00
RESO - Resources,AAF - Finance,May Land Registry Fee,166,CRINV0002447,HM Land Registry,11/06/2024,6.00
RESO - Resources,AAF - Finance,May Land Registry Fee,167,CRINV0002447,HM Land Registry,11/06/2024,6.00
RESO - Resources,AAF - Finance,May Land Registry Fee,168,CRINV0002447,HM Land Registry,11/06/2024,6.00
RESO - Resources,AAF - Finance,May Land Registry Fee,169,CRINV0002447,HM Land Registry,11/06/2024,3.00
RESO - Resources,AAF - Finance,May Land Registry Fee,170,CRINV0002447,HM Land Registry,11/06/2024,3.00
RESO - Resources,AAF - Finance,May Land Registry Fee,171,CRINV0002447,HM Land Registry,11/06/2024,3.00
RESO - Resources,AAF - Finance,May Land Registry Fee,172,CRINV0002447,HM Land Registry,11/06/2024,3.00
RESO - Resources,AAF - Finance,May Land Registry Fee,173,CRINV0002447,HM Land Registry,11/06/2024,3.00
RESO - Resources,AAF - Finance,May Land Registry Fee,174,CRINV0002447,HM Land Registry,11/06/2024,3.00
RESO - Resources,AAF - Finance,May Land Registry Fee,175,CRINV0002447,HM Land Registry,11/06/2024,3.00
RESO - Resources,AAF - Finance,May Land Registry Fee,176,CRINV0002447,HM Land Registry,11/06/2024,3.00
RESO - Resources,AAF - Finance,May Land Registry Fee,177,CRINV0002447,HM Land Registry,11/06/2024,3.00
RESO - Resources,AAF - Finance,May Land Registry Fee,178,CRINV0002447,HM Land Registry,11/06/2024,6.00
RESO - Resources,AAF - Finance,May Land Registry Fee,179,CRINV0002447,HM Land Registry,11/06/2024,6.00
RESO - Resources,AAF - Finance,May Land Registry Fee,180,CRINV0002447,HM Land Registry,11/06/2024,3.00
RESO - Resources,AAF - Finance,May Land Registry Fee,181,CRINV0002447,HM Land Registry,11/06/2024,6.00
RESO - Resources,AAF - Finance,May Land Registry Fee,182,CRINV0002447,HM Land Registry,11/06/2024,3.00
RESO - Resources,AAF - Finance,May Land Registry Fee,183,CRINV0002447,HM Land Registry,11/06/2024,3.00
RESO - Resources,AAF - Finance,May Land Registry Fee,184,CRINV0002447,HM Land Registry,11/06/2024,6.00
RESO - Resources,AAF - Finance,May Land Registry Fee,185,CRINV0002447,HM Land Registry,11/06/2024,3.00
RESO - Resources,AAF - Finance,May Land Registry Fee,186,CRINV0002447,HM Land Registry,11/06/2024,3.00
RESO - Resources,AAF - Finance,May Land Registry Fee,187,CRINV0002447,HM Land Registry,11/06/2024,3.00
RESO - Resources,AAF - Finance,May Land Registry Fee,188,CRINV0002447,HM Land Registry,11/06/2024,3.00
RESO - Resources,AAF - Finance,May Land Registry Fee,189,CRINV0002447,HM Land Registry,11/06/2024,3.00
RESO - Resources,AAF - Finance,May Land Registry Fee,190,CRINV0002447,HM Land Registry,11/06/2024,3.00
RESO - Resources,AAF - Finance,May Land Registry Fee,191,CRINV0002447,HM Land Registry,11/06/2024,3.00
RESO - Resources,AAF - Finance,May Land Registry Fee,192,CRINV0002447,HM Land Registry,11/06/2024,3.00
RESO - Resources,AAF - Finance,May Land Registry Fee,193,CRINV0002447,HM Land Registry,11/06/2024,3.00
RESO - Resources,AAF - Finance,May Land Registry Fee,194,CRINV0002447,HM Land Registry,11/06/2024,3.00
RESO - Resources,AAF - Finance,May Land Registry Fee,195,CRINV0002447,HM Land Registry,11/06/2024,3.00
RESO - Resources,AAF - Finance,May Land Registry Fee,196,CRINV0002447,HM Land Registry,11/06/2024,3.00
RESO - Resources,AAF - Finance,May Land Registry Fee,197,CRINV0002447,HM Land Registry,11/06/2024,3.00
RESO - Resources,AAF - Finance,May Land Registry Fee,198,CRINV0002447,HM Land Registry,11/06/2024,3.00
RESO - Resources,AAF - Finance,May Land Registry Fee,199,CRINV0002447,HM Land Registry,11/06/2024,3.00
RESO - Resources,AAF - Finance,May Land Registry Fee,200,CRINV0002447,HM Land Registry,11/06/2024,3.00
RESO - Resources,AAF - Finance,May Land Registry Fee,201,CRINV0002447,HM Land Registry,11/06/2024,3.00
REGN - Regeneration & Housing,FAC - Haworth Art Gallery,Snapshot survey,1,CRINV0002449,The Audience Agency,11/06/2024,540.00
RESO - Resources,AAB - Benefits & Customer Contact,Legal Fees,1,CRINV0002451,Greenhalgh Kerr,11/06/2024,228.00
RESO - Resources,AAB - Benefits & Customer Contact,Legal fees,2,CRINV0002451,Greenhalgh Kerr,11/06/2024,26.00
REGN - Regeneration & Housing,FAF - Strategic Housing,Affordable Warmth Grant,1,CRINV0002452,Harris Heating (Nw) Ltd,11/06/2024,465.00
ENVS - Environmental Services,CAF - CVMU,Active XLS,1,CRINV0002453,Hope & Brown Ltd,11/06/2024,256.80
RESO - Resources,AAB - Benefits & Customer Contact,Cleaning - May 24,1,CRINV0002454,Hyndburn Leisure,11/06/2024,"1,813.60"
REGN - Regeneration & Housing,FAB - Facilities,Repairs to roof - HAG,1,CRINV0002457,Lighting And Building Services Ltd,11/06/2024,288.00
REGN - Regeneration & Housing,FAB - Facilities,Repaint end wall,1,CRINV0002467,George Pearce & Sons Ltd,11/06/2024,832.80
LEGL - Legal & Democratic,DAG - Elections,HBC/PCC 24 Election,1,CRINV0002471,Gm Fitted Furniture,11/06/2024,225.00
LEGL - Legal & Democratic,DAG - Elections,HBC/PCC 24 Election,2,CRINV0002471,Gm Fitted Furniture,11/06/2024,225.00
REGN - Regeneration & Housing,FAE - Property,Asset Valuations - Stage 3,1,CRINV0002473,Lea Hough And Co,11/06/2024,"11,231.04"
ENVS - Environmental Services,CAA - Environmental Maintenance,Charges - March 24,1,CRINV0002477,Rider Levett Bucknall Uk Ltd,11/06/2024,"5,659.99"
ENVS - Environmental Services,CAA - Environmental Maintenance,Charges- March 24,2,CRINV0002477,Rider Levett Bucknall Uk Ltd,11/06/2024,"5,660.00"
ENVS - Environmental Services,CAA - Environmental Maintenance,Charges - March 24,3,CRINV0002477,Rider Levett Bucknall Uk Ltd,11/06/2024,"5,660.01"
LEGL - Legal & Democratic,DAG - Elections,HBC/PCC 24 Election,1,CRINV0002478,Scaitcliffe Community Centre,11/06/2024,125.00
LEGL - Legal & Democratic,DAG - Elections,HBC/PCC 24 Election,2,CRINV0002478,Scaitcliffe Community Centre,11/06/2024,125.00
ENVS - Environmental Services,CAD - Town Centre & Markets,Strip out Electrical Eqpt in Pavillion,1,CRINV0002479,Steven Mercer Electrical Contractors Limited,11/06/2024,336.00
ENVS - Environmental Services,CAD - Town Centre & Markets,Installation of 1 manual call point,1,CRINV0002480,Full Circuit Fire & Security Ltd,11/06/2024,277.24
LEGL - Legal & Democratic,DAG - Elections,HBC/PCC 24 Election - Hire of Land,1,CRINV0002481,St Marys Rc Primary School,11/06/2024,200.00
LEGL - Legal & Democratic,DAG - Elections,HBC/PCC 24 Election - Hire of Land,2,CRINV0002481,St Marys Rc Primary School,11/06/2024,200.00
LEGL - Legal & Democratic,DAG - Elections,Supply Generators for Election - May 24,1,CRINV0002485,Lighting And Building Services Ltd,11/06/2024,960.00
LEGL - Legal & Democratic,DAG - Elections,Supply generators for Election - May 24,2,CRINV0002485,Lighting And Building Services Ltd,11/06/2024,"1,440.00"
LEGL - Legal & Democratic,DAG - Elections,Room Hire - Election May 24,1,CRINV0002487,Community Solutions North West Ltd,11/06/2024,258.00
LEGL - Legal & Democratic,DAG - Elections,Room Hire - Election May 24,2,CRINV0002487,Community Solutions North West Ltd,11/06/2024,258.00
LEGL - Legal & Democratic,DAG - Elections,Room Hire - Election May 24,1,CRINV0002488,Accrington Stanley Football In The Community,11/06/2024,500.00
ENVS - Environmental Services,CAC - Parks & Cemeteries,Inseego Fleet,1,CRINV0002490,Inseego UK Ltd,11/06/2024,288.00
ENVS - Environmental Services,CAC - Parks & Cemeteries,Grass cutting of highway verges,1,CRINV0002492,Grounds Gardens & Trees Ltd,13/06/2024,"21,631.34"
LEGL - Legal & Democratic,DAB - Human Resources,Workshop Connecting Cultures Event 16th June 2024,1,CRINV0002496,Spring Into Action Cic,13/06/2024,400.00
ENVS - Environmental Services,CAF - CVMU,Water and Wastewater bill 27 April 2024 26 May 2024,1,CRINV0002498,Water Plus - 4206400451 CVMU,13/06/2024,407.82
ENVS - Environmental Services,CAC - Parks & Cemeteries,Supplementary cleaning - June 24 - Wilsons,1,CRINV0002499,ServiceMaster Clean Contract Services AAA,13/06/2024,725.57
ENVS - Environmental Services,CAC - Parks & Cemeteries,Cleaning - June 24 - Rhyddings,1,CRINV0002500,ServiceMaster Clean Contract Services AAA,13/06/2024,652.99
ENVS - Environmental Services,CAC - Parks & Cemeteries,Cleaning - June 24 - Whiteash,1,CRINV0002502,ServiceMaster Clean Contract Services AAA,13/06/2024,265.86
LEGL - Legal & Democratic,DAG - Elections,Hire of Trestle Tables - Election May 24,1,CRINV0002506,Dale Event Hire,13/06/2024,250.00
LEGL - Legal & Democratic,DAG - Elections,Hire of Trestle Tables - Election May 24,2,CRINV0002506,Dale Event Hire,13/06/2024,250.00
LEGL - Legal & Democratic,DAG - Elections,HBC/PCC 24 Election,1,CRINV0002508,St Josephs Accrington,13/06/2024,400.00
LEGL - Legal & Democratic,DAG - Elections,HBC/PCC 24 Election,1,CRINV0002510,St Christophers C E School,13/06/2024,150.00
LEGL - Legal & Democratic,DAG - Elections,HBC/PCC 24 Election,2,CRINV0002510,St Christophers C E School,13/06/2024,150.00
REGN - Regeneration & Housing,FAF - Strategic Housing,Affordable warmth grant,1,CRINV0002524,Rhea Projects,13/06/2024,"2,068.50"
LEGL - Legal & Democratic,DAG - Elections,HBC/PCC 24 Election,1,CRINV0002526,HALO,13/06/2024,255.00
LEGL - Legal & Democratic,DAG - Elections,HBC/PCC 24 Election,2,CRINV0002526,HALO,13/06/2024,255.00
LEGL - Legal & Democratic,DAG - Elections,HBC/PCC 24 Election,1,CRINV0002527,Mount Carmel High School,13/06/2024,125.00
LEGL - Legal & Democratic,DAG - Elections,HBC/PCC 24 Election,2,CRINV0002527,Mount Carmel High School,13/06/2024,125.00
LEGL - Legal & Democratic,DAB - Human Resources,Broadway Banners ,1,CRINV0002528,Scott Dawson Advertising Ltd,13/06/2024,"6,456.00"
LEGL - Legal & Democratic,DAG - Elections,HBC/PCC 24 Election,1,CRINV0002529,Rishton Methodist Church,13/06/2024,125.00
LEGL - Legal & Democratic,DAG - Elections,HBC/PCC 24 Election,2,CRINV0002529,Rishton Methodist Church,13/06/2024,125.00
REGN - Regeneration & Housing,FAD - Housing Advice,Cold weather payment to cover April 2024,1,CRINV0002530,Maundy Relief,13/06/2024,"1,200.00"
ENVS - Environmental Services,CAB - Other Environmental Services,Willows Lane - Supplementary Cleaning,1,CRINV0002531,ServiceMaster Clean Contract Services AAA,13/06/2024,"1,257.69"
REGN - Regeneration & Housing,FAB - Facilities,Water connection processing fee ,1,CRINV0002537,United Utilities Water Ltd - 14065023 - Dill Hall,13/06/2024,"2,259.60"
ENVS - Environmental Services,CAF - CVMU,Public Authority Transport Network - Public Service Membership,1,CRINV0002545,Freight Transport Association,13/06/2024,"1,200.00"
ENVS - Environmental Services,CAC - Parks & Cemeteries,Agency Staff W/C 22/04/2024 W/E 28/04/2024 ,1,CRINV0002548,Proman Supply Chain Ltd,13/06/2024,"1,068.77"
ENVS - Environmental Services,CAC - Parks & Cemeteries,Agency Staff W/C 06/05/2024 - 12/05/2024 ,1,CRINV0002549,Proman Supply Chain Ltd,13/06/2024,610.73
ENVS - Environmental Services,CAC - Parks & Cemeteries,Agency Staff Costs - W/C 13/05/2024 - W/E 19/05/2024 ,1,CRINV0002550,Proman Supply Chain Ltd,13/06/2024,"1,526.80"
ENVS - Environmental Services,CAC - Parks & Cemeteries,Agency Staff - W/E 20/05/2024 W/E 26/05/2024 ,1,CRINV0002551,Proman Supply Chain Ltd,13/06/2024,777.41
ENVS - Environmental Services,CAC - Parks & Cemeteries,Service Agreement Charge 10 March - 09 June 2024,1,CRINV0002552,Facultatieve Technologies,13/06/2024,"13,288.46"
LEGL - Legal & Democratic,DAG - Elections,HBC/PCC 24 Election,1,CRINV0002561,Peel Park Primary School,13/06/2024,300.00
PLAN - Planning & Transportation,EAC - Green Infrastructure,Training 05/09/2024 ,1,CRINV0002565,CIEEM Institute of Ecology and Environmental,13/06/2024,275.00
ENVS - Environmental Services,CAD - Town Centre & Markets,Self Storage Contract ,1,CRINV0002568,Pay Store Limited T/A Store First,13/06/2024,75.00
ENVS - Environmental Services,CAD - Town Centre & Markets,Self Storage Contract,2,CRINV0002568,Pay Store Limited T/A Store First,13/06/2024,320.00
ENVS - Environmental Services,CAD - Town Centre & Markets,Self Storage Contract ,1,CRINV0002570,Pay Store Limited T/A Store First,13/06/2024,162.00
ENVS - Environmental Services,CAD - Town Centre & Markets,Self Storage Contract ,2,CRINV0002570,Pay Store Limited T/A Store First,13/06/2024,691.20
ENVS - Environmental Services,CAD - Town Centre & Markets,Self Storage Contract ,1,CRINV0002571,Pay Store Limited T/A Store First,13/06/2024,312.00
ENVS - Environmental Services,CAD - Town Centre & Markets,Self Storage Contract ,2,CRINV0002571,Pay Store Limited T/A Store First,13/06/2024,"1,331.20"
LEGL - Legal & Democratic,DAG - Elections,Election Stationery,1,CRINV0002576,Civica Election Services,13/06/2024,368.44
LEGL - Legal & Democratic,DAG - Elections,Election Stationery,1,CRINV0002577,Civica Election Services,13/06/2024,325.86
ENVS - Environmental Services,CAF - CVMU,bumper cover centre and plastic rivet,1,CRINV0002581,Dennis Eagle Limited,13/06/2024,402.70
ENVS - Environmental Services,CAF - CVMU,bumper corner R/H & L/H,1,CRINV0002590,Dennis Eagle Limited,13/06/2024,435.24
ENVS - Environmental Services,CAF - CVMU,"mirror, mudwing and air cleaner",1,CRINV0002591,Dennis Eagle Limited,13/06/2024,666.98
ENVS - Environmental Services,CAF - CVMU,parts,1,CRINV0002598,Wasteparts Uk Ltd,13/06/2024,748.85
ENVS - Environmental Services,CAF - CVMU,"Oxygen size X, Dissolved acetylene size M",1,CRINV0002600,British Oxygen Co Ltd,13/06/2024,541.44
ENVS - Environmental Services,CAF - CVMU,Call out on 22.05.24 - breakdown ,1,CRINV0002601,Assured Automobile Assessors Ltd,13/06/2024,408.00
PLAN - Planning & Transportation,EAA - Building Control,Agency staff - w/e 31.05.24 ,1,CRINV0002602,Deekay Tech Recruitment Ltd,13/06/2024,"1,779.42"
REGN - Regeneration & Housing,FAF - Strategic Housing,Costs of the B-with-us Partnership for April 2024 to March 2025,1,CRINV0002603,Together Housing Association,13/06/2024,"23,166.68"
PLAN - Planning & Transportation,EAD - Planning,Agency staff - w/e 26.05.24 ,1,CRINV0002606,Macdonald & Company,13/06/2024,"3,341.51"
PLAN - Planning & Transportation,EAD - Planning,"Retail Audit- Heys  Lane, Great Harwood",1,CRINV0002607,Urban Agile Ltd,13/06/2024,"2,880.00"
RESO - Resources,AAF - Finance,confidential waste disposal,1,CRINV0002613,Ecs Ltd,13/06/2024,676.20
RESO - Resources,AAG - Management Resources,Car lease,1,CRINV0002614,Lex Autolease Ltd,13/06/2024,"1,052.50"
RESO - Resources,AAG - Management Resources,Car lease,2,CRINV0002614,Lex Autolease Ltd,13/06/2024,"1,052.49"
RESO - Resources,AAG - Management Resources,Car lease,3,CRINV0002614,Lex Autolease Ltd,13/06/2024,519.70
RESO - Resources,AAG - Management Resources,Car Lease,1,CRINV0002615,Lex Autolease Ltd,13/06/2024,"2,780.79"
RESO - Resources,AAG - Management Resources,Car Lease,2,CRINV0002615,Lex Autolease Ltd,13/06/2024,"2,780.78"
RESO - Resources,AAG - Management Resources,Car Lease,3,CRINV0002615,Lex Autolease Ltd,13/06/2024,798.05
RESO - Resources,AAG - Management Resources,Rental Invoice,1,CRINV0002616,Lex Autolease Ltd,13/06/2024,"1,111.39"
RESO - Resources,AAG - Management Resources,Rental Invoice,2,CRINV0002616,Lex Autolease Ltd,13/06/2024,"1,111.39"
RESO - Resources,AAG - Management Resources,Rental Invoice,3,CRINV0002616,Lex Autolease Ltd,13/06/2024,621.94
RESO - Resources,AAB - Benefits & Customer Contact,Costs,1,CRINV0002620,Marston (Holdings) Ltd,13/06/2024,367.45
ENVS - Environmental Services,CAF - CVMU,Road Tax,1,CRINV0003633,Barclaycard,14/06/2024,337.50
ENVS - Environmental Services,CAF - CVMU,Road Tax,1,CRINV0003633,Barclaycard,14/06/2024,167.50
ENVS - Environmental Services,CAF - CVMU,Road Tax,1,CRINV0003633,Barclaycard,14/06/2024,202.50
ENVS - Environmental Services,CAF - CVMU,Road Tax,1,CRINV0003633,Barclaycard,14/06/2024,337.50
ENVS - Environmental Services,CAF - CVMU,Road Tax,1,CRINV0003633,Barclaycard,14/06/2024,302.50
ENVH - Environmental Health,BAB - Environmental Protection,Stotage Unit,1,CRINV0003633,Barclaycard,14/06/2024,"1,798.00"
ENVS - Environmental Services,CAC - Parks & Cemeteries,Fuel,1,CRINV0003633,Barclaycard,14/06/2024,259.84
ENVS - Environmental Services,CAC - Parks & Cemeteries,Wood,1,CRINV0003633,Barclaycard,14/06/2024,322.48
PLAN - Planning & Transportation,EAC - Green Infrastructure,Outside taps/Protective clothing,1,CRINV0003633,Barclaycard,14/06/2024,420.32
LEGL - Legal & Democratic,DAB - Human Resources,Accommodation,1,CRINV0003633,Barclaycard,14/06/2024,725.80
LEGL - Legal & Democratic,DAB - Human Resources,Accommodation,1,CRINV0003633,Barclaycard,14/06/2024,725.80
ENVS - Environmental Services,CAB - Other Environmental Services,Dog Warden Equipment,1,CRINV0003633,Barclaycard,14/06/2024,324.80
REGN - Regeneration & Housing,FAB - Facilities,Broadway Offices hot water boiler 2nd floor ladies toilet not working,1,CRINV0002626,Lancashire Gas Services,18/06/2024,325.49
ENVS - Environmental Services,CAA - Environmental Maintenance,Costs,1,CRINV0002636,Kashmir Property Investments,18/06/2024,"4,024.60"
ENVS - Environmental Services,CAA - Environmental Maintenance,Legal services,1,CRINV0002637,Womble Bond Dickinson (Uk) LLP,18/06/2024,649.32
ENVS - Environmental Services,CAA - Environmental Maintenance,Legal Services,2,CRINV0002637,Womble Bond Dickinson (Uk) LLP,18/06/2024,649.32
ENVS - Environmental Services,CAB - Other Environmental Services,April 24 Fees,1,CRINV0002638,Ma Cost Consulting Limited,18/06/2024,"3,500.00"
ENVS - Environmental Services,CAB - Other Environmental Services,April 24 Fees,2,CRINV0002638,Ma Cost Consulting Limited,18/06/2024,"3,499.99"
ENVS - Environmental Services,CAB - Other Environmental Services,April 24 Fees,3,CRINV0002638,Ma Cost Consulting Limited,18/06/2024,"3,500.01"
ENVS - Environmental Services,CAB - Other Environmental Services,May 24 Fees,1,CRINV0002639,Ma Cost Consulting Limited,18/06/2024,"5,480.00"
ENVS - Environmental Services,CAB - Other Environmental Services,May 24 Fees,2,CRINV0002639,Ma Cost Consulting Limited,18/06/2024,"5,479.99"
ENVS - Environmental Services,CAB - Other Environmental Services,May 24 Fees,3,CRINV0002639,Ma Cost Consulting Limited,18/06/2024,"5,480.01"
RESO - Resources,AAB - Benefits & Customer Contact,Professional Charges,1,CRINV0002646,Greenhalgh Kerr,18/06/2024,"4,260.00"
RESO - Resources,AAF - Finance,Blue Ink Cartridge,1,CRINV0002649,Pitney Bowes Ltd,18/06/2024,407.94
REGN - Regeneration & Housing,FAB - Facilities,Ceiling Track & Hoist Installation,1,CRINV0002652,Simply Moving & Sleeping,18/06/2024,"2,709.12"
RESO - Resources,AAF - Finance,Copier Charges - 22.2.24 to 21.5.24,1,CRINV0002654,Canon (Uk) Ltd,18/06/2024,462.77
LEGL - Legal & Democratic,DAG - Elections,Postal Packs,1,CRINV0002655,Civica Election Services,18/06/2024,"13,959.10"
LEGL - Legal & Democratic,DAG - Elections,Postal Packs,2,CRINV0002655,Civica Election Services,18/06/2024,"9,160.66"
LEGL - Legal & Democratic,DAG - Elections,Ballot Papers,1,CRINV0002656,Civica Election Services,18/06/2024,"4,846.94"
LEGL - Legal & Democratic,DAG - Elections,Ballot Papers,2,CRINV0002656,Civica Election Services,18/06/2024,"3,180.82"
ENVS - Environmental Services,CAC - Parks & Cemeteries,CCTV Hire - 27.4.24 to 31.5.24,1,CRINV0002659,Ross Lee Construction Ltd,18/06/2024,"1,320.00"
ENVS - Environmental Services,CAB - Other Environmental Services,Charges - May 24,1,CRINV0002661,Aspen Valley Boarding Kennels & Cattery,18/06/2024,"3,636.14"
ENVS - Environmental Services,CAC - Parks & Cemeteries,Felling of Trees,1,CRINV0002667,Dlc Tree Services,18/06/2024,"3,000.00"
ENVS - Environmental Services,CAA - Environmental Maintenance,Valuation costs - Accrington Town Square,1,CRINV0002681,Krol Corlett Construction Limited,18/06/2024,"2,571.76"
ENVS - Environmental Services,CAA - Environmental Maintenance,Accrington LUF - Multi-Discipline Team,1,CRINV0002683,Aecom Limited,18/06/2024,"14,654.77"
ENVS - Environmental Services,CAA - Environmental Maintenance,Accrington LUF - Multi-Discipline Team,2,CRINV0002683,Aecom Limited,18/06/2024,"14,654.77"
ENVS - Environmental Services,CAA - Environmental Maintenance,Accrington LUF - Multi-Discipline Team,3,CRINV0002683,Aecom Limited,18/06/2024,"14,654.79"
ENVS - Environmental Services,CAA - Environmental Maintenance,Accrington LUF - Multi-Discipline Team,1,CRINV0002685,Aecom Limited,18/06/2024,"8,953.93"
ENVS - Environmental Services,CAA - Environmental Maintenance,Accrington LUF - Multi-Discipline Team,2,CRINV0002685,Aecom Limited,18/06/2024,"8,953.93"
ENVS - Environmental Services,CAA - Environmental Maintenance,Accrington LUF - Multi-Discipline Team,3,CRINV0002685,Aecom Limited,18/06/2024,"8,953.94"
REGN - Regeneration & Housing,FAB - Facilities,Hyndburn Leisure Electricity Charges 01.05.24 - 31.05.24,1,CRINV0002688,EDF - 893361461 Hyndburn Leisure Centre,18/06/2024,"49,562.98"
REGN - Regeneration & Housing,FAB - Facilities,Late Payment Fee,2,CRINV0002688,EDF - 893361461 Hyndburn Leisure Centre,18/06/2024,87.50
REGN - Regeneration & Housing,FAB - Facilities,4 Ergonomic Desks,1,CRINV0002691,Bevlan Office Interiors Ltd,18/06/2024,"1,344.00"
REGN - Regeneration & Housing,FAB - Facilities,Charges - 01.05.24 - 31.05.24,1,CRINV0002698,EDF - 7368808979 Accrington Town Hall,18/06/2024,"4,478.92"
REGN - Regeneration & Housing,FAB - Facilities,Charges - 01.05.24 - 31.05.24,1,CRINV0002700,EDF - 682823573 Vehicle Maintenance Depot,18/06/2024,"3,036.86"
REGN - Regeneration & Housing,FAB - Facilities,Charges - 01.05.24 - 31.05.24,1,CRINV0002702,EDF - 5091617368 Accrington Market Blackburn Rd,18/06/2024,"4,587.16"
REGN - Regeneration & Housing,FAB - Facilities,Charges - 01.05 - 31.05.24,1,CRINV0002703,EDF - 9083492488 Mercer Hall Leisure Centre,18/06/2024,"5,818.48"
REGN - Regeneration & Housing,FAB - Facilities,Charges - 01.05.24 - 31.05.24,1,CRINV0002704,EDF - 3671768478 Scaitcliffe House Ormerod St,18/06/2024,"6,757.88"
ENVH - Environmental Health,BAA - Housing Standards,Agency Staff  w/c 27/05/2024,1,CRINV0002709,Oyster Partnership,18/06/2024,468.18
LEGL - Legal & Democratic,DAG - Elections,Postage Charges - April,1,CRINV0002711,Royal Mail Group Ltd,18/06/2024,"4,205.38"
LEGL - Legal & Democratic,DAG - Elections,Postage - May 24,1,CRINV0002714,Royal Mail Group Ltd,18/06/2024,"1,803.31"
ENVS - Environmental Services,CAA - Environmental Maintenance,Professional Services,1,CRINV0002719,Rider Levett Bucknall Uk Ltd,18/06/2024,"5,220.00"
ENVS - Environmental Services,CAA - Environmental Maintenance,Professional Services,2,CRINV0002719,Rider Levett Bucknall Uk Ltd,18/06/2024,"5,220.00"
ENVS - Environmental Services,CAA - Environmental Maintenance,Professional Services,3,CRINV0002719,Rider Levett Bucknall Uk Ltd,18/06/2024,"5,220.00"
ENVS - Environmental Services,CAA - Environmental Maintenance,Professional Services,1,CRINV0002722,Perfect Circle JV Ltd,18/06/2024,"31,348.19"
ENVS - Environmental Services,CAA - Environmental Maintenance,Accrington Town Square and Market Hall Works,1,CRINV0002724,Morgan Sindall Construction & Infrastructure Ltd,18/06/2024,"185,027.09"
ENVS - Environmental Services,CAA - Environmental Maintenance,Accrington Town Square,2,CRINV0002724,Morgan Sindall Construction & Infrastructure Ltd,18/06/2024,"55,114.45"
ENVS - Environmental Services,CAA - Environmental Maintenance,Accrington Town Hall / Market Hall Works,3,CRINV0002724,Morgan Sindall Construction & Infrastructure Ltd,18/06/2024,"153,533.11"
REGN - Regeneration & Housing,FAC - Haworth Art Gallery,Goods + Delivery for the Haworth Art Gallery,1,CRINV0002725,The Natural French Soap Company,18/06/2024,327.76
REGN - Regeneration & Housing,FAB - Facilities,Charges 01.04.24 - 31.03.25,1,CRINV0002726,United Utilities - 4290419380 5 Elmfield Hall Flat,18/06/2024,291.63
REGN - Regeneration & Housing,FAB - Facilities,Charges - 01.04.24 - 30.04.24,1,CRINV0002727,EDF - 7165810468 Acc Cemetery Office Site 28,18/06/2024,881.29
RESO - Resources,AAF - Finance,2023-24/Receipts,1,CRINV0002729,"Department For Levelling Up, Housing",18/06/2024,"73,200.00"
RESO - Resources,AAF - Finance,2023-24/Receipts,2,CRINV0002729,"Department For Levelling Up, Housing",18/06/2024,"11,856.00"
RESO - Resources,AAF - Finance,S31 Receipts/HBC,1,CRINV0002730,"(DD) Department of Levelling Up, Housing & Comm...",18/06/2024,"602,438.00"
PLAN - Planning & Transportation,EAC - Green Infrastructure,Charges - 04.05.24 - 03.06.24,1,CRINV0002734,Water Plus - 4082166227 Ley Allotments Hill St,18/06/2024,557.25
PLAN - Planning & Transportation,EAD - Planning,Agency staff - w/e 09.06.24 ,1,CRINV0002735,Macdonald & Company,18/06/2024,"1,779.40"
ENVS - Environmental Services,CAC - Parks & Cemeteries,Period: 03-May-24 to 02-June-24,1,CRINV0002736,Water Plus - 4081821747 Woodlands Sports Pavillion,18/06/2024,204.00
ENVS - Environmental Services,CAC - Parks & Cemeteries,Period: 03-May-24 to 02-Jun-24,2,CRINV0002736,Water Plus - 4081821747 Woodlands Sports Pavillion,18/06/2024,184.60
PLAN - Planning & Transportation,EAC - Green Infrastructure,Waste removal on allotments,1,CRINV0002737,Waste Busters Waste Removal,18/06/2024,"1,700.00"
REGN - Regeneration & Housing,FAB - Facilities,Monthly Cleaning - June 2024,1,CRINV0002739,ServiceMaster Clean Contract Services AAA,18/06/2024,368.52
REGN - Regeneration & Housing,FAB - Facilities,Disabled Facilities Grant ,1,CRINV0002753,Stannah Lift Services Limited,18/06/2024,"7,225.00"
ENVS - Environmental Services,CAF - CVMU,Supplementary Cleaning for the month of June 2024,1,CRINV0002762,ServiceMaster Clean Contract Services AAA,18/06/2024,967.44
ENVS - Environmental Services,CAF - CVMU,Various vehicle parts and vehicle breakdown/maintenance,1,CRINV0002764,Rossendale Vulcanising (Sales Ltd),18/06/2024,"3,086.40"
ENVS - Environmental Services,CAD - Town Centre & Markets,Supply and Fit Carpet,1,CRINV0002767,DJB CARPETS,18/06/2024,550.00
RESO - Resources,AAB - Benefits & Customer Contact,Agency staff w/e 10.03.24 ,1,CRINV0002768,Eden Brown Limited,20/06/2024,"1,212.12"
RESO - Resources,AAB - Benefits & Customer Contact,Professional Charges and Fees,1,CRINV0002769,Greenhalgh Kerr,20/06/2024,"4,867.20"
RESO - Resources,AAB - Benefits & Customer Contact,Professional Fees and Charges,2,CRINV0002769,Greenhalgh Kerr,20/06/2024,352.00
ENVS - Environmental Services,CAE - Waste Services,Vehicle Hire May 2024,1,CRINV0002777,Leeds Commercial Vehicle Hire,20/06/2024,"2,125.20"
ENVS - Environmental Services,CAE - Waste Services,Vehicle hire May 24,1,CRINV0002778,Leeds Commercial Vehicle Hire,20/06/2024,"1,663.20"
REGN - Regeneration & Housing,FAC - Haworth Art Gallery,renewal,1,CRINV0002785,Marketing Lancashire Ltd,20/06/2024,494.40
ENVS - Environmental Services,CAC - Parks & Cemeteries,supplementary cleaning,1,CRINV0002790,ServiceMaster Clean Contract Services AAA,20/06/2024,594.71
ENVS - Environmental Services,CAC - Parks & Cemeteries,Supplementary cleaning,1,CRINV0002791,ServiceMaster Clean Contract Services AAA,20/06/2024,660.80
ENVS - Environmental Services,CAA - Environmental Maintenance,Electricity 23/11/23 - 31/03/24,1,CRINV0002793,E-On Next Energy - A-001CB535 Unit 15 Market Hall,20/06/2024,338.96
ENVS - Environmental Services,CAA - Environmental Maintenance,Electricity 23/11/23 - 31/03/24,2,CRINV0002793,E-On Next Energy - A-001CB535 Unit 15 Market Hall,20/06/2024,40.00
ENVS - Environmental Services,CAC - Parks & Cemeteries,Cleaning May 24 - Whiteash,1,CRINV0002797,ServiceMaster Clean Contract Services AAA,20/06/2024,265.86
ENVS - Environmental Services,CAA - Environmental Maintenance,Electricity,1,CRINV0002802,E-On Next Energy - A-001CB535 Unit 15 Market Hall,20/06/2024,436.52
ENVS - Environmental Services,CAA - Environmental Maintenance,Electricity,2,CRINV0002802,E-On Next Energy - A-001CB535 Unit 15 Market Hall,20/06/2024,264.67
ENVS - Environmental Services,CAC - Parks & Cemeteries,Cleaning May 24 - Wilsons,1,CRINV0002803,ServiceMaster Clean Contract Services AAA,20/06/2024,725.57
ENVS - Environmental Services,CAC - Parks & Cemeteries,Cleaning - May 24 - Rhyddings,1,CRINV0002805,ServiceMaster Clean Contract Services AAA,20/06/2024,652.99
ENVS - Environmental Services,CAC - Parks & Cemeteries,Cleaning May 24 - Rhyddings,1,CRINV0002807,ServiceMaster Clean Contract Services AAA,20/06/2024,652.99
ENVS - Environmental Services,CAC - Parks & Cemeteries,Cleaning April 24 - Whiteash,1,CRINV0002809,ServiceMaster Clean Contract Services AAA,20/06/2024,265.86
ENVS - Environmental Services,CAC - Parks & Cemeteries,Cleaning April 24 - Wilsons,1,CRINV0002810,ServiceMaster Clean Contract Services AAA,20/06/2024,725.57
ENVS - Environmental Services,CAA - Environmental Maintenance,Disbursement Fees,1,CRINV0002811,CBRE Ltd,20/06/2024,478.13
ENVS - Environmental Services,CAA - Environmental Maintenance,Disbursement Fees,2,CRINV0002811,CBRE Ltd,20/06/2024,478.13
ENVS - Environmental Services,CAA - Environmental Maintenance,Disbursement Fees,3,CRINV0002811,CBRE Ltd,25/06/2024,478.14
PLAN - Planning & Transportation,EAA - Building Control,Temp Staff W/E 7.6.24 ,1,CRINV0002816,Deekay Tech Recruitment Ltd,25/06/2024,"1,674.16"
ENVS - Environmental Services,CAB - Other Environmental Services,Charges - May 24,1,CRINV0002844,Suez Recycling And Recovery Uk Ltd,25/06/2024,"3,507.49"
ENVS - Environmental Services,CAB - Other Environmental Services,Charges - May 24,2,CRINV0002844,Suez Recycling And Recovery Uk Ltd,25/06/2024,"13,658.55"
ENVS - Environmental Services,CAE - Waste Services,Temp staff w/e 2.6.24,1,CRINV0002848,Rapid Recruitment Ltd,25/06/2024,"2,197.97"
RESO - Resources,AAB - Benefits & Customer Contact,Temp staff w/e 2.6.24 ,1,CRINV0002863,Eden Brown Limited,25/06/2024,"1,212.12"
RESO - Resources,AAB - Benefits & Customer Contact,Temp staff w/e 9.6.24,1,CRINV0002865,Eden Brown Limited,25/06/2024,"1,212.12"
ENVS - Environmental Services,CAA - Environmental Maintenance,Electricty charges,1,CRINV0002872,E-On Next Energy - A-B930C930 73 Blackburn Road,25/06/2024,529.91
RESO - Resources,AAG - Management Resources,Valuation 15 ,1,CRINV0002873,Alliance Leisure Services Limited,25/06/2024,"484,534.81"
RESO - Resources,AAG - Management Resources,Valuation 15 ,2,CRINV0002873,Alliance Leisure Services Limited,25/06/2024,"3,240.00"
RESO - Resources,AAG - Management Resources,Valuation 15 ,3,CRINV0002873,Alliance Leisure Services Limited,25/06/2024,"5,228.57"
RESO - Resources,AAG - Management Resources,Valuation 15 ,4,CRINV0002873,Alliance Leisure Services Limited,25/06/2024,"5,400.00"
RESO - Resources,AAF - Finance,Charges - May 24,1,CRINV0002874,HM Courts & Tribunals Service,25/06/2024,274.50
LEGL - Legal & Democratic,DAB - Human Resources,Services - May 24,1,CRINV0002877,Pam Wellbeing Ltd,25/06/2024,112.14
LEGL - Legal & Democratic,DAB - Human Resources,Services - May 24,2,CRINV0002877,Pam Wellbeing Ltd,25/06/2024,109.62
LEGL - Legal & Democratic,DAB - Human Resources,Services - May 24,3,CRINV0002877,Pam Wellbeing Ltd,25/06/2024,109.62
LEGL - Legal & Democratic,DAB - Human Resources,Services - May 24,4,CRINV0002877,Pam Wellbeing Ltd,25/06/2024,163.80
LEGL - Legal & Democratic,DAB - Human Resources,Services - May 24,5,CRINV0002877,Pam Wellbeing Ltd,25/06/2024,109.62
RESO - Resources,AAF - Finance,Transaction Charges - 30-May 24,1,CRINV0002879,Worldpay UK Limited,25/06/2024,285.60
RESO - Resources,AAF - Finance,Charges - 24.5.24,1,CRINV0002880,Worldpay UK Limited,25/06/2024,285.60
RESO - Resources,AAF - Finance,Charges - April 24,1,CRINV0002882,G4S Cash Solutions (UK) Limited,25/06/2024,577.16
LEGL - Legal & Democratic,DAB - Human Resources,Design work,1,CRINV0002889,Brands Inside Out Limited,25/06/2024,600.00
ENVS - Environmental Services,CAA - Environmental Maintenance,2 x Information window vinyls,1,CRINV0002890,Media Village,25/06/2024,"1,254.00"
PLAN - Planning & Transportation,EAC - Green Infrastructure,Period: 14-May-24 to 13-Jun-24,1,CRINV0002892,Water Plus - 4082156767 Waverledge Allotment,25/06/2024,450.32
ENVS - Environmental Services,CAA - Environmental Maintenance,Market Stall Maintenance,1,CRINV0002895,Rapid Retail Limited,25/06/2024,"2,745.00"
REGN - Regeneration & Housing,FAB - Facilities,Call outs - May 24,1,CRINV0002899,Keyplus Security Ltd,25/06/2024,170.50
REGN - Regeneration & Housing,FAB - Facilities,Call outs - May 24,2,CRINV0002899,Keyplus Security Ltd,25/06/2024,127.90
REGN - Regeneration & Housing,FAB - Facilities,Call outs - May 24,3,CRINV0002899,Keyplus Security Ltd,25/06/2024,170.50
REGN - Regeneration & Housing,FAB - Facilities,Call Outs - May 24,4,CRINV0002899,Keyplus Security Ltd,25/06/2024,170.50
REGN - Regeneration & Housing,FAB - Facilities,Call outs May 24,5,CRINV0002899,Keyplus Security Ltd,25/06/2024,85.25
REGN - Regeneration & Housing,FAB - Facilities,Call Outs - May 24,6,CRINV0002899,Keyplus Security Ltd,25/06/2024,340.99
REGN - Regeneration & Housing,FAB - Facilities,Call Outs - May 24,7,CRINV0002899,Keyplus Security Ltd,25/06/2024,85.25
REGN - Regeneration & Housing,FAB - Facilities,Call Outs - May 24,8,CRINV0002899,Keyplus Security Ltd,25/06/2024,163.95
RESO - Resources,AAF - Finance,Postage,1,CRINV0002937,Pitney Bowes Ltd,25/06/2024,15.60
RESO - Resources,AAF - Finance,Postage,2,CRINV0002937,Pitney Bowes Ltd,25/06/2024,"11,910.85"
RESO - Resources,AAB - Benefits & Customer Contact,Whinney Hill - June 24,1,CRINV0002938,Cheval Social Management,25/06/2024,"1,281.69"
RESO - Resources,AAB - Benefits & Customer Contact,Whinney Hill June 24,1,CRINV0002939,Ada Glossop Ltd,25/06/2024,"1,182.14"
ENVS - Environmental Services,CAE - Waste Services,Temp staff w/e 26.5.24,1,CRINV0002943,Rapid Recruitment Ltd,25/06/2024,"1,373.74"
ENVS - Environmental Services,CAC - Parks & Cemeteries,Charges: 3.5.24 to 2.6.24,1,CRINV0002950,Water Plus - 6002491027 White Ash Playing Fields,25/06/2024,204.00
ENVS - Environmental Services,CAC - Parks & Cemeteries,Charges: 3.5.24 to 2.6.24,2,CRINV0002950,Water Plus - 6002491027 White Ash Playing Fields,25/06/2024,432.26
ENVS - Environmental Services,CAC - Parks & Cemeteries,Temp staff w/e 25.3.24,1,CRINV0002951,Proman Supply Chain Ltd,25/06/2024,"1,893.93"
ENVS - Environmental Services,CAC - Parks & Cemeteries,Temp staff w/e 25.3.24,1,CRINV0002952,Proman Supply Chain Ltd,25/06/2024,"1,101.52"
ENVS - Environmental Services,CAC - Parks & Cemeteries,Temp staff w/e 29.4.24,1,CRINV0002953,Proman Supply Chain Ltd,25/06/2024,"1,374.13"
ENVS - Environmental Services,CAE - Waste Services,Temp staff w/e 19.5.24,1,CRINV0002954,Rapid Recruitment Ltd,25/06/2024,"2,060.60"
REGN - Regeneration & Housing,FAF - Strategic Housing,Affordable Warmth Grant,1,CRINV0002956,A G S Heating & Plumbing Ltd,25/06/2024,"2,580.00"
REGN - Regeneration & Housing,FAF - Strategic Housing,Affordable Warmth Grant,1,CRINV0002957,A G S Heating & Plumbing Ltd,25/06/2024,"2,484.00"
LEGL - Legal & Democratic,DAB - Human Resources,3 Day Training,1,CRINV0002963,ABC North West Ltd,25/06/2024,417.60
REGN - Regeneration & Housing,FAF - Strategic Housing,Affordable Warmth Grant,1,CRINV0002964,Rhea Projects,25/06/2024,"2,467.50"
REGN - Regeneration & Housing,FAF - Strategic Housing,Affordable Warmth Grant,1,CRINV0002965,Rhea Projects,25/06/2024,"3,231.30"
REGN - Regeneration & Housing,FAF - Strategic Housing,Affordable warmth Grant,1,CRINV0002966,Rhea Projects,25/06/2024,"2,635.20"
RESO - Resources,AAB - Benefits & Customer Contact,Professional charges,1,CRINV0002969,Stephensons Solicitors LLP,25/06/2024,719.64
RESO - Resources,AAB - Benefits & Customer Contact,Professional charges,2,CRINV0002969,Stephensons Solicitors LLP,25/06/2024,"1,500.30"
PLAN - Planning & Transportation,EAA - Building Control,Agency staff - w/e 14.06.24,1,CRINV0002973,Deekay Tech Recruitment Ltd,25/06/2024,"1,744.98"
REGN - Regeneration & Housing,FAE - Property,GGP Systems Software Renewal,1,CRINV0002985,Ggp Systems Ltd,25/06/2024,"1,912.79"
ENVS - Environmental Services,CAC - Parks & Cemeteries,Vehicle parts,1,CRINV0002994,Teleshore (Uk) Ltd,25/06/2024,707.70
REGN - Regeneration & Housing,FAB - Facilities,"Electricity Charges - Christmas Lighting,  01/05/2024 - 31/05/2024",1,CRINV0002999,"SSE - 8700277599 Christmas Lighting, Facilities",25/06/2024,"1,585.78"
REGN - Regeneration & Housing,FAB - Facilities,Disabled Facilities Grant,1,CRINV0003007,P A Cookson Ltd,25/06/2024,"9,896.00"
REGN - Regeneration & Housing,FAB - Facilities,1x Half Hourly Electricity Data Collection and EDV Charge,1,CRINV0003011,Imserv Europe Ltd,25/06/2024,313.59
ENVS - Environmental Services,CAA - Environmental Maintenance,Legal services. Market hall,1,CRINV0003017,Womble Bond Dickinson (Uk) LLP,25/06/2024,"1,487.35"
ENVS - Environmental Services,CAA - Environmental Maintenance,Legal services Market Hall,2,CRINV0003017,Womble Bond Dickinson (Uk) LLP,25/06/2024,"1,487.36"
ENVS - Environmental Services,CAA - Environmental Maintenance,Legal fees Market Hall,3,CRINV0003017,Womble Bond Dickinson (Uk) LLP,25/06/2024,"1,487.37"
ENVS - Environmental Services,CAA - Environmental Maintenance,Legal services. Lot 1A Markets,1,CRINV0003018,Womble Bond Dickinson (Uk) LLP,25/06/2024,520.20
ENVS - Environmental Services,CAA - Environmental Maintenance,Legal Services Lot 1A MArkets,2,CRINV0003018,Womble Bond Dickinson (Uk) LLP,25/06/2024,520.20
ENVS - Environmental Services,CAA - Environmental Maintenance,Legal services Market Hall,3,CRINV0003018,Womble Bond Dickinson (Uk) LLP,25/06/2024,520.20
ENVS - Environmental Services,CAA - Environmental Maintenance,Electric Town Hall Cabins. May 2024,1,CRINV0003021,Smartest Energy - 100011736903 77-79 Blackburn Rd,25/06/2024,950.64
ENVS - Environmental Services,CAA - Environmental Maintenance,Telephone survey of residents  aged 18 plus,1,CRINV0003034,Survation Ltd,25/06/2024,"8,340.00"
ENVS - Environmental Services,CAA - Environmental Maintenance,LUF programme Manager & PMS June 24,1,CRINV0003035,Rider Levett Bucknall Uk Ltd,25/06/2024,"6,342.00"
ENVS - Environmental Services,CAA - Environmental Maintenance,:UF Programme Manager & PMS June 24,2,CRINV0003035,Rider Levett Bucknall Uk Ltd,25/06/2024,"6,342.00"
ENVS - Environmental Services,CAA - Environmental Maintenance,LUF Programme Manager & PMS June 24,3,CRINV0003035,Rider Levett Bucknall Uk Ltd,25/06/2024,"6,342.00"
REGN - Regeneration & Housing,FAD - Housing Advice,Rent Deposit,1,CRINV0003039,Yaseen Management Ltd,25/06/2024,400.00
RESO - Resources,AAF - Finance,RVBC Tariff due June 2024,1,CRINV0003047, Ribble Valley Borough Council,25/06/2024,"453,669.00"
LEGL - Legal & Democratic,DAH - Licencing,Goods for Taxi Licensing,1,CRPOI0001842,New Auto Ltd t/a Mogo (UK),25/06/2024,"1,461.48"
ENVS - Environmental Services,CAB - Other Environmental Services, Sakarat Bromabait ,1,CRPOI0001996,Killgerm Chemicals Ltd,25/06/2024,151.20
ENVS - Environmental Services,CAB - Other Environmental Services,Vazor Phepra CS ,2,CRPOI0001996,Killgerm Chemicals Ltd,25/06/2024,129.60
ENVS - Environmental Services,CAB - Other Environmental Services,Repair costs to Hired HGV Sweeper ,1,CRPOI0002161,Scarab Sweepers Limited,25/06/2024,433.45
ENVS - Environmental Services,CAB - Other Environmental Services,20 X Driver Books,1,CRPOI0002282,Ellison Printing Co.,25/06/2024,338.40
RESO - Resources,AAF - Finance,Cleaning materials,1,CRPOI0002326,Option Hygiene,25/06/2024,312.19
RESO - Resources,AAF - Finance,Cleaning materials,1,CRPOI0002327,Option Hygiene,25/06/2024,258.48
ENVS - Environmental Services,CAB - Other Environmental Services,Magnum HGV Road Sweeper ,1,CRPOI0002360,Scarab Sweepers Limited,25/06/2024,"24,000.00"
ENVS - Environmental Services,CAF - CVMU,1000 Litres AdBlue ,1,CRPOI0002361,J E Morten Ltd,25/06/2024,456.00
ENVS - Environmental Services,CAB - Other Environmental Services,"Approximately 23,000 litres HVO fuel ",1,CRPOI0002381,Certas Energy,25/06/2024,"32,841.14"
ENVS - Environmental Services,CAB - Other Environmental Services,Supply and delivery of attached plant list,1,CRPOI0002432,James Coles & Sons (Nurseries) Ltd,25/06/2024,598.50
ENVS - Environmental Services,CAC - Parks & Cemeteries,Clear Rocks/ Waste,1,CRPOI0002505,Grounds Gardens & Trees Ltd,25/06/2024,216.00
ENVS - Environmental Services,CAC - Parks & Cemeteries,Waste removal ,2,CRPOI0002505,Grounds Gardens & Trees Ltd,25/06/2024,60.00
ENVS - Environmental Services,CAB - Other Environmental Services,2 X Triscan Fuelling OBD`s - Including Installation,1,CRPOI0002511,Triscan Systems Limited,25/06/2024,845.10
ENVS - Environmental Services,CAB - Other Environmental Services,2 X Triscan Fuelling OBD`s - Including Installation,2,CRPOI0002511,Triscan Systems Limited,25/06/2024,845.10
ENVS - Environmental Services,CAF - CVMU,20 X Fuel Kisskeys ,1,CRPOI0002518,Triscan Systems Limited,25/06/2024,720.00
ENVS - Environmental Services,CAF - CVMU,Carriage Charge,2,CRPOI0002518,Triscan Systems Limited,25/06/2024,30.00
ENVS - Environmental Services,CAB - Other Environmental Services,8 Each Hammerite type paint ,1,CRPOI0002519,M J Supplies,25/06/2024,282.72
ENVS - Environmental Services,CAB - Other Environmental Services,2 X 5120 Himalayan Safety Boots ,1,CRPOI0002544,"Bubbles, Brushes & Wiper Co Ltd",25/06/2024,105.14
ENVS - Environmental Services,CAB - Other Environmental Services,3 X 5120 Himalayan Safety Boots,2,CRPOI0002544,"Bubbles, Brushes & Wiper Co Ltd",25/06/2024,157.72
ENVS - Environmental Services,CAB - Other Environmental Services,3 X 5120 Himalayan Safety Boots,3,CRPOI0002544,"Bubbles, Brushes & Wiper Co Ltd",25/06/2024,157.72
ENVS - Environmental Services,CAB - Other Environmental Services,3 X S919 Portwest Hi Vis Ballistic Trousers ,4,CRPOI0002544,"Bubbles, Brushes & Wiper Co Ltd",25/06/2024,114.73
ENVS - Environmental Services,CAB - Other Environmental Services,a Hi Vis Highways Jackets - Orange,5,CRPOI0002544,"Bubbles, Brushes & Wiper Co Ltd",25/06/2024,27.58
ENVS - Environmental Services,CAB - Other Environmental Services,100 X X5 Sumo X5 Gloves,6,CRPOI0002544,"Bubbles, Brushes & Wiper Co Ltd",25/06/2024,573.61
ENVS - Environmental Services,CAB - Other Environmental Services,4 X HWV100 Yoko Hi Vis Vest,7,CRPOI0002544,"Bubbles, Brushes & Wiper Co Ltd",25/06/2024,9.55
ENVS - Environmental Services,CAB - Other Environmental Services,4 X HWV100 Yoko Hi Vis Vest,8,CRPOI0002544,"Bubbles, Brushes & Wiper Co Ltd",25/06/2024,9.55
ENVS - Environmental Services,CAB - Other Environmental Services,4 X HWV100 Yoko Hi Vis Vest,9,CRPOI0002544,"Bubbles, Brushes & Wiper Co Ltd",25/06/2024,9.55
ENVS - Environmental Services,CAB - Other Environmental Services,1 X SF96 Blackrock Safety Trainer,10,CRPOI0002544,"Bubbles, Brushes & Wiper Co Ltd",25/06/2024,28.34
ENVS - Environmental Services,CAB - Other Environmental Services,1 X SF96 Blackrock Safety Trainer,11,CRPOI0002544,"Bubbles, Brushes & Wiper Co Ltd",25/06/2024,28.34
ENVS - Environmental Services,CAB - Other Environmental Services,1 X SF96 Blackrock Safety Trainer,12,CRPOI0002544,"Bubbles, Brushes & Wiper Co Ltd",25/06/2024,28.34
ENVS - Environmental Services,CAB - Other Environmental Services,3 X 199ASieon W/proof Trousers Hi Vis Orange,13,CRPOI0002544,"Bubbles, Brushes & Wiper Co Ltd",25/06/2024,82.73
ENVS - Environmental Services,CAB - Other Environmental Services,6 X 198ASieon W/proof Jacket Hi Vis Orange,14,CRPOI0002544,"Bubbles, Brushes & Wiper Co Ltd",25/06/2024,263.95
ENVS - Environmental Services,CAB - Other Environmental Services,3 X 198ASieon W/proof Jacket Hi Vis Orange,15,CRPOI0002544,"Bubbles, Brushes & Wiper Co Ltd",25/06/2024,131.98
ENVS - Environmental Services,CAB - Other Environmental Services,3 X MEM001 Warrior Memphis Hi Vis Bomber Jacket Orange,16,CRPOI0002544,"Bubbles, Brushes & Wiper Co Ltd",27/06/2024,85.28
ENVS - Environmental Services,CAB - Other Environmental Services,5 X Toilet brush and holders ,17,CRPOI0002544,"Bubbles, Brushes & Wiper Co Ltd",27/06/2024,10.74
ENVS - Environmental Services,CAB - Other Environmental Services,12 X IW40 Sanitising Handwipes (200 wipes) @ 3.99 each,18,CRPOI0002544,"Bubbles, Brushes & Wiper Co Ltd",27/06/2024,57.46
ENVS - Environmental Services,CAB - Other Environmental Services,12 X Hand Gel 500ml Pump Bottle ,19,CRPOI0002544,"Bubbles, Brushes & Wiper Co Ltd",27/06/2024,42.48
ENVS - Environmental Services,CAB - Other Environmental Services,1000 X It`s not rubbish if you recycle heatseal,20,CRPOI0002544,"Bubbles, Brushes & Wiper Co Ltd",27/06/2024,840.00
ENVS - Environmental Services,CAB - Other Environmental Services,1000 Hyndburn an excellent council heatseal,21,CRPOI0002544,"Bubbles, Brushes & Wiper Co Ltd",27/06/2024,336.00
ENVS - Environmental Services,CAB - Other Environmental Services,1000 X Hyndburn logo heatseal ,22,CRPOI0002544,"Bubbles, Brushes & Wiper Co Ltd",27/06/2024,468.00
REGN - Regeneration & Housing,FAE - Property," Removal of Horse.
Risk Assessment, Welfare Check and Quote for eviction.",1,CRPOI0002782,Specialist & Equine Bailiffs Limited,27/06/2024,"1,014.00"
RESO - Resources,AAF - Finance,Stationery for Acc Town Hall,1,CRPOI0002871,Ot Group Limited,27/06/2024,253.86
ENVS - Environmental Services,CAB - Other Environmental Services,12 X ROSOLO - Black rat stations 10pk (with bars),1,CRPOI0002884,1env Solutions Ltd,27/06/2024,275.40
ENVS - Environmental Services,CAB - Other Environmental Services,20 X RODSHORT - Short Bait Rods for Solo 10 pack,2,CRPOI0002884,1env Solutions Ltd,27/06/2024,20.40
ENVS - Environmental Services,CAB - Other Environmental Services,5 x 32inch small Regatta Pro Cargo work trs ,1,CRPOI0002988,"Bubbles, Brushes & Wiper Co Ltd",27/06/2024,116.81
ENVS - Environmental Services,CAB - Other Environmental Services,5 x 30inch small Regatta pro Cargo work Trs ,2,CRPOI0002988,"Bubbles, Brushes & Wiper Co Ltd",27/06/2024,116.82
ENVS - Environmental Services,CAB - Other Environmental Services,1 x Reversible GO/RT 3279 Large Body Warmer,3,CRPOI0002988,"Bubbles, Brushes & Wiper Co Ltd",27/06/2024,23.98
ENVS - Environmental Services,CAB - Other Environmental Services,4 x Portwest S160 Light Traffic Jacket - Large ,4,CRPOI0002988,"Bubbles, Brushes & Wiper Co Ltd",27/06/2024,66.19
ENVS - Environmental Services,CAB - Other Environmental Services,2 x Portwest S160 Light Traffic Jacket ,5,CRPOI0002988,"Bubbles, Brushes & Wiper Co Ltd",27/06/2024,33.10
,,,,,,,
,,,,,,,
,,,,,,,
,,,,,,,
,,,,,,,
,,,,,,,
,,,,,,,
,,,,,,,
,,,,,,,
,,,,,,,
,,,,,,,
,,,,,,,
,,,,,,,
,,,,,,,
,,,,,,,
,,,,,,,
,,,,,,,
,,,,,,,
,,,,,,,
,,,,,,,
,,,,,,,
,,,,,,,
,,,,,,,
,,,,,,,
,,,,,,,
,,,,,,,
,,,,,,,
,,,,,,,
,,,,,,,
,,,,,,,
,,,,,,,
,,,,,,,
,,,,,,,
,,,,,,,
,,,,,,,
,,,,,,,
,,,,,,,
,,,,,,,
,,,,,,,
,,,,,,,
,,,,,,,
,,,,,,,
,,,,,,,
,,,,,,,
,,,,,,,
,,,,,,,
,,,,,,,
,,,,,,,
,,,,,,,
,,,,,,,
,,,,,,,
,,,,,,,
,,,,,,,
,,,,,,,
,,,,,,,
,,,,,,,
,,,,,,,
,,,,,,,
,,,,,,,
,,,,,,,
,,,,,,,
,,,,,,,
,,,,,,,
,,,,,,,
,,,,,,,
,,,,,,,
,,,,,,,
,,,,,,,
