Department Area,Service Area,,Description,Line,HBC Ref No.,,Name:  ,,,Payment Date,Amount Paid
RESO - Resources,AAB - Benefits & Customer Contact,,Professional Charges,1,CRINV0012062,,Stephensons Solicitors LLP,,,05/08/2025,"1,440.00"
RESO - Resources,AAB - Benefits & Customer Contact,,Professional Charges,2,CRINV0012062,,Stephensons Solicitors LLP,,,05/08/2025,"3,664.00"
ENVH - Environmental Health,BAA - Housing Standards,,Staff 30.06.25,1,CRINV0012079,,Oyster Partnership,,,05/08/2025,"1,248.00"
REGN - Regeneration & Housing,FAB - Facilities,,electricity invoice,1,CRINV0012094,,NPOWER - A0010655700 -Accrington Market Hall,,,05/08/2025,"2,773.84"
RESO - Resources,AAB - Benefits & Customer Contact,,Staff 06.07.25,1,CRINV0012111,,Venn Group Limited,,,05/08/2025,"1,278.28"
ENVS - Environmental Services,CAF - CVMU,,Paintwork,1,CRINV0012172,,Summit Auto Bodies,,,05/08/2025,336.00
ENVS - Environmental Services,CAF - CVMU,,Repairs,1,CRINV0012173,,Summit Auto Bodies,,,05/08/2025,278.40
REGN - Regeneration & Housing,FAC - Haworth Art Gallery,,Stock for shop,1,CRINV0012199,,Hachette Uk Distribution Ltd,,,05/08/2025,541.70
REGN - Regeneration & Housing,FAC - Haworth Art Gallery,,Stock for shop,2,CRINV0012199,,Hachette Uk Distribution Ltd,,,05/08/2025,178.50
REGN - Regeneration & Housing,FAB - Facilities,,Broadway Offices - Carry out Gas Inspection / other works,1,CRINV0012201,,Lancashire Gas Services,,,05/08/2025,342.00
ENVS - Environmental Services,CAC - Parks & Cemeteries,,Gt Harwood memorial,1,CRINV0012215,,Stone Central,,,05/08/2025,648.20
ENVS - Environmental Services,CAC - Parks & Cemeteries,,Staff 30.06.25,1,CRINV0012216,,Proman Supply Chain Ltd,,,05/08/2025,"1,569.59"
ENVS - Environmental Services,CAC - Parks & Cemeteries,,Staff 1307.25,1,CRINV0012226,,Rapid Recruitment Ltd,,,05/08/2025,804.02
ENVS - Environmental Services,CAC - Parks & Cemeteries,,Staff 13.07.25,2,CRINV0012226,,Rapid Recruitment Ltd,,,05/08/2025,804.03
RESO - Resources,AAB - Benefits & Customer Contact,,VOA Returns June 25,1,CRINV0012243,,Capacitygrid,,,05/08/2025,"1,731.60"
REGN - Regeneration & Housing,FAB - Facilities,,Remove fire hoses,1,CRINV0012249,,Pilkington Bros (Church) Ltd,,,05/08/2025,371.93
REGN - Regeneration & Housing,FAG - Regeneration,,Hyndburn Leisure Centre - SPSF - Phase 1,1,CRINV0012360,,Alliance Leisure Services Limited,,,05/08/2025,"43,692.86"
REGN - Regeneration & Housing,FAG - Regeneration,,Hyndburn Leisure Centre SPSF - Phase 2,1,CRINV0012361,,Alliance Leisure Services Limited,,,05/08/2025,"37,101.60"
ENVS - Environmental Services,CAE - Waste Services,,Agency staff - w/e 13.07.25,1,CRINV0012372,,Rapid Recruitment Ltd,,,05/08/2025,785.88
ENVS - Environmental Services,CAE - Waste Services,,Agency staff - w/e 13.07.25,1,CRINV0012373,,Rapid Recruitment Ltd,,,05/08/2025,"1,372.49"
RESO - Resources,AAD - ICT,,Printing charges - 04.04.25 - 09.07.25,1,CRINV0012440,,Aurora Managed Services Ltd,,,05/08/2025,338.07
RESO - Resources,AAB - Benefits & Customer Contact,,Agency staff - w/e 20.07.25,1,CRINV0012442,,Eden Brown Limited,,,05/08/2025,"1,212.12"
ENVS - Environmental Services,CAF - CVMU,,Charges - 27.06.25 - 26.07.25,1,CRINV0012449,,Water Plus - 4206400451 CVMU,,,05/08/2025,489.25
ENVS - Environmental Services,CAF - CVMU,,Temp staff,1,CRINV0012452,,Autotech Recruit,,,05/08/2025,"1,026.60"
RESO - Resources,AAD - ICT,,Charges - July 2025,1,CRINV0012466,,EE Futures,,,05/08/2025,"1,453.73"
RESO - Resources,AAD - ICT,,Charges - June 25,1,CRINV0012467,,EE Futures,,,05/08/2025,"1,458.90"
RESO - Resources,AAD - ICT,,Charges (ex VAT) - June 25,2,CRINV0012467,,EE Futures,,,05/08/2025,70.00
REGN - Regeneration & Housing,FAF - Strategic Housing,,Affordable Warmth Grant,1,CRINV0012511,,Artisan Windows,,,05/08/2025,910.00
REGN - Regeneration & Housing,FAF - Strategic Housing,,Affordable Warmth Grant,1,CRINV0012516,,Harris Heating (Nw) Ltd,,,05/08/2025,385.00
ENVS - Environmental Services,CAE - Waste Services,,Serv charge,1,CRINV0012534,,Trakm8 Holdings Plc,,,05/08/2025,133.42
ENVS - Environmental Services,CAE - Waste Services,,Serv charge,2,CRINV0012534,,Trakm8 Holdings Plc,,,05/08/2025,40.01
ENVS - Environmental Services,CAE - Waste Services,,Serv charge,3,CRINV0012534,,Trakm8 Holdings Plc,,,05/08/2025,40.01
ENVS - Environmental Services,CAE - Waste Services,,Serv charge,4,CRINV0012534,,Trakm8 Holdings Plc,,,05/08/2025,13.34
ENVS - Environmental Services,CAE - Waste Services,,Serv charge,5,CRINV0012534,,Trakm8 Holdings Plc,,,05/08/2025,26.68
ENVS - Environmental Services,CAE - Waste Services,,Serv charge,6,CRINV0012534,,Trakm8 Holdings Plc,,,05/08/2025,13.34
ENVS - Environmental Services,CAE - Waste Services,,Serv charge,7,CRINV0012534,,Trakm8 Holdings Plc,,,05/08/2025,13.34
ENVS - Environmental Services,CAE - Waste Services,,Serv charge,8,CRINV0012534,,Trakm8 Holdings Plc,,,05/08/2025,13.34
ENVS - Environmental Services,CAE - Waste Services,,Serv charge,9,CRINV0012534,,Trakm8 Holdings Plc,,,05/08/2025,13.34
ENVS - Environmental Services,CAE - Waste Services,,Serv charge,10,CRINV0012534,,Trakm8 Holdings Plc,,,05/08/2025,13.34
REGN - Regeneration & Housing,FAB - Facilities,,"Amenity Lighting 02.07.25 ?
  31.07.25",1,CRINV0012589,,EDF Energy - 9044031649 Consolidated Invoice,,,05/08/2025,65.46
REGN - Regeneration & Housing,FAB - Facilities,,Amenity Lighting 02.07.25 ? 31.07.25,2,CRINV0012589,,EDF Energy - 9044031649 Consolidated Invoice,,,05/08/2025,"1,930.97"
REGN - Regeneration & Housing,FAB - Facilities,,Amenity Lighting 02.07.25 ? 31.07.25,3,CRINV0012589,,EDF Energy - 9044031649 Consolidated Invoice,,,05/08/2025,709.10
REGN - Regeneration & Housing,FAB - Facilities,,Amenity Lighting 02.07.25 ? 31.07.25,4,CRINV0012589,,EDF Energy - 9044031649 Consolidated Invoice,,,05/08/2025,"1,527.31"
REGN - Regeneration & Housing,FAB - Facilities,,Amenity Lighting 02.07.25 ? 31.07.25,5,CRINV0012589,,EDF Energy - 9044031649 Consolidated Invoice,,,05/08/2025,130.91
REGN - Regeneration & Housing,FAB - Facilities,,"Amenity Lighting 02.07.25 ?
  31.07.25",1,CRINV0012591,,EDF Energy - 9044031649 Consolidated Invoice,,,05/08/2025,18.76
REGN - Regeneration & Housing,FAB - Facilities,,Amenity Lighting 02.07.25 ? 31.07.25,2,CRINV0012591,,EDF Energy - 9044031649 Consolidated Invoice,,,05/08/2025,553.40
REGN - Regeneration & Housing,FAB - Facilities,,Amenity Lighting 02.07.25 ? 31.07.25,3,CRINV0012591,,EDF Energy - 9044031649 Consolidated Invoice,,,05/08/2025,203.22
REGN - Regeneration & Housing,FAB - Facilities,,Amenity Lighting 02.07.25 ? 31.07.25,4,CRINV0012591,,EDF Energy - 9044031649 Consolidated Invoice,,,05/08/2025,437.71
REGN - Regeneration & Housing,FAB - Facilities,,Amenity Lighting 02.07.25 ? 31.07.25,5,CRINV0012591,,EDF Energy - 9044031649 Consolidated Invoice,,,05/08/2025,37.51
REGN - Regeneration & Housing,FAB - Facilities,,"Callouts, breakdowns, make safe, small general repairs",1,CRPOI0012063,,Affordable Bar & Catering Equipment Direct,,,05/08/2025,330.00
REGN - Regeneration & Housing,FAB - Facilities,,"Callouts, breakdowns, make safe, small general repairs",1,CRPOI0012098,,Pilkington Bros (Church) Ltd,,,05/08/2025,390.73
REGN - Regeneration & Housing,FAB - Facilities,,"Callouts, breakdowns, make safe, small general repairs",1,CRPOI0012099,,Pilkington Bros (Church) Ltd,,,05/08/2025,287.52
LEGL - Legal & Democratic,DAG - Elections,,AEA Certificate in Electoral Administration,1,CRPOI0012123,,Assoc. Of Electoral Administrators,,,05/08/2025,"2,010.00"
ENVS - Environmental Services,CAE - Waste Services,,30 X 71343/1 500/850mm 3.3mm Wire 2 ROW R_disk,1,CRPOI0012203,,Probrush,,,05/08/2025,"3,148.48"
ENVS - Environmental Services,CAB - Other Environmental Services,,"50,000 Purple Opaque/Tint Polythene Bags, Printed in Black ",1,CRPOI0012231,,Imperial Polythene,,,05/08/2025,"4,050.00"
ENVS - Environmental Services,CAD - Town Centre & Markets,,eplacement of CCTV Camera,1,CRPOI0012232,,Blackburn With Darwen Borough Council,,,05/08/2025,660.00
RESO - Resources,AAD - ICT,,Application testing,1,CRPOI0012386,,Appcheck Ltd,,,05/08/2025,"8,040.00"
RESO - Resources,AAD - ICT,,"3 x  CSP for GGP Windows 
1 x  GGP-NLPG Maintenance @£4668.73 +VAT
1 x Address Matching Maintenance 1/4/25-31/3/26 @2334.36 +VAT",1,CRPOI0012390,,Ggp Systems Ltd,,,05/08/2025,"10,431.27"
REGN - Regeneration & Housing,FAF - Strategic Housing,,S274 Agreement ,1,CRPOI0012446,,National Highways Ltd,,,05/08/2025,"2,192,500.00"
ENVH - Environmental Health,BAA - Housing Standards,,Own Branded Hygrometer - Thermometer 300 ,1,CRPOI0012545,,Solon Security Ltd,,,05/08/2025,846.00
ENVS - Environmental Services,CAF - CVMU,,Service and freight,1,CRINV0012146,,Bucher Municipal Ltd,,,07/08/2025,"1,381.70"
ENVS - Environmental Services,CAF - CVMU,,Vehicle parts,1,CRINV0012152,,Dennis Eagle Limited,,,07/08/2025,262.26
PLAN - Planning & Transportation,EAD - Planning,,Staff 13.07.25,1,CRINV0012171,,Vivid Resourcing,,,07/08/2025,"2,160.00"
ENVS - Environmental Services,CAF - CVMU,,Parts,1,CRINV0012193,,Dennis Eagle Limited,,,07/08/2025,389.80
PLAN - Planning & Transportation,EAD - Planning,,Heritage Services - Q1 Apr 25-Jun 25,1,CRINV0012210,,Blackburn With Darwen Borough Council,,,07/08/2025,"2,328.47"
PLAN - Planning & Transportation,EAD - Planning,,Drafting summary grounds,1,CRINV0012212,,Ms Stephanie Hall (Kings Chambers),,,07/08/2025,"3,000.00"
REGN - Regeneration & Housing,FAD - Housing Advice,,Agency staff - w/e 13.07.25,1,CRINV0012213,,Vivid Resourcing,,,07/08/2025,"1,710.00"
LEGL - Legal & Democratic,DAB - Human Resources,,Job Advert,1,CRINV0012338,,Inside Housing,,,07/08/2025,"1,020.00"
PLAN - Planning & Transportation,EAD - Planning,,Temp staff w/e 20.7.25,1,CRINV0012406,,Macdonald & Company,,,07/08/2025,871.25
PLAN - Planning & Transportation,EAD - Planning,,Temp staff w/e 20.7.25,2,CRINV0012406,,Macdonald & Company,,,07/08/2025,871.25
PLAN - Planning & Transportation,EAD - Planning,,Agency staff Week 34 - 16.06.25 - 20.06.25,1,CRINV0012410,,Confido Consult Ltd,,,07/08/2025,"2,198.88"
PLAN - Planning & Transportation,EAC - Green Infrastructure,,Fell dangerous Beech tree from wind damage,1,CRINV0012441,,Northern Forestry & Arb,,,07/08/2025,"3,324.00"
PLAN - Planning & Transportation,EAD - Planning,,Agency staff - w/e 25.07.25,1,CRINV0012468,,Deekay Tech Recruitment Ltd,,,07/08/2025,"1,525.21"
RESO - Resources,AAG - Management Resources,,Car Lease charges,1,CRINV0012479,,Lex Autolease Ltd,,,07/08/2025,328.07
RESO - Resources,AAG - Management Resources,,Car Lease charges,2,CRINV0012479,,Lex Autolease Ltd,,,07/08/2025,283.67
RESO - Resources,AAG - Management Resources,,Cabinet Action Fund Grant- CAF43,1,CRINV0012497,,Accrington Stanley Women`s FC,,,07/08/2025,"10,000.00"
RESO - Resources,AAF - Finance,,Charges - 26.06.25 - 25.07.25,1,CRINV0012502,,Water Plus - 4081791400 Canteen Scaitcliffe House,,,07/08/2025,848.62
RESO - Resources,AAF - Finance,,Late Payment Fee,2,CRINV0012502,,Water Plus - 4081791400 Canteen Scaitcliffe House,,,07/08/2025,40.00
RESO - Resources,AAF - Finance,,Monthly transaction charges,1,CRINV0012602,,Allpay Ltd,,,07/08/2025,"1,318.33"
REGN - Regeneration & Housing,FAD - Housing Advice,,Accommodation ,1,CRINV0012614,,Hill View (Private) Hotel,,,07/08/2025,650.00
REGN - Regeneration & Housing,FAD - Housing Advice,,Accommodation ,1,CRINV0012620,,Hill View (Private) Hotel,,,07/08/2025,520.00
REGN - Regeneration & Housing,FAD - Housing Advice,,Accommodation ,1,CRINV0012621,,Hill View (Private) Hotel,,,07/08/2025,801.00
REGN - Regeneration & Housing,FAD - Housing Advice,,Accommodation,1,CRINV0012622,,Hill View (Private) Hotel,,,07/08/2025,715.00
ENVH - Environmental Health,BAA - Housing Standards,,Agency Costs 23/06/25 - 29/06/25,1,CRINV0012669,,Oyster Partnership,,,07/08/2025,"1,310.40"
RESO - Resources,AAF - Finance,,LCC Ctax Precept August 25,1,CRINV0012681,,Lancashire County Council (Direct Debit Payments),,,07/08/2025,"3,847,031.00"
RESO - Resources,AAF - Finance,,LCC Ctax Deficit 24/25,2,CRINV0012681,,Lancashire County Council (Direct Debit Payments),,,07/08/2025,"38,937.00-"
RESO - Resources,AAF - Finance,,LCC NDR Precept August 25,3,CRINV0012681,,Lancashire County Council (Direct Debit Payments),,,07/08/2025,"225,024.00"
RESO - Resources,AAF - Finance,,LCC NDR Surplus 24/25,4,CRINV0012681,,Lancashire County Council (Direct Debit Payments),,,07/08/2025,"12,820.00"
RESO - Resources,AAF - Finance,,Fire Ctax Precept August 25,5,CRINV0012681,,Lancashire County Council (Direct Debit Payments),,,07/08/2025,"198,869.00"
RESO - Resources,AAF - Finance,,Fire Ctax Deficit 24/25,6,CRINV0012681,,Lancashire County Council (Direct Debit Payments),,,07/08/2025,"1,996.00-"
RESO - Resources,AAF - Finance,,Fire NDR Precept August 25,7,CRINV0012681,,Lancashire County Council (Direct Debit Payments),,,07/08/2025,"25,003.00"
RESO - Resources,AAF - Finance,,Fire NDR Surplus 24/25,8,CRINV0012681,,Lancashire County Council (Direct Debit Payments),,,07/08/2025,"1,425.00"
RESO - Resources,AAF - Finance,,Police Ctax Precept August 25,9,CRINV0012681,,Lancashire County Council (Direct Debit Payments),,,07/08/2025,"614,802.00"
RESO - Resources,AAF - Finance,,Police Ctax Deficit 24/25,10,CRINV0012681,,Lancashire County Council (Direct Debit Payments),,,07/08/2025,"6,203.00-"
ENVS - Environmental Services,CAB - Other Environmental Services,,"50,000 White Opaque/Tint Polythene Bags",1,CRPOI0012091,,Imperial Polythene,,,07/08/2025,"4,050.00"
REGN - Regeneration & Housing,FAB - Facilities,,PPM - PAT testing,1,CRPOI0012100,,BES Group Electrical Limited,,,07/08/2025,544.18
PLAN - Planning & Transportation,EAC - Green Infrastructure,,Treatment of Japanese knotweed and giant hogweed ,1,CRPOI0012166,,Lancashire Wildlife Trust,,,07/08/2025,450.00
RESO - Resources,AAF - Finance,,Temp staff w.e 13.7.25,1,CRPOI0012196,,G2 Recruitment Solutions,,,07/08/2025,"5,850.00"
RESO - Resources,AAD - ICT,,"11"" I Pad",1,CRPOI0012573,,XMA Limited,,,07/08/2025,298.20
LEGL - Legal & Democratic,DAB - Human Resources,,Annual recruitment subscription,1,CRPOI0012613,,Spacehouse Limted,,,07/08/2025,"3,210.00"
ENVS - Environmental Services,CAC - Parks & Cemeteries,,Memorial Insurance,1,CRINV0012186,,Brent Stevenson Memorials,,,12/08/2025,"3,000.00"
ENVS - Environmental Services,CAC - Parks & Cemeteries,,Plants,1,CRINV0012194,,Park Lane Plants Ltd,,,12/08/2025,503.58
ENVH - Environmental Health,BAA - Housing Standards,,Staff 30.06.25,1,CRINV0012204,,Oyster Partnership,,,12/08/2025,"1,248.00"
ENVH - Environmental Health,BAA - Housing Standards,,Staff 07.07.25,1,CRINV0012208,,Oyster Partnership,,,12/08/2025,"1,580.59"
ENVH - Environmental Health,BAA - Housing Standards,,staff 07.07.25,1,CRINV0012209,,Oyster Partnership,,,12/08/2025,"1,341.60"
ENVS - Environmental Services,CAC - Parks & Cemeteries,,Plants,1,CRINV0012218,,Park Lane Plants Ltd,,,12/08/2025,401.22
PLAN - Planning & Transportation,EAB - Engineers & Transportation,,Installation of street nameplates,1,CRINV0012304,,Marchbridge Builders Ltd,,,12/08/2025,"2,068.80"
RESO - Resources,AAB - Benefits & Customer Contact,,Professional Fees,1,CRINV0012311,,Greenhalgh Kerr,,,12/08/2025,"1,602.00"
ENVS - Environmental Services,CAF - CVMU,,Vehicle parts,1,CRINV0012320,,Bucher Municipal Ltd,,,12/08/2025,505.55
RESO - Resources,AAB - Benefits & Customer Contact,,Staff 13.07.25,1,CRINV0012322,,Venn Group Limited,,,12/08/2025,"1,278.28"
ENVS - Environmental Services,CAF - CVMU,,Vehicle parts,1,CRINV0012326,,Bucher Municipal Ltd,,,12/08/2025,"1,016.12"
ENVS - Environmental Services,CAF - CVMU,,Ground care equipment,1,CRINV0012328,,Campey Turf Care Systems,,,12/08/2025,376.75
LEGL - Legal & Democratic,DAD - Management Legal & Dem,,Searches carried out - June 2025,1,CRINV0012354,,Lancashire County Council,,,12/08/2025,554.40
RESO - Resources,AAF - Finance,,Prepayment charges,1,CRINV0012358,,Pitney Bowes Ltd,,,12/08/2025,15.60
RESO - Resources,AAF - Finance,,Prepayment charges,2,CRINV0012358,,Pitney Bowes Ltd,,,12/08/2025,"11,953.23"
PLAN - Planning & Transportation,EAD - Planning,,Temp staff W/E 11.7.25,1,CRINV0012405,,Confido Consult Ltd,,,12/08/2025,"2,243.28"
ENVS - Environmental Services,CAE - Waste Services,,Agency staff - w/e 20.07.25,1,CRINV0012488,,Rapid Recruitment Ltd,,,12/08/2025,"2,287.49"
ENVS - Environmental Services,CAA - Environmental Maintenance,,Charges - July 25,1,CRINV0012510,,Rider Levett Bucknall Uk Ltd,,,12/08/2025,"4,021.01"
ENVS - Environmental Services,CAA - Environmental Maintenance,,Charges- July 25,2,CRINV0012510,,Rider Levett Bucknall Uk Ltd,,,12/08/2025,"4,020.99"
ENVS - Environmental Services,CAA - Environmental Maintenance,,Charges - July 25,3,CRINV0012510,,Rider Levett Bucknall Uk Ltd,,,12/08/2025,"4,021.01"
REGN - Regeneration & Housing,FAF - Strategic Housing,,Hire of Ballroom 19.06.25,1,CRINV0012517,,Hyndburn Leisure,,,12/08/2025,500.00
RESO - Resources,AAB - Benefits & Customer Contact,,Temp staff w/e 27.7.25,1,CRINV0012598,,Eden Brown Limited,,,12/08/2025,"1,212.12"
LEGL - Legal & Democratic,DAD - Management Legal & Dem,,2 chairs,1,CRINV0012631,,Bevlan Office Interiors Ltd,,,12/08/2025,749.88
ENVS - Environmental Services,CAF - CVMU,,Hedge Trimmer repairs - Labour,1,CRINV0012657,,Rob Mercer,,,12/08/2025,100.00
ENVS - Environmental Services,CAF - CVMU,,Hedge trimmer repairs - parts,2,CRINV0012657,,Rob Mercer,,,12/08/2025,168.97
ENVS - Environmental Services,CAF - CVMU,,Replace roller bearings - Labour,1,CRINV0012658,,Rob Mercer,,,12/08/2025,100.00
ENVS - Environmental Services,CAF - CVMU,,Replace roller bearings - parts,2,CRINV0012658,,Rob Mercer,,,12/08/2025,245.00
REGN - Regeneration & Housing,FAD - Housing Advice,,Accommodation - 10.5.25 to 13.6.25,1,CRINV0012679,,Molesworth Hotel,,,12/08/2025,"5,712.00"
ENVS - Environmental Services,CAF - CVMU,,Agency Costs P.E 03/08/2025,1,CRINV0012682,,Autotech Recruit,,,12/08/2025,261.00
REGN - Regeneration & Housing,FAD - Housing Advice,,Accommodation ,1,CRINV0012685,,Molesworth Hotel,,,12/08/2025,"3,654.00"
REGN - Regeneration & Housing,FAD - Housing Advice,,Accommodation ,1,CRINV0012687,,Molesworth Hotel,,,12/08/2025,"1,026.00"
REGN - Regeneration & Housing,FAD - Housing Advice,,Accommodation ,1,CRINV0012688,,Molesworth Hotel,,,12/08/2025,360.00
REGN - Regeneration & Housing,FAA - Economic Development,,Membership,1,CRINV0012699,,Shout Connect,,,12/08/2025,900.00
ENVS - Environmental Services,CAA - Environmental Maintenance,,Charges - 01.07.25 - 31.07.25,1,CRINV0012705,,Smartest Energy - 100011736903 77-79 Blackburn Rd,,,12/08/2025,"1,005.43"
ENVS - Environmental Services,CAB - Other Environmental Services,,Charges for June 2025,1,CRINV0012707,,Aspen Valley Boarding Kennels & Cattery,,,12/08/2025,"2,539.00"
ENVS - Environmental Services,CAB - Other Environmental Services,,Charges - 26.06.25 - 25.07.25,1,CRINV0012712,,Water Plus - 4082169237 Towns Yard & Plumber,,,12/08/2025,"7,029.50"
REGN - Regeneration & Housing,FAF - Strategic Housing,,Affordable Warmth Grant,1,CRINV0012720,,Harris Heating (Nw) Ltd,,,12/08/2025,"2,875.00"
ENVS - Environmental Services,CAB - Other Environmental Services,,Supplies,1,CRINV0012723,,"Bubbles, Brushes & Wiper Co Ltd",,,12/08/2025,642.86
ENVS - Environmental Services,CAA - Environmental Maintenance,,Professional Services - Market Hall,1,CRINV0012726,,Womble Bond Dickinson (Uk) LLP,,,12/08/2025,"3,392.40"
ENVS - Environmental Services,CAA - Environmental Maintenance,,Professional Charges,1,CRINV0012729,,Womble Bond Dickinson (Uk) LLP,,,12/08/2025,259.99
ENVS - Environmental Services,CAA - Environmental Maintenance,,Professional Charges,2,CRINV0012729,,Womble Bond Dickinson (Uk) LLP,,,12/08/2025,260.01
ENVS - Environmental Services,CAA - Environmental Maintenance,,Professional Charges,3,CRINV0012729,,Womble Bond Dickinson (Uk) LLP,,,12/08/2025,260.00
REGN - Regeneration & Housing,FAB - Facilities,,Charges - 01.07.25 - 31.07.25,1,CRINV0012730,,SSE 8700906741 Christmas Lighting,,,12/08/2025,597.48
ENVS - Environmental Services,CAA - Environmental Maintenance,,HMLR Fee,1,CRINV0012738,,Ghulam and Manzuran Mohiuddin,,,12/08/2025,550.00-
ENVS - Environmental Services,CAA - Environmental Maintenance,,SDLT,2,CRINV0012738,,Ghulam and Manzuran Mohiuddin,,,12/08/2025,"5,750.00-"
ENVS - Environmental Services,CAA - Environmental Maintenance,,HMLR Fee,3,CRINV0012738,,Ghulam and Manzuran Mohiuddin,,,12/08/2025,"32,000.00"
ENVS - Environmental Services,CAA - Environmental Maintenance,,SDLT,4,CRINV0012738,,Ghulam and Manzuran Mohiuddin,,,12/08/2025,445.00
REGN - Regeneration & Housing,FAB - Facilities,,Charges - 01.07.25 - 31.07.25,1,CRINV0012756,,Crown Gas and Power Ltd - P002258 Ossy Civic Theat,,,12/08/2025,781.62
REGN - Regeneration & Housing,FAB - Facilities,,Charges - 01.07.25 - 31.07.25,1,CRINV0012758,,NPOWER - A0010655700 -Accrington Market Hall,,,12/08/2025,"3,908.59"
ENVS - Environmental Services,CAA - Environmental Maintenance,,Professional Fees ,1,CRINV0012760,,Womble Bond Dickinson (Uk) LLP,,,12/08/2025,"13,328.16"
LEGL - Legal & Democratic,DAB - Human Resources,,Chain of custody call outs,1,CRPOI0012206,,D Tec International,,,12/08/2025,471.96
PLAN - Planning & Transportation,EAD - Planning,,Press Notice for Planning Application ,1,CRPOI0012234,,People Scout Limited,,,12/08/2025,314.93
REGN - Regeneration & Housing,FAB - Facilities,,"Callouts, breakdowns, make safe, small general repairs",1,CRPOI0012292,,Pilkington Bros (Church) Ltd,,,12/08/2025,967.82
ENVS - Environmental Services,CAB - Other Environmental Services,,1 x 1000ltr IBC of Ad Blue,1,CRPOI0012295,,J E Morten Ltd,,,12/08/2025,414.00
ENVS - Environmental Services,CAB - Other Environmental Services,,25 X- Trappit Disposable Wasp Trap ,1,CRPOI0012302,,Pestfix,,,12/08/2025,100.51
ENVS - Environmental Services,CAB - Other Environmental Services,,2 X  - Trappit Liquid Bait 5ltrs ,2,CRPOI0012302,,Pestfix,,,12/08/2025,112.51
ENVS - Environmental Services,CAB - Other Environmental Services,,1 X - Aluminium Fly Screen ,3,CRPOI0012302,,Pestfix,,,12/08/2025,74.86
PLAN - Planning & Transportation,EAC - Green Infrastructure,,10 Baton 50mm Keyed Alike Padlocks and 50 Replacement Keys,1,CRPOI0012340,,J H Blakey & Sons (Security) Ltd,,,12/08/2025,367.20
REGN - Regeneration & Housing,FAG - Regeneration,,temp staff W/E 20.7.25,1,CRPOI0012353,,Vivid Resourcing,,,12/08/2025,"3,600.00"
ENVH - Environmental Health,BAA - Housing Standards,,Own Branded Hygrometer - Thermometer 300  ,1,CRPOI0012545,,Solon Security Ltd,,,12/08/2025,846.00
REGN - Regeneration & Housing,FAA - Economic Development,,HR Workshop covering the New Employment Rights Bill,1,CRPOI0012546,,NORi HR & Employment Law Ltd,,,12/08/2025,"2,400.00"
ENVS - Environmental Services,CAE - Waste Services,,Stationary ,1,CRPOI0012606,,Paragon Customer Communications Limited,,,12/08/2025,323.60
LEGL - Legal & Democratic,DAA - Democratic Services,,Conference traffic light system,1,CRPOI0012702,,Hive Industries Ltd,,,12/08/2025,878.40
RESO - Resources,AAB - Benefits & Customer Contact,,HSF Energy Support,1,CRPOI0012731,,Auriga,,,12/08/2025,"5,000.00"
LEGL - Legal & Democratic,DAB - Human Resources,,"Design, Artwork and Amends for Corporate Strategy 2025-2030",1,CRINV0012315,,Brands Inside Out Limited,,,14/08/2025,420.00
ENVH - Environmental Health,BAB - Environmental Protection,,Staff 13.07.25  20.07.25,1,CRINV0012323,,Vivid Resourcing,,,14/08/2025,887.35
PLAN - Planning & Transportation,EAD - Planning,,Staff 20.07.25,1,CRINV0012324,,Vivid Resourcing,,,14/08/2025,"2,160.00"
ENVS - Environmental Services,CAF - CVMU,,Refuse Vehicle Cleaning,1,CRINV0012352,,Keep Em Clean,,,14/08/2025,262.50
REGN - Regeneration & Housing,FAG - Regeneration,,Hyndburn Leisure Centre - SPSF - Phase 1 Framework Fee,1,CRINV0012362,,Alliance Leisure Services Limited,,,14/08/2025,"2,683.46"
REGN - Regeneration & Housing,FAD - Housing Advice,,Temp staff w/e 20.7.25,1,CRINV0012404,,Vivid Resourcing,,,14/08/2025,"1,710.00"
ENVS - Environmental Services,CAA - Environmental Maintenance,,Charges - 01.07.25 - 31.07.25,1,CRINV0012772,,Drax,,,14/08/2025,278.41
ENVS - Environmental Services,CAF - CVMU,,Temp staff w/e 10.8.25,1,CRINV0012787,,Autotech Recruit,,,14/08/2025,"1,287.60"
LEGL - Legal & Democratic,DAB - Human Resources,,HBC Pension July 25,1,CRINV0012789,,Lancashire County Council (Direct Debit Payments),,,14/08/2025,"46,928.17"
LEGL - Legal & Democratic,DAB - Human Resources,,LIH Pension July 25,1,CRINV0012792,,Lancashire County Council (Direct Debit Payments),,,14/08/2025,"27,001.35"
LEGL - Legal & Democratic,DAB - Human Resources,,Premium Multisite,1,CRINV0012802,,Bluetownonline Ltd,,,14/08/2025,586.80
RESO - Resources,AAD - ICT,,Consultancy costs,1,CRPOI0012250,,Abavus Ltd,,,14/08/2025,"3,218.17"
ENVS - Environmental Services,CAC - Parks & Cemeteries,,Post Deep Clean ServiceFull clean ,1,CRPOI0012251,,Gicm Limited,,,14/08/2025,"1,249.00"
RESO - Resources,AAF - Finance,,Temp satff w/e 20.7.25,1,CRPOI0012308,,G2 Recruitment Solutions,,,14/08/2025,"5,850.00"
ENVS - Environmental Services,CAE - Waste Services,,32 X  dog bin and lid assemblies in red ,1,CRPOI0012472,,Earth Anchors Ltd,,,14/08/2025,"2,419.20"
ENVS - Environmental Services,CAE - Waste Services,,3 X Bleach (1 x 5 Ltr) ,1,CRPOI0012492,,Systems Hygiene Ltd,,,14/08/2025,9.83
ENVS - Environmental Services,CAE - Waste Services,,12 X  Evans Toilet Cleaner (1 x 1ltr) ,2,CRPOI0012492,,Systems Hygiene Ltd,,,14/08/2025,22.90
ENVS - Environmental Services,CAE - Waste Services,,10 X  LA Cloths Red (1 x 5) ,3,CRPOI0012492,,Systems Hygiene Ltd,,,14/08/2025,21.84
ENVS - Environmental Services,CAE - Waste Services,,5 X  LA Cloths Blue (1 x 5) ,4,CRPOI0012492,,Systems Hygiene Ltd,,,14/08/2025,10.92
ENVS - Environmental Services,CAE - Waste Services,,3 X Jumbo Toilet Rolls (1 X 6) ,5,CRPOI0012492,,Systems Hygiene Ltd,,,14/08/2025,56.84
ENVS - Environmental Services,CAE - Waste Services,,4 X Premier Toilet Rolls (1 X 36) ,6,CRPOI0012492,,Systems Hygiene Ltd,,,14/08/2025,54.00
ENVS - Environmental Services,CAE - Waste Services,,4 X  Green hand Rolls (1 x 16) ,7,CRPOI0012492,,Systems Hygiene Ltd,,,14/08/2025,104.50
ENVS - Environmental Services,CAE - Waste Services,,12 X Aerosol Hi Shine Furniture Polish 480ml cans ,8,CRPOI0012492,,Systems Hygiene Ltd,,,14/08/2025,28.51
ENVS - Environmental Services,CAE - Waste Services,,10 X  Plastic Nail Brush ,9,CRPOI0012492,,Systems Hygiene Ltd,,,14/08/2025,13.68
PLAN - Planning & Transportation,EAC - Green Infrastructure,,Removal Oak bollard,1,CRPOI0012701,,Speedy Street Solutions,,,14/08/2025,314.96
RESO - Resources,AAB - Benefits & Customer Contact,,HSF Energy Support,1,CRPOI0012733,,Auriga,,,14/08/2025,312.00
PLAN - Planning & Transportation,EAB - Engineers & Transportation,,Cleaning of Bus Shelters June 25,1,CRINV0012370,,Atkinson Cleaning Services Limited,,,19/08/2025,"1,574.40"
ENVH - Environmental Health,BAA - Housing Standards,,Temp staff w/e 14.7.25,1,CRINV0012394,,Oyster Partnership,,,19/08/2025,"1,310.40"
ENVH - Environmental Health,BAA - Housing Standards,,Temp staff w/e 14.7.25,1,CRINV0012395,,Oyster Partnership,,,19/08/2025,726.96
ENVS - Environmental Services,CAE - Waste Services,,Caravan recover and disposal ,1,CRINV0012399,,Assured Automobile Assessors Ltd,,,19/08/2025,720.00
REGN - Regeneration & Housing,FAD - Housing Advice,,Agency staff - w/e 27.07.25,1,CRINV0012419,,Vivid Resourcing,,,19/08/2025,"1,710.00"
RESO - Resources,AAB - Benefits & Customer Contact,,Agency staff - w/e 20.07.25,1,CRINV0012443,,Venn Group Limited,,,19/08/2025,"1,278.28"
ENVS - Environmental Services,CAF - CVMU,,Parts,1,CRINV0012456,,Dennis Eagle Limited,,,19/08/2025,512.09
RESO - Resources,AAB - Benefits & Customer Contact,,Professional Charges ,1,CRINV0012458,,Greenhalgh Kerr,,,19/08/2025,"1,602.00"
ENVS - Environmental Services,CAE - Waste Services,,Vehicle Hire x 3,1,CRINV0012486,,Stanley Brothers (Tippers) Ltd,,,19/08/2025,"2,232.00"
ENVS - Environmental Services,CAE - Waste Services,,Agency staff - w/e 27.07.25,1,CRINV0012490,,Rapid Recruitment Ltd,,,19/08/2025,"3,877.39"
LEGL - Legal & Democratic,DAB - Human Resources,,Video updates,1,CRINV0012500,,Media Village,,,19/08/2025,294.00
REGN - Regeneration & Housing,FAB - Facilities,,Reglazing window,1,CRINV0012533,,Trade Windows (Preston) Limited,,,19/08/2025,"2,120.00"
LEGL - Legal & Democratic,DAB - Human Resources,,Design work,1,CRINV0012584,,Brands Inside Out Limited,,,19/08/2025,600.00
LEGL - Legal & Democratic,DAG - Elections,,Election Law Publication Release 83,1,CRINV0012644,,Thomson Reuters Professional Uk Ltd,,,19/08/2025,407.00
ENVS - Environmental Services,CAB - Other Environmental Services,,Professional Services - 27.03.25 - 18.07.25 (VAT only),1,CRINV0012698,,Weightmans LLP,,,19/08/2025,283.30
RESO - Resources,AAF - Finance,,Cost of Delivering HAF Programme 2025/2026 Provider Delivery,1,CRINV0012704,,Hyndburn Leisure,,,19/08/2025,"309,723.16"
LEGL - Legal & Democratic,DAB - Human Resources,,Acc Market chambers Phase 1,1,CRINV0012744,,Embed,,,19/08/2025,"5,670.00"
REGN - Regeneration & Housing,FAF - Strategic Housing,,Affordable Warmth Grant,1,CRINV0012784,,A G S Heating & Plumbing Ltd,,,19/08/2025,"2,037.40"
LEGL - Legal & Democratic,DAB - Human Resources,,Standard Listing,1,CRINV0012803,,Jobs Go Public Ressourcing Ltd,,,19/08/2025,720.00
ENVS - Environmental Services,CAC - Parks & Cemeteries,,Water White Ash,1,CRINV0012837,,Water Plus - 6002491027 White Ash Playing Fields,,,19/08/2025,316.54
ENVS - Environmental Services,CAC - Parks & Cemeteries,,Staff 27.07.25,1,CRINV0012841,,Rapid Recruitment Ltd,,,19/08/2025,804.02
ENVS - Environmental Services,CAC - Parks & Cemeteries,,Staff 14.07.25,1,CRINV0012844,,Proman Supply Chain Ltd,,,19/08/2025,"1,569.59"
ENVS - Environmental Services,CAC - Parks & Cemeteries,,Staff 20.07.25,1,CRINV0012845,,Rapid Recruitment Ltd,,,19/08/2025,804.02
ENVS - Environmental Services,CAC - Parks & Cemeteries,,Staff 20.07.25,2,CRINV0012845,,Rapid Recruitment Ltd,,,19/08/2025,804.03
PLAN - Planning & Transportation,EAA - Building Control,,Agency staff - w/e 01.08.26 & 08.08.26,1,CRINV0012857,,Deekay Tech Recruitment Ltd,,,19/08/2025,"4,484.03"
RESO - Resources,AAB - Benefits & Customer Contact,,Whinney Hill - August 25,1,CRINV0012870,,Cheval Social Management,,,19/08/2025,969.24
RESO - Resources,AAB - Benefits & Customer Contact,,Whinney Hill - August 25,1,CRINV0012871,,Ada Glossop Ltd,,,19/08/2025,"1,012.00"
RESO - Resources,AAB - Benefits & Customer Contact,,Agency staff - w/e 03.08.25,1,CRINV0012872,,Eden Brown Limited,,,19/08/2025,"1,212.12"
REGN - Regeneration & Housing,FAB - Facilities,,Bullough Park Gas,1,CRINV0012877,,SEFE Energy - 10174064 Consolidated,,,19/08/2025,12.35
REGN - Regeneration & Housing,FAB - Facilities,,Lowerfold gas,2,CRINV0012877,,SEFE Energy - 10174064 Consolidated,,,19/08/2025,19.75
REGN - Regeneration & Housing,FAB - Facilities,,Willows Lane Gas,3,CRINV0012877,,SEFE Energy - 10174064 Consolidated,,,19/08/2025,113.32
REGN - Regeneration & Housing,FAB - Facilities,,Acc Town Hall Gas,4,CRINV0012877,,SEFE Energy - 10174064 Consolidated,,,19/08/2025,480.57
REGN - Regeneration & Housing,FAB - Facilities,,Acc Crem Gas,5,CRINV0012877,,SEFE Energy - 10174064 Consolidated,,,19/08/2025,97.59
REGN - Regeneration & Housing,FAB - Facilities,,Acc Crem Gas,6,CRINV0012877,,SEFE Energy - 10174064 Consolidated,,,19/08/2025,"5,552.31"
REGN - Regeneration & Housing,FAB - Facilities,,Acc Crem Mess Gas,7,CRINV0012877,,SEFE Energy - 10174064 Consolidated,,,19/08/2025,43.48
REGN - Regeneration & Housing,FAB - Facilities,,Haworth Art Gas,8,CRINV0012877,,SEFE Energy - 10174064 Consolidated,,,19/08/2025,217.35
REGN - Regeneration & Housing,FAB - Facilities,,Oakhill Park Gas,9,CRINV0012877,,SEFE Energy - 10174064 Consolidated,,,19/08/2025,26.71
REGN - Regeneration & Housing,FAB - Facilities,,Willows Lane Gas,10,CRINV0012877,,SEFE Energy - 10174064 Consolidated,,,19/08/2025,104.84
REGN - Regeneration & Housing,FAB - Facilities,,CVMU Gas,11,CRINV0012877,,SEFE Energy - 10174064 Consolidated,,,19/08/2025,742.57
REGN - Regeneration & Housing,FAB - Facilities,,Haworth Stables Gas,12,CRINV0012877,,SEFE Energy - 10174064 Consolidated,,,19/08/2025,286.65
REGN - Regeneration & Housing,FAB - Facilities,,Rhyddings Park Gas,13,CRINV0012877,,SEFE Energy - 10174064 Consolidated,,,19/08/2025,82.41
LEGL - Legal & Democratic,DAB - Human Resources,,Membership renewal,1,CRINV0012878,,Chartered Institute of Personnel & Development (CI,,,19/08/2025,251.00
REGN - Regeneration & Housing,FAD - Housing Advice,,Accommodation,1,CRINV0012894,,Hill View (Private) Hotel,,,19/08/2025,260.00
REGN - Regeneration & Housing,FAD - Housing Advice,,Accommodation,1,CRINV0012896,,Hill View (Private) Hotel,,,19/08/2025,260.00
REGN - Regeneration & Housing,FAD - Housing Advice,,Accommodation,1,CRINV0012897,,Hill View (Private) Hotel,,,19/08/2025,260.00
REGN - Regeneration & Housing,FAB - Facilities,,Elect Jul 25 Wilsons,1,CRINV0012898,,NPower - A0010655701-Wilsons Sport,,,19/08/2025,"1,005.20"
REGN - Regeneration & Housing,FAB - Facilities,,"Site 1 02/05/2025 - 01/06/2025 Haworth
  Park",1,CRINV0012932,,EDF Energy - 9044031649 Consolidated Invoice,,,19/08/2025,817.00-
REGN - Regeneration & Housing,FAB - Facilities,,"Site 1 02/05/2025 -
  01/06/2025 Haworth Park",2,CRINV0012932,,EDF Energy - 9044031649 Consolidated Invoice,,,19/08/2025,47.54
REGN - Regeneration & Housing,FAB - Facilities,,"Site 1 02/06/2025 -
  01/07/2025 Haworth Park",3,CRINV0012932,,EDF Energy - 9044031649 Consolidated Invoice,,,19/08/2025,776.49-
REGN - Regeneration & Housing,FAB - Facilities,,"Site 1 02/06/2025 -
  01/07/2025 Haworth Park",4,CRINV0012932,,EDF Energy - 9044031649 Consolidated Invoice,,,19/08/2025,132.45
REGN - Regeneration & Housing,FAB - Facilities,,"Site 1 02/07/2025 -
  31/07/2025 Haworth Park",5,CRINV0012932,,EDF Energy - 9044031649 Consolidated Invoice,,,19/08/2025,134.64
REGN - Regeneration & Housing,FAB - Facilities,,"Site 2 02/07/2025 -
  01/08/2025 Crematorium Burnley Road",6,CRINV0012932,,EDF Energy - 9044031649 Consolidated Invoice,,,19/08/2025,"1,656.06"
REGN - Regeneration & Housing,FAB - Facilities,,"Site 3 02/07/2025 -
  01/08/2025 Service Building Great Harwood Ceme",7,CRINV0012932,,EDF Energy - 9044031649 Consolidated Invoice,,,19/08/2025,221.46
REGN - Regeneration & Housing,FAB - Facilities,,"Site 4 01/07/2025 -
  31/07/2025 Memorial Park Church Lane",8,CRINV0012932,,EDF Energy - 9044031649 Consolidated Invoice,,,19/08/2025,237.52
REGN - Regeneration & Housing,FAB - Facilities,,"01/07/2025 -
  31/07/2025 Vehicle Maintenance Depot",9,CRINV0012932,,EDF Energy - 9044031649 Consolidated Invoice,,,19/08/2025,"2,131.38"
REGN - Regeneration & Housing,FAB - Facilities,,"Site 5 01/07/2025 -
  31/07/2025 Foxhill Bank Pavillion",10,CRINV0012932,,EDF Energy - 9044031649 Consolidated Invoice,,,19/08/2025,333.42
REGN - Regeneration & Housing,FAB - Facilities,,"Site 6 01/05/2025 -
  01/06/2025 Free Gardeners Bowling Green",11,CRINV0012932,,EDF Energy - 9044031649 Consolidated Invoice,,,19/08/2025,27.75-
REGN - Regeneration & Housing,FAB - Facilities,,"Site 6 01/05/2025 -
  01/06/2025 Free Gardeners Bowling Green",12,CRINV0012932,,EDF Energy - 9044031649 Consolidated Invoice,,,19/08/2025,25.06
REGN - Regeneration & Housing,FAB - Facilities,,"Site 6 02/06/2025 -
  01/07/2025 Free Gardeners Bowling Green",13,CRINV0012932,,EDF Energy - 9044031649 Consolidated Invoice,,,19/08/2025,25.90-
REGN - Regeneration & Housing,FAB - Facilities,,"Site 6 02/06/2025 -
  01/07/2025 Free Gardeners Bowling Green",14,CRINV0012932,,EDF Energy - 9044031649 Consolidated Invoice,,,19/08/2025,18.74
REGN - Regeneration & Housing,FAB - Facilities,,"Site 6 02/07/2025 -
  01/08/2025 Free Gardeners Bowling Green",15,CRINV0012932,,EDF Energy - 9044031649 Consolidated Invoice,,,19/08/2025,20.57
REGN - Regeneration & Housing,FAB - Facilities,,"Site 7 01/07/2025 -
  31/07/2025 Peel Park Bowling Kiosk",16,CRINV0012932,,EDF Energy - 9044031649 Consolidated Invoice,,,19/08/2025,71.15
REGN - Regeneration & Housing,FAB - Facilities,,"Site 8 01/07/2025 -
  31/07/2025 Feeder Pillar Rear of Accrington To",17,CRINV0012932,,EDF Energy - 9044031649 Consolidated Invoice,,,19/08/2025,49.36
REGN - Regeneration & Housing,FAB - Facilities,,"Site 9 01/07/2025 -
  29/07/2025 Bowls House Rhyddings Park",18,CRINV0012932,,EDF Energy - 9044031649 Consolidated Invoice,,,19/08/2025,61.20
REGN - Regeneration & Housing,FAB - Facilities,,"Site 12 02/07/2025 -
  27/07/2025 Mess Room Memorial Park",19,CRINV0012932,,EDF Energy - 9044031649 Consolidated Invoice,,,19/08/2025,12.88
REGN - Regeneration & Housing,FAB - Facilities,,"Site 13 02/07/2025 -
  01/08/2025 Elmfield Hall Flats - Communal Ligh",20,CRINV0012932,,EDF Energy - 9044031649 Consolidated Invoice,,,19/08/2025,29.45
REGN - Regeneration & Housing,FAB - Facilities,,"Site 14 02/07/2025 -
  28/07/2025 Bandstand Oakhill Park",21,CRINV0012932,,EDF Energy - 9044031649 Consolidated Invoice,,,19/08/2025,15.06
REGN - Regeneration & Housing,FAB - Facilities,,"01/06/2025 -
  30/06/2025 Scaitcliffe House",22,CRINV0012932,,EDF Energy - 9044031649 Consolidated Invoice,,,19/08/2025,"6,035.75-"
REGN - Regeneration & Housing,FAB - Facilities,,"01/06/2025 -
  30/06/2025 Scaitcliffe House",23,CRINV0012932,,EDF Energy - 9044031649 Consolidated Invoice,,,19/08/2025,"6,000.95"
REGN - Regeneration & Housing,FAB - Facilities,,"01/07/2025 -
  31/07/2025 Scaitcliffe House",24,CRINV0012932,,EDF Energy - 9044031649 Consolidated Invoice,,,19/08/2025,"6,610.98"
REGN - Regeneration & Housing,FAB - Facilities,,"Site 15 02/12/2021 -
  01/01/2022 Unit 15 The Market hall",25,CRINV0012932,,EDF Energy - 9044031649 Consolidated Invoice,,,19/08/2025,754.77
REGN - Regeneration & Housing,FAB - Facilities,,"Site 15 02/01/2022 -
  01/02/2022 Unit 15 The Market hall",26,CRINV0012932,,EDF Energy - 9044031649 Consolidated Invoice,,,19/08/2025,703.50
REGN - Regeneration & Housing,FAB - Facilities,,"Site 15 02/02/2022 -
  01/03/2022 Unit 15 The Market hall",27,CRINV0012932,,EDF Energy - 9044031649 Consolidated Invoice,,,19/08/2025,635.64
REGN - Regeneration & Housing,FAB - Facilities,,"Site 15 02/03/2022 -
  01/04/2022 Unit 15 The Market hall",28,CRINV0012932,,EDF Energy - 9044031649 Consolidated Invoice,,,19/08/2025,703.97
REGN - Regeneration & Housing,FAB - Facilities,,"Site 15 02/04/2022 -
  01/05/2022 Unit 15 The Market hall",29,CRINV0012932,,EDF Energy - 9044031649 Consolidated Invoice,,,19/08/2025,680.88
REGN - Regeneration & Housing,FAB - Facilities,,"Site 15 02/05/2022 -
  01/06/2022 Unit 15 The Market hall",30,CRINV0012932,,EDF Energy - 9044031649 Consolidated Invoice,,,19/08/2025,703.77
REGN - Regeneration & Housing,FAB - Facilities,,"Site 15 02/06/2022 -
  01/07/2022 Unit 15 The Market hall",31,CRINV0012932,,EDF Energy - 9044031649 Consolidated Invoice,,,19/08/2025,681.08
REGN - Regeneration & Housing,FAB - Facilities,,"Site 15 02/07/2022 -
  01/08/2022 Unit 15 The Market hall",32,CRINV0012932,,EDF Energy - 9044031649 Consolidated Invoice,,,19/08/2025,703.77
REGN - Regeneration & Housing,FAB - Facilities,,"Site 15 02/08/2022 -
  01/09/2022 Unit 15 The Market hall",33,CRINV0012932,,EDF Energy - 9044031649 Consolidated Invoice,,,19/08/2025,703.72
REGN - Regeneration & Housing,FAB - Facilities,,"Site 15 02/09/2022 -
  30/09/2022 Unit 15 The Market hall",34,CRINV0012932,,EDF Energy - 9044031649 Consolidated Invoice,,,19/08/2025,658.71
REGN - Regeneration & Housing,FAB - Facilities,,"Site 15 02/09/2022 -
  30/09/2022 Unit 15 The Market hall",35,CRINV0012932,,EDF Energy - 9044031649 Consolidated Invoice,,,19/08/2025,658.71-
REGN - Regeneration & Housing,FAB - Facilities,,"Site 15 02/09/2022 -
  30/09/2022 Unit 15 The Market hall",36,CRINV0012932,,EDF Energy - 9044031649 Consolidated Invoice,,,19/08/2025,658.71
REGN - Regeneration & Housing,FAB - Facilities,,"Site 15 01/10/2022 -
  22/10/2022 Unit 15 The Market hall",37,CRINV0012932,,EDF Energy - 9044031649 Consolidated Invoice,,,19/08/2025,354.03-
REGN - Regeneration & Housing,FAB - Facilities,,"Site 15 01/10/2022 -
  31/10/2022 Unit 15 The Market hall",38,CRINV0012932,,EDF Energy - 9044031649 Consolidated Invoice,,,19/08/2025,918.63
REGN - Regeneration & Housing,FAB - Facilities,,"Site 15 23/10/2022 -
  01/12/2022 Unit 15 The Market hall",39,CRINV0012932,,EDF Energy - 9044031649 Consolidated Invoice,,,19/08/2025,840.35-
REGN - Regeneration & Housing,FAB - Facilities,,"Site 15 01/11/2022 -
  30/11/2022 Unit 15 The Market hall",40,CRINV0012932,,EDF Energy - 9044031649 Consolidated Invoice,,,19/08/2025,889.09
REGN - Regeneration & Housing,FAB - Facilities,,"Site 15 01/12/2022 -
  31/12/2022 Unit 15 The Market hall",41,CRINV0012932,,EDF Energy - 9044031649 Consolidated Invoice,,,19/08/2025,918.63
REGN - Regeneration & Housing,FAB - Facilities,,"Site 15 02/12/2022 -
  01/01/2023 Unit 15 The Market hall",42,CRINV0012932,,EDF Energy - 9044031649 Consolidated Invoice,,,19/08/2025,702.85-
REGN - Regeneration & Housing,FAB - Facilities,,"Site 15 01/01/2023 -
  31/01/2023 Unit 15 The Market hall",43,CRINV0012932,,EDF Energy - 9044031649 Consolidated Invoice,,,19/08/2025,918.63
REGN - Regeneration & Housing,FAB - Facilities,,"Site 15 02/01/2023 -
  01/02/2023 Unit 15 The Market hall",44,CRINV0012932,,EDF Energy - 9044031649 Consolidated Invoice,,,19/08/2025,731.19-
REGN - Regeneration & Housing,FAB - Facilities,,"Site 15 01/02/2023 -
  28/02/2023 Unit 15 The Market hall",45,CRINV0012932,,EDF Energy - 9044031649 Consolidated Invoice,,,19/08/2025,829.75
REGN - Regeneration & Housing,FAB - Facilities,,"Site 15 02/02/2023 -
  01/03/2023 Unit 15 The Market hall",46,CRINV0012932,,EDF Energy - 9044031649 Consolidated Invoice,,,19/08/2025,657.02-
REGN - Regeneration & Housing,FAB - Facilities,,"Site 15 01/03/2023 -
  31/03/2023 Unit 15 The Market hall",47,CRINV0012932,,EDF Energy - 9044031649 Consolidated Invoice,,,19/08/2025,918.89
REGN - Regeneration & Housing,FAB - Facilities,,"Site 15 02/03/2023 -
  01/04/2023 Unit 15 The Market hall",48,CRINV0012932,,EDF Energy - 9044031649 Consolidated Invoice,,,19/08/2025,675.34-
REGN - Regeneration & Housing,FAB - Facilities,,"Site 15 01/04/2023 -
  30/04/2023 Unit 15 The Market hall",49,CRINV0012932,,EDF Energy - 9044031649 Consolidated Invoice,,,19/08/2025,"1,427.23"
REGN - Regeneration & Housing,FAB - Facilities,,"Site 15 02/04/2023 -
  01/05/2023 Unit 15 The Market hall",50,CRINV0012932,,EDF Energy - 9044031649 Consolidated Invoice,,,19/08/2025,791.87-
REGN - Regeneration & Housing,FAB - Facilities,,"Site 15 01/05/2023 -
  31/05/2023 Unit 15 The Market hall",51,CRINV0012932,,EDF Energy - 9044031649 Consolidated Invoice,,,19/08/2025,"1,475.20"
REGN - Regeneration & Housing,FAB - Facilities,,"Site 15 02/05/2023 -
  31/05/2023 Unit 15 The Market hall",52,CRINV0012932,,EDF Energy - 9044031649 Consolidated Invoice,,,19/08/2025,406.49-
REGN - Regeneration & Housing,FAB - Facilities,,"Site 15 01/06/2023 -
  30/06/2023 Unit 15 The Market hall",53,CRINV0012932,,EDF Energy - 9044031649 Consolidated Invoice,,,19/08/2025,635.35-
REGN - Regeneration & Housing,FAB - Facilities,,"Site 15 01/06/2023 -
  30/06/2023 Unit 15 The Market hall",54,CRINV0012932,,EDF Energy - 9044031649 Consolidated Invoice,,,19/08/2025,"1,427.23"
REGN - Regeneration & Housing,FAB - Facilities,,"Site 15 01/07/2023 -
  31/07/2023 Unit 15 The Market hall",55,CRINV0012932,,EDF Energy - 9044031649 Consolidated Invoice,,,19/08/2025,632.25-
REGN - Regeneration & Housing,FAB - Facilities,,"Site 15 01/07/2023 -
  31/07/2023 Unit 15 The Market hall",56,CRINV0012932,,EDF Energy - 9044031649 Consolidated Invoice,,,19/08/2025,"1,475.63"
REGN - Regeneration & Housing,FAB - Facilities,,"Site 15 01/08/2023 -
  31/08/2023 Unit 15 The Market hall",57,CRINV0012932,,EDF Energy - 9044031649 Consolidated Invoice,,,19/08/2025,627.41-
REGN - Regeneration & Housing,FAB - Facilities,,"Site 15 01/08/2023 -
  31/08/2023 Unit 15 The Market hall",58,CRINV0012932,,EDF Energy - 9044031649 Consolidated Invoice,,,19/08/2025,"1,475.08"
REGN - Regeneration & Housing,FAB - Facilities,,"Site 15 01/09/2023 -
  01/10/2023 Unit 15 The Market hall",59,CRINV0012932,,EDF Energy - 9044031649 Consolidated Invoice,,,19/08/2025,733.37-
REGN - Regeneration & Housing,FAB - Facilities,,"Site 15 01/09/2023 -
  01/10/2023 Unit 15 The Market hall",60,CRINV0012932,,EDF Energy - 9044031649 Consolidated Invoice,,,19/08/2025,"1,475.20"
REGN - Regeneration & Housing,FAB - Facilities,,"Site 15 02/10/2023 -
  01/11/2023 Unit 15 The Market hall",61,CRINV0012932,,EDF Energy - 9044031649 Consolidated Invoice,,,19/08/2025,894.98-
REGN - Regeneration & Housing,FAB - Facilities,,"Site 15 02/10/2023 -
  01/11/2023 Unit 15 The Market hall",62,CRINV0012932,,EDF Energy - 9044031649 Consolidated Invoice,,,19/08/2025,"1,475.08"
REGN - Regeneration & Housing,FAB - Facilities,,"Site 15 02/11/2023 -
  01/12/2023 Unit 15 The Market hall",63,CRINV0012932,,EDF Energy - 9044031649 Consolidated Invoice,,,19/08/2025,"1,427.77"
REGN - Regeneration & Housing,FAB - Facilities,,"Site 15 02/12/2023 -
  01/01/2024 Unit 15 The Market hall",64,CRINV0012932,,EDF Energy - 9044031649 Consolidated Invoice,,,19/08/2025,896.38-
REGN - Regeneration & Housing,FAB - Facilities,,"Site 15 02/12/2023 -
  01/01/2024 Unit 15 The Market hall",65,CRINV0012932,,EDF Energy - 9044031649 Consolidated Invoice,,,19/08/2025,"1,475.08"
REGN - Regeneration & Housing,FAB - Facilities,,"Site 15 02/01/2024 -
  01/02/2024 Unit 15 The Market hall",66,CRINV0012932,,EDF Energy - 9044031649 Consolidated Invoice,,,19/08/2025,57.29-
REGN - Regeneration & Housing,FAB - Facilities,,"Site 15 02/01/2024 -
  01/02/2024 Unit 15 The Market hall",67,CRINV0012932,,EDF Energy - 9044031649 Consolidated Invoice,,,19/08/2025,"1,475.20"
REGN - Regeneration & Housing,FAB - Facilities,,"Site 15 02/02/2024 -
  01/03/2024 Unit 15 The Market hall",68,CRINV0012932,,EDF Energy - 9044031649 Consolidated Invoice,,,19/08/2025,"1,379.81"
REGN - Regeneration & Housing,FAB - Facilities,,"Site 16 01/07/2025 -
  31/07/2025 Floodlighting Mercer House",69,CRINV0012932,,EDF Energy - 9044031649 Consolidated Invoice,,,19/08/2025,29.15
REGN - Regeneration & Housing,FAB - Facilities,,"Site 17 02/06/2025 -
  01/07/2025 Oakhill Park Centre",70,CRINV0012932,,EDF Energy - 9044031649 Consolidated Invoice,,,19/08/2025,279.54-
REGN - Regeneration & Housing,FAB - Facilities,,"Site 17 02/06/2025 -
  01/07/2025 Oakhill Park Centre",71,CRINV0012932,,EDF Energy - 9044031649 Consolidated Invoice,,,19/08/2025,281.96
REGN - Regeneration & Housing,FAB - Facilities,,"Site 17 02/07/2025 -
  01/08/2025 Oakhill Park Centre",72,CRINV0012932,,EDF Energy - 9044031649 Consolidated Invoice,,,19/08/2025,311.36
REGN - Regeneration & Housing,FAB - Facilities,,"01/07/2025 -
  31/07/2025 Accrington Market Hall",73,CRINV0012932,,EDF Energy - 9044031649 Consolidated Invoice,,,19/08/2025,"3,131.71"
REGN - Regeneration & Housing,FAB - Facilities,,"Site 20 02/07/2025 -
  29/07/2025 Dill Hall Cemetry",74,CRINV0012932,,EDF Energy - 9044031649 Consolidated Invoice,,,19/08/2025,22.01
REGN - Regeneration & Housing,FAB - Facilities,,"Site 21 02/06/2025 -
  01/07/2025 Haworth Art Gallery",75,CRINV0012932,,EDF Energy - 9044031649 Consolidated Invoice,,,19/08/2025,"1,191.54-"
REGN - Regeneration & Housing,FAB - Facilities,,"Site 21 02/06/2025 -
  01/07/2025 Haworth Art Gallery",76,CRINV0012932,,EDF Energy - 9044031649 Consolidated Invoice,,,19/08/2025,576.88
REGN - Regeneration & Housing,FAB - Facilities,,"Site 21 02/07/2025 -
  28/07/2025 Haworth Art Gallery",77,CRINV0012932,,EDF Energy - 9044031649 Consolidated Invoice,,,19/08/2025,859.43
REGN - Regeneration & Housing,FAB - Facilities,,"Site 22 02/07/2025 -
  01/08/2025 Wilson Playing Fields",78,CRINV0012932,,EDF Energy - 9044031649 Consolidated Invoice,,,19/08/2025,"1,102.86"
REGN - Regeneration & Housing,FAB - Facilities,,"Site 23 01/07/2025 -
  31/07/2025 Gatty Park Greenhouse Site",79,CRINV0012932,,EDF Energy - 9044031649 Consolidated Invoice,,,19/08/2025,39.91
REGN - Regeneration & Housing,FAB - Facilities,,"Site 24 02/04/2025 -
  30/04/2025 Willows Lane Depot",80,CRINV0012932,,EDF Energy - 9044031649 Consolidated Invoice,,,19/08/2025,"4,755.90"
REGN - Regeneration & Housing,FAB - Facilities,,"Site 24 01/05/2025 -
  31/05/2025 Willows Lane Depot",81,CRINV0012932,,EDF Energy - 9044031649 Consolidated Invoice,,,19/08/2025,"4,859.57"
REGN - Regeneration & Housing,FAB - Facilities,,"Site 24 01/06/2025 -
  30/06/2025 Willows Lane Depot",82,CRINV0012932,,EDF Energy - 9044031649 Consolidated Invoice,,,19/08/2025,"4,629.21"
REGN - Regeneration & Housing,FAB - Facilities,,"02/07/2025 -
  01/08/2025 RANGER STREET DEPOT",83,CRINV0012932,,EDF Energy - 9044031649 Consolidated Invoice,,,19/08/2025,160.97
REGN - Regeneration & Housing,FAB - Facilities,,"Site 25 02/07/2025 -
  29/07/2025 Wall of Rememberence Burnley Rd",84,CRINV0012932,,EDF Energy - 9044031649 Consolidated Invoice,,,19/08/2025,13.57
REGN - Regeneration & Housing,FAB - Facilities,,"Site 26 01/07/2025 -
  31/07/2025 Bowl Houses Milnshaw Park",85,CRINV0012932,,EDF Energy - 9044031649 Consolidated Invoice,,,19/08/2025,67.02
REGN - Regeneration & Housing,FAB - Facilities,,"Site 27 02/07/2025 -
  01/08/2025 The Stable & Motor House",86,CRINV0012932,,EDF Energy - 9044031649 Consolidated Invoice,,,19/08/2025,431.60
REGN - Regeneration & Housing,FAB - Facilities,,"Site 28 19/10/2024 -
  01/11/2024 Cemetery Office Burnley Rd",87,CRINV0012932,,EDF Energy - 9044031649 Consolidated Invoice,,,19/08/2025,225.50-
REGN - Regeneration & Housing,FAB - Facilities,,"Site 28 19/10/2024 -
  01/11/2024 Cemetery Office Burnley Rd",88,CRINV0012932,,EDF Energy - 9044031649 Consolidated Invoice,,,19/08/2025,341.33
REGN - Regeneration & Housing,FAB - Facilities,,"Site 28 02/11/2024 -
  01/12/2024 Cemetery Office Burnley Rd",89,CRINV0012932,,EDF Energy - 9044031649 Consolidated Invoice,,,19/08/2025,622.62-
REGN - Regeneration & Housing,FAB - Facilities,,"Site 28 02/11/2024 -
  01/12/2024 Cemetery Office Burnley Rd",90,CRINV0012932,,EDF Energy - 9044031649 Consolidated Invoice,,,19/08/2025,731.43
REGN - Regeneration & Housing,FAB - Facilities,,"Site 28 02/12/2024 -
  01/01/2025 Cemetery Office Burnley Rd",91,CRINV0012932,,EDF Energy - 9044031649 Consolidated Invoice,,,19/08/2025,620.62-
REGN - Regeneration & Housing,FAB - Facilities,,"Site 28 02/12/2024 -
  01/01/2025 Cemetery Office Burnley Rd",92,CRINV0012932,,EDF Energy - 9044031649 Consolidated Invoice,,,19/08/2025,756.06
REGN - Regeneration & Housing,FAB - Facilities,,"Site 28 02/01/2025 -
  01/02/2025 Cemetery Office Burnley Rd",93,CRINV0012932,,EDF Energy - 9044031649 Consolidated Invoice,,,19/08/2025,702.75-
REGN - Regeneration & Housing,FAB - Facilities,,"Site 28 02/01/2025 -
  01/02/2025 Cemetery Office Burnley Rd",94,CRINV0012932,,EDF Energy - 9044031649 Consolidated Invoice,,,19/08/2025,756.06
REGN - Regeneration & Housing,FAB - Facilities,,"Site 28 02/02/2025 -
  01/03/2025 Cemetery Office Burnley Rd",95,CRINV0012932,,EDF Energy - 9044031649 Consolidated Invoice,,,19/08/2025,621.34-
REGN - Regeneration & Housing,FAB - Facilities,,"Site 28 02/02/2025 -
  01/03/2025 Cemetery Office Burnley Rd",96,CRINV0012932,,EDF Energy - 9044031649 Consolidated Invoice,,,19/08/2025,682.66
REGN - Regeneration & Housing,FAB - Facilities,,"Site 28 02/03/2025 -
  01/04/2025 Cemetery Office Burnley Rd",97,CRINV0012932,,EDF Energy - 9044031649 Consolidated Invoice,,,19/08/2025,649.93-
REGN - Regeneration & Housing,FAB - Facilities,,"Site 28 02/03/2025 -
  01/04/2025 Cemetery Office Burnley Rd",98,CRINV0012932,,EDF Energy - 9044031649 Consolidated Invoice,,,19/08/2025,756.06
REGN - Regeneration & Housing,FAB - Facilities,,"Site 28 02/04/2025 -
  01/05/2025 Cemetery Office Burnley Rd",99,CRINV0012932,,EDF Energy - 9044031649 Consolidated Invoice,,,19/08/2025,466.84-
REGN - Regeneration & Housing,FAB - Facilities,,"Site 28 02/04/2025 -
  01/05/2025 Cemetery Office Burnley Rd",100,CRINV0012932,,EDF Energy - 9044031649 Consolidated Invoice,,,19/08/2025,731.43
REGN - Regeneration & Housing,FAB - Facilities,,"Site 28 02/05/2025 -
  01/06/2025 Cemetery Office Burnley Rd",101,CRINV0012932,,EDF Energy - 9044031649 Consolidated Invoice,,,19/08/2025,463.76-
REGN - Regeneration & Housing,FAB - Facilities,,"Site 28 02/05/2025 -
  01/06/2025 Cemetery Office Burnley Rd",102,CRINV0012932,,EDF Energy - 9044031649 Consolidated Invoice,,,19/08/2025,756.06
REGN - Regeneration & Housing,FAB - Facilities,,"Site 28 02/06/2025 -
  01/07/2025 Cemetery Office Burnley Rd",103,CRINV0012932,,EDF Energy - 9044031649 Consolidated Invoice,,,19/08/2025,440.71-
REGN - Regeneration & Housing,FAB - Facilities,,"Site 28 02/06/2025 -
  01/07/2025 Cemetery Office Burnley Rd",104,CRINV0012932,,EDF Energy - 9044031649 Consolidated Invoice,,,19/08/2025,731.43
REGN - Regeneration & Housing,FAB - Facilities,,"Site 28 02/07/2025 -
  01/08/2025 Cemetery Office Burnley Rd",105,CRINV0012932,,EDF Energy - 9044031649 Consolidated Invoice,,,19/08/2025,692.61
REGN - Regeneration & Housing,FAB - Facilities,,"01/07/2025 -
  31/07/2025 Accrington Town Hall",106,CRINV0012932,,EDF Energy - 9044031649 Consolidated Invoice,,,19/08/2025,"4,018.88"
REGN - Regeneration & Housing,FAB - Facilities,,"Site 29 02/07/2025 -
  01/08/2025 South Service Yard Accrington Marke",107,CRINV0012932,,EDF Energy - 9044031649 Consolidated Invoice,,,19/08/2025,53.82
REGN - Regeneration & Housing,FAB - Facilities,,"Site 30 01/07/2025 -
  31/07/2025 Park Pavilion Lowerfold Road",108,CRINV0012932,,EDF Energy - 9044031649 Consolidated Invoice,,,19/08/2025,62.82
REGN - Regeneration & Housing,FAB - Facilities,,"01/07/2025 -
  31/07/2025 Community Hub - Fielding Lane",109,CRINV0012932,,EDF Energy - 9044031649 Consolidated Invoice,,,19/08/2025,"5,655.70"
REGN - Regeneration & Housing,FAB - Facilities,,"Site 31 02/07/2025 -
  01/08/2025 Street Lighting Feeder Pillar Clock",110,CRINV0012932,,EDF Energy - 9044031649 Consolidated Invoice,,,19/08/2025,48.16
REGN - Regeneration & Housing,FAB - Facilities,,"Site 32 01/07/2025 -
  01/08/2025 Bullough Park Pavilion",111,CRINV0012932,,EDF Energy - 9044031649 Consolidated Invoice,,,19/08/2025,334.52
ENVS - Environmental Services,CAB - Other Environmental Services,,1 X - Box 6 Pulse MOUSE IQ StationIQ ,1,CRPOI0012396,,Killgerm Chemicals Ltd,,,19/08/2025,163.08
ENVS - Environmental Services,CAB - Other Environmental Services,,2 X  - Box 6 Pulse RAT IQ StationIQ ,2,CRPOI0012396,,Killgerm Chemicals Ltd,,,19/08/2025,349.92
ENVS - Environmental Services,CAB - Other Environmental Services,,3 X  - Hazard Warning Label 10x10am ,3,CRPOI0012396,,Killgerm Chemicals Ltd,,,19/08/2025,6.34
ENVS - Environmental Services,CAB - Other Environmental Services,,2 X - Pack 50 Large A4 Report Pad ,4,CRPOI0012396,,Killgerm Chemicals Ltd,,,19/08/2025,17.49
ENVS - Environmental Services,CAC - Parks & Cemeteries,,2 X spring assembly and fixings ,1,CRPOI0012461,,Sutcliffe Play Ltd,,,19/08/2025,"1,191.33"
ENVS - Environmental Services,CAC - Parks & Cemeteries,,Delivery charges,2,CRPOI0012461,,Sutcliffe Play Ltd,,,19/08/2025,1.21
RESO - Resources,AAD - ICT,,Charges: 1.5.25 - 31.7.25,1,CRPOI0012462,,Nominet Uk,,,19/08/2025,405.05
ENVS - Environmental Services,CAC - Parks & Cemeteries,,Urgent tree work,1,CRPOI0012484,,Northern Forestry & Arb,,,19/08/2025,780.00
ENVS - Environmental Services,CAC - Parks & Cemeteries,,Grass Cutting Contract in Hyndburn for Season 2025,1,CRPOI0012501,,Grounds Gardens & Trees Ltd,,,19/08/2025,"21,631.20"
REGN - Regeneration & Housing,FAB - Facilities,,"Main Staff Entrance Door Refurbishment
New panic device and escutcheon",1,CRPOI0012571,,Pilkington Bros (Church) Ltd,,,19/08/2025,"1,761.88"
REGN - Regeneration & Housing,FAB - Facilities,,"Main Staff Entrance Door Refurbishment
Optional hardware replacement",2,CRPOI0012571,,Pilkington Bros (Church) Ltd,,,19/08/2025,"1,014.00"
REGN - Regeneration & Housing,FAB - Facilities,,"Callouts, breakdowns, make safe, small general repairs",1,CRPOI0012582,,Pilkington Bros (Church) Ltd,,,19/08/2025,682.38
ENVS - Environmental Services,CAC - Parks & Cemeteries,,OBD Fitting of 1 New Vehicle,1,CRPOI0012804,,Triscan Systems Limited,,,19/08/2025,669.80
ENVS - Environmental Services,CAC - Parks & Cemeteries,,OBD Fitting of 2 New Vehicles,2,CRPOI0012804,,Triscan Systems Limited,,,19/08/2025,"1,339.66"
ENVS - Environmental Services,CAC - Parks & Cemeteries,,6 X  Kiwi Pro trouser size 23 waist ,1,CRPOI0012806,,"Bubbles, Brushes & Wiper Co Ltd",,,19/08/2025,266.04
ENVS - Environmental Services,CAC - Parks & Cemeteries,,2 X Stihl back pack blowers,1,CRPOI0012808,,Dick Leigh LLP,,,19/08/2025,"1,041.00"
ENVH - Environmental Health,BAB - Environmental Protection,,Agency staff - w/e 27.07.25,1,CRINV0012417,,Vivid Resourcing,,,21/08/2025,254.21
ENVS - Environmental Services,CAF - CVMU,,Various works on vehicle ,1,CRINV0012455,,Bucher Municipal Ltd,,,21/08/2025,446.40
ENVS - Environmental Services,CAF - CVMU,,Parts,1,CRINV0012457,,Dennis Eagle Limited,,,21/08/2025,"1,434.58"
PLAN - Planning & Transportation,EAC - Green Infrastructure,,Works carried out Spouthouse / Arden,1,CRINV0012469,,Sterling Construction (Services) Ltd,,,21/08/2025,420.00
ENVS - Environmental Services,CAE - Waste Services,,Vehicle Hire ,1,CRINV0012487,,Stanley Brothers (Tippers) Ltd,,,21/08/2025,744.00
PLAN - Planning & Transportation,EAD - Planning,,Updating the Hyndburn HEDNA 2018,1,CRINV0012629,,Opinion Research Services,,,21/08/2025,"2,880.00"
PLAN - Planning & Transportation,EAB - Engineers & Transportation,,Emergency works at Burnley rd crematorium,1,CRINV0012646,,Sterling Construction (Services) Ltd,,,21/08/2025,648.00
PLAN - Planning & Transportation,EAD - Planning,,Agency Costs P.E. 27/07/2025 and P.E. 03/08/2025,1,CRINV0012650,,Macdonald & Company,,,21/08/2025,"1,707.65"
PLAN - Planning & Transportation,EAD - Planning,,Agency Costs P.E. 27/07/2025 and P.E. 03/08/2025,2,CRINV0012650,,Macdonald & Company,,,21/08/2025,"1,707.65"
PLAN - Planning & Transportation,EAD - Planning,,Planning application refund,1,CRINV0012693,,Portal Plan Quest Ltd,,,21/08/2025,578.00
PLAN - Planning & Transportation,EAD - Planning,,Planning App Refund,1,CRINV0012695,,Portal Plan Quest Ltd,,,21/08/2025,258.00
RESO - Resources,AAF - Finance,,HMRC July 25 Tax,1,CRINV0012866,,HM Revenue & Customs (Direct Debit),,,21/08/2025,"96,736.41"
RESO - Resources,AAF - Finance,,HMRC July 25 Student Loans,2,CRINV0012866,,HM Revenue & Customs (Direct Debit),,,21/08/2025,"2,276.00"
RESO - Resources,AAF - Finance,,HMRC Apprenticeship Levy July 25,3,CRINV0012866,,HM Revenue & Customs (Direct Debit),,,21/08/2025,"2,675.00"
RESO - Resources,AAF - Finance,,HMRC NI July 25,4,CRINV0012866,,HM Revenue & Customs (Direct Debit),,,21/08/2025,"132,682.10"
RESO - Resources,AAF - Finance,,Maternity Pay June 25,5,CRINV0012866,,HM Revenue & Customs (Direct Debit),,,21/08/2025,861.03-
RESO - Resources,AAF - Finance,,Contract No 3357181,1,CRINV0012882,,G4S Cash Solutions (UK) Limited,,,21/08/2025,655.30
RESO - Resources,AAF - Finance,,Jul 2025,1,CRINV0012886,,Lloyds Bank Cardnet,,,21/08/2025,"3,082.73"
LEGL - Legal & Democratic,DAB - Human Resources,,CAY Recharge - July 25,1,CRINV0012915,,Lancashire County Council (Direct Debit Payments),,,21/08/2025,"43,751.74"
RESO - Resources,AAF - Finance,,BRR & RSG August 25,1,CRINV0012936,,"(DD) Department of Levelling Up, Housing & Comm...",,,21/08/2025,"165,546.00-"
RESO - Resources,AAF - Finance,,BRR & RSG Central Share - August 25,2,CRINV0012936,,"(DD) Department of Levelling Up, Housing & Comm...",,,21/08/2025,"1,000,107.00"
RESO - Resources,AAF - Finance,,BRR & RSG TR Payments August 25,3,CRINV0012936,,"(DD) Department of Levelling Up, Housing & Comm...",,,21/08/2025,"8,048.00-"
RESO - Resources,AAF - Finance,,BRR & RSG Surplus for 24-25 August 25,4,CRINV0012936,,"(DD) Department of Levelling Up, Housing & Comm...",,,21/08/2025,"58,995.00"
RESO - Resources,AAF - Finance,,Final Deficit for 23-24 August 25,5,CRINV0012936,,"(DD) Department of Levelling Up, Housing & Comm...",,,21/08/2025,"2,017.00-"
RESO - Resources,AAD - ICT,,Period 01/04/2025 - 30/06/2025,1,CRINV0012940,,Vodafone Limited,,,21/08/2025,951.01
RESO - Resources,AAF - Finance,,Tariff Due August 25,1,CRINV0012952,,(DD ONLY) Ribble Valley Borough Council,,,21/08/2025,"407,534.00"
ENVS - Environmental Services,CAF - CVMU,,Temp staff w/e 17.8.25,1,CRINV0012966,,Autotech Recruit,,,21/08/2025,"1,044.00"
ENVS - Environmental Services,CAC - Parks & Cemeteries,,"Prepare tender documents, maintenance plan, ",1,CRPOI0012412,,STRI Ltd,,,21/08/2025,"2,700.00"
LEGL - Legal & Democratic,DAG - Elections,,Introduction to Electoral Services Course,1,CRPOI0012413,,Assoc. Of Electoral Administrators,,,21/08/2025,381.60
RESO - Resources,AAF - Finance,,Live to Test Copy in the CivicaPay PCI Compliant Hosted Environment,1,CRPOI0012414,,Civica Uk Limited,,,21/08/2025,"2,118.00"
RESO - Resources,AAF - Finance,,Temp staff w/e 27.5.25,1,CRPOI0012435,,G2 Recruitment Solutions,,,21/08/2025,"4,680.00"
RESO - Resources,AAD - ICT,,Ink Cartridges,1,CRPOI0012463,,Premier Vanguard LTD,,,21/08/2025,294.10
ENVS - Environmental Services,CAE - Waste Services,, Provide 25 yard skip ,1,CRPOI0012485,,Stanley Brothers (Tippers) Ltd,,,21/08/2025,570.00
REGN - Regeneration & Housing,FAB - Facilities,,"Callouts, breakdowns, make safe, small general repairs",1,CRPOI0012574,,Pilkington Bros (Church) Ltd,,,21/08/2025,397.85
REGN - Regeneration & Housing,FAB - Facilities,,"Callouts, breakdowns, make safe, small general repairs",1,CRPOI0012576,,Pilkington Bros (Church) Ltd,,,21/08/2025,401.20
REGN - Regeneration & Housing,FAB - Facilities,,"Callouts, breakdowns, make safe, small general repairs",1,CRPOI0012577,,Pilkington Bros (Church) Ltd,,,21/08/2025,507.60
RESO - Resources,AAD - ICT,,"2xMeraki MS225-24P stck cold-Mngd 24x GigE370W PoE Switch 
2xMeraki AC Power Cord for MX and MS (UK plug) @£7.95 each +VAT
2xCisco Meraki Catalyst Meraki 40G Stacking Cable, 1M @£115.25 each +VAT
8xMeraki MR44 Wifi 6 Indoor AP @£341.",1,CRPOI0012770,,Stone Technologies Ltd,,,21/08/2025,"6,782.83"
RESO - Resources,AAD - ICT,,2xMeraki MS225-24P Enterprise Licences and Support - 5 yrs ,2,CRPOI0012770,,Stone Technologies Ltd,,,21/08/2025,"3,449.71"
REGN - Regeneration & Housing,FAB - Facilities,,"Callouts, breakdowns, make safe, small general repairs ",1,CRPOI0012865,,Full Circuit Fire & Security Ltd,,,21/08/2025,281.81
RESO - Resources,AAD - ICT,,"143xPC 8 USB Headset 
+ £7.50 delivery",1,CRPOI0012942,,Softcat Ltd,,,21/08/2025,"2,752.88"
RESO - Resources,AAD - ICT,,"74 x Thinkvision 23`` Monitor 
6 x Thinkvision 27`` Monitor ",1,CRPOI0012945,,Softcat Ltd,,,21/08/2025,"1,312.06"
RESO - Resources,AAD - ICT,,"74 x Thinkvision 23`` Monitor 
6 x Thinkvision 27`` Monitor ",1,CRPOI0012946,,Softcat Ltd,,,21/08/2025,"6,885.55"
RESO - Resources,AAD - ICT,,40 x Thinkpad USB -C Dock ,1,CRPOI0012953,,Softcat Ltd,,,21/08/2025,"1,260.00"
RESO - Resources,AAD - ICT,,40 x Thinkpad USB -C Dock ,1,CRPOI0012954,,Softcat Ltd,,,21/08/2025,718.08
RESO - Resources,AAD - ICT,,40 x Thinkpad USB -C Dock ,1,CRPOI0012955,,Softcat Ltd,,,21/08/2025,"1,162.08"
RESO - Resources,AAD - ICT,,40 x Thinkpad USB -C Dock ,1,CRPOI0012957,,Softcat Ltd,,,21/08/2025,"6,538.08"
ENVS - Environmental Services,CAF - CVMU,,"22,000 Lts X HVO - Fuel ",1,CRPOI0012998,,Crown Oil Ltd,,,21/08/2025,"33,968.52"
ENVH - Environmental Health,BAA - Housing Standards,,Agency staff - w/c 21.07.25,1,CRINV0012447,,Oyster Partnership,,,26/08/2025,"1,248.00"
ENVS - Environmental Services,CAC - Parks & Cemeteries,,Buriel Services,1,CRINV0012448,,James O Garnett Ltd,,,26/08/2025,"1,680.00"
REGN - Regeneration & Housing,FAD - Housing Advice,,medical reports July 2025,1,CRINV0012504,,NowMedical Ltd,,,26/08/2025,336.00
RESO - Resources,AAB - Benefits & Customer Contact,,professional charges,1,CRINV0012506,,Greenhalgh Kerr,,,26/08/2025,"1,023.00"
LEGL - Legal & Democratic,DAB - Human Resources,,cost management services,1,CRINV0012508,,Rihbell Ltd,,,26/08/2025,"7,084.82"
ENVS - Environmental Services,CAC - Parks & Cemeteries,,Baxenden - bench and fixing kit,1,CRINV0012512,,Ark Plastics Ltd,,,26/08/2025,936.00
REGN - Regeneration & Housing,FAB - Facilities,,Mercer Park Toilets Cleaning August 2025,1,CRINV0012518,,ServiceMaster Clean Contract Services AAA,,,26/08/2025,264.23
LEGL - Legal & Democratic,DAB - Human Resources,,Acc Market Chambers,1,CRINV0012520,,Buttress Architects Limited,,,26/08/2025,"1,554.82"
REGN - Regeneration & Housing,FAB - Facilities,,Bowling Pavilion Cleaning,1,CRINV0012523,,ServiceMaster Clean Contract Services AAA,,,26/08/2025,264.23
RESO - Resources,AAB - Benefits & Customer Contact,,Recovery fees,1,CRINV0012524,,Marston (Holdings) Ltd,,,26/08/2025,329.32
RESO - Resources,AAB - Benefits & Customer Contact,,Recovery fees,1,CRINV0012526,,Marston (Holdings) Ltd,,,26/08/2025,"3,778.10"
ENVS - Environmental Services,CAC - Parks & Cemeteries,,Funerals,1,CRINV0012527,,Obitus (Vivedia Ltd),,,26/08/2025,"1,581.60"
RESO - Resources,AAB - Benefits & Customer Contact,,Rental,1,CRINV0012529,,Rigby Capital Ltd,,,26/08/2025,471.86
LEGL - Legal & Democratic,DAB - Human Resources,,Video 19.06.25,1,CRINV0012531,,Scott Dawson Advertising Ltd,,,26/08/2025,"2,994.00"
LEGL - Legal & Democratic,DAC - Legal,,E-Publication Services & Software Solutiions,1,CRINV0012542,,Thomson Reuters Professional Uk Ltd,,,26/08/2025,"19,480.44"
RESO - Resources,AAB - Benefits & Customer Contact,,Professional Charges,1,CRINV0012547,,Greenhalgh Kerr,,,26/08/2025,542.40
RESO - Resources,AAB - Benefits & Customer Contact,,Professional Charges (no vat),2,CRINV0012547,,Greenhalgh Kerr,,,26/08/2025,30.00
RESO - Resources,AAB - Benefits & Customer Contact,,Professional Charges,1,CRINV0012548,,Greenhalgh Kerr,,,26/08/2025,"1,210.80"
ENVS - Environmental Services,CAC - Parks & Cemeteries,,Monthly Doc Charges - July 25,1,CRINV0012561,,Minster Cleaning Services,,,26/08/2025,"1,621.61"
REGN - Regeneration & Housing,FAB - Facilities,,Bowling Pavilion Cleaning August 2025,1,CRINV0012585,,ServiceMaster Clean Contract Services AAA,,,26/08/2025,264.23
REGN - Regeneration & Housing,FAB - Facilities,,Bowling/Tennis Pavilion August 2025,1,CRINV0012586,,ServiceMaster Clean Contract Services AAA,,,26/08/2025,407.76
REGN - Regeneration & Housing,FAB - Facilities,,Peel Park Pavilion August 2025,1,CRINV0012587,,ServiceMaster Clean Contract Services AAA,,,26/08/2025,264.23
REGN - Regeneration & Housing,FAB - Facilities,,Lowerfold Pavilion August 2025,1,CRINV0012588,,ServiceMaster Clean Contract Services AAA,,,26/08/2025,264.23
RESO - Resources,AAB - Benefits & Customer Contact,,Debt Collection Fees,1,CRINV0012590,,Marston (Holdings) Ltd,,,26/08/2025,438.30
LEGL - Legal & Democratic,DAB - Human Resources,,Market Chambers - Project Management Support - July 25,1,CRINV0012593,,Naomi Atherton Ltd,,,26/08/2025,"4,300.50"
RESO - Resources,AAB - Benefits & Customer Contact,,Agency staff - w/e 27.07.25,1,CRINV0012603,,Venn Group Limited,,,26/08/2025,"1,278.28"
RESO - Resources,AAB - Benefits & Customer Contact,,Electric  charges - July 25,1,CRINV0012604,,Hyndburn Leisure,,,26/08/2025,"1,848.49"
RESO - Resources,AAB - Benefits & Customer Contact,,Water charges - July 25,2,CRINV0012604,,Hyndburn Leisure,,,26/08/2025,59.41
PLAN - Planning & Transportation,EAD - Planning,,Professional charges: 1.6.25-31.7.25,1,CRINV0012630,,A D Blackburn,,,26/08/2025,688.27
RESO - Resources,AAB - Benefits & Customer Contact,,Services July 25,1,CRINV0012633,,Critiqom,,,26/08/2025,57.14
RESO - Resources,AAB - Benefits & Customer Contact,,Services July 25,2,CRINV0012633,,Critiqom,,,26/08/2025,552.00
ENVS - Environmental Services,CAF - CVMU,,CVMU Supplementary Cleaning August 2025,1,CRINV0012683,,ServiceMaster Clean Contract Services AAA,,,26/08/2025,"1,070.47"
LEGL - Legal & Democratic,DAA - Democratic Services,,Chair,1,CRINV0012690,,Bevlan Office Interiors Ltd,,,26/08/2025,548.40
ENVS - Environmental Services,CAB - Other Environmental Services,,Supplementary Cleaning Willows Lane August 2025,1,CRINV0012721,,ServiceMaster Clean Contract Services AAA,,,26/08/2025,"1,391.64"
PLAN - Planning & Transportation,EAD - Planning,,Agency Staffing Week 38 21/07-25/07,1,CRINV0012727,,Confido Consult Ltd,,,26/08/2025,"2,339.64"
REGN - Regeneration & Housing,FAB - Facilities,,Monthly Monitoring at HBC Properties during June 2025,1,CRINV0012736,,HSL Compliance,,,26/08/2025,"1,548.06"
REGN - Regeneration & Housing,FAB - Facilities,,Call out- July 25,1,CRINV0012741,,Keyplus Security Ltd,,,26/08/2025,386.96
REGN - Regeneration & Housing,FAB - Facilities,,Call outs - Ranger Street Compound - July ,1,CRINV0012748,,Keyplus Security Ltd,,,26/08/2025,530.40
REGN - Regeneration & Housing,FAB - Facilities,,Call outs- Willows Lane  -  July 2025,1,CRINV0012752,,Keyplus Security Ltd,,,26/08/2025,"1,060.80"
REGN - Regeneration & Housing,FAB - Facilities,,Alarm Response - CVMU - various dates - July 2025,1,CRINV0012753,,Keyplus Security Ltd,,,26/08/2025,353.60
REGN - Regeneration & Housing,FAB - Facilities,,Alarm Response - Lowerfold Park - various dates July 2025,1,CRINV0012754,,Keyplus Security Ltd,,,26/08/2025,255.03
REGN - Regeneration & Housing,FAD - Housing Advice,,Telephone Interpreting Services,1,CRINV0012769,,Clear Voice,,,26/08/2025,375.12
ENVS - Environmental Services,CAF - CVMU,,Breakdown callouts / Environmental Disposals,1,CRINV0012799,,Rossendale Vulcanising (Sales Ltd),,,26/08/2025,"6,814.00"
ENVS - Environmental Services,CAB - Other Environmental Services,,Vehicle Hire - 31.07.25 - Job 74926,1,CRINV0012809,,Stanley Brothers (Tippers) Ltd,,,26/08/2025,744.00
ENVS - Environmental Services,CAC - Parks & Cemeteries,,Supplementary Cleaning - Rhyddings - August 25,1,CRINV0012811,,ServiceMaster Clean Contract Services AAA,,,26/08/2025,722.53
RESO - Resources,AAF - Finance,,consultancy fees,1,CRINV0012812,,Hyndburn Leisure,,,26/08/2025,"8,844.00"
ENVS - Environmental Services,CAC - Parks & Cemeteries,,Weekly Clean - Mercer Park Bowls - August 25,1,CRINV0012813,,ServiceMaster Clean Contract Services AAA,,,26/08/2025,264.23
ENVS - Environmental Services,CAC - Parks & Cemeteries,,36 Month Renewal,1,CRINV0012818,,Inseego UK Ltd,,,26/08/2025,302.40
ENVS - Environmental Services,CAC - Parks & Cemeteries,,Staff 03.08.25,1,CRINV0012840,,Rapid Recruitment Ltd,,,26/08/2025,804.02
ENVS - Environmental Services,CAC - Parks & Cemeteries,,Staff 21.07.25,1,CRINV0012842,,Proman Supply Chain Ltd,,,26/08/2025,"1,377.63"
ENVS - Environmental Services,CAC - Parks & Cemeteries,,Supplementary Cleaning - Wilsons - August 25,1,CRINV0012852,,ServiceMaster Clean Contract Services AAA,,,26/08/2025,802.84
RESO - Resources,AAB - Benefits & Customer Contact,,Postage Jul 25,1,CRINV0012884,,Critiqom,,,26/08/2025,"4,800.00"
RESO - Resources,AAB - Benefits & Customer Contact,,Postage Jul 25,2,CRINV0012884,,Critiqom,,,26/08/2025,"1,062.97"
RESO - Resources,AAD - ICT,,August 2025,1,CRINV0012891,,Aspire Technology Solutions Limited,,,26/08/2025,"1,511.17"
ENVS - Environmental Services,CAD - Town Centre & Markets,,Membership Jul 25-Jun 26,1,CRINV0012906,,Association Of Town Centre Management,,,26/08/2025,984.00
ENVS - Environmental Services,CAE - Waste Services,,Temps staff w/e 3.8.25,1,CRINV0012913,,Rapid Recruitment Ltd,,,26/08/2025,628.79
ENVS - Environmental Services,CAE - Waste Services,,Temp staff w/e 3.8.25,2,CRINV0012913,,Rapid Recruitment Ltd,,,26/08/2025,804.02
ENVS - Environmental Services,CAE - Waste Services,,Temp staff w/e 3.8.25,3,CRINV0012913,,Rapid Recruitment Ltd,,,26/08/2025,"2,269.35"
RESO - Resources,AAB - Benefits & Customer Contact,,Temp staff w/e 10.8.25,1,CRINV0012916,,Eden Brown Limited,,,26/08/2025,"1,212.12"
ENVS - Environmental Services,CAB - Other Environmental Services,,July 25 Contract,1,CRINV0012925,,Aspen Valley Boarding Kennels & Cattery,,,26/08/2025,"3,262.57"
ENVS - Environmental Services,CAF - CVMU,,14 x vehicles,1,CRINV0012964,,Calibration & Consultancy Services Uk Limited,,,26/08/2025,907.80
PLAN - Planning & Transportation,EAA - Building Control,,Staff 15.08.25,1,CRINV0013016,,Deekay Tech Recruitment Ltd,,,26/08/2025,"1,541.58"
REGN - Regeneration & Housing,FAF - Strategic Housing,,Supply and install CCTV tower ,1,CRPOI0012470,,BauWatch UK,,,26/08/2025,"1,682.40"
LEGL - Legal & Democratic,DAH - Licencing,,Vehicle Checks,1,CRPOI0012507,,Used Car Guy,,,26/08/2025,544.00
REGN - Regeneration & Housing,FAB - Facilities,,PPM - PAT testing - portable and fixed electrical appliances,1,CRPOI0012528,,BES Group Electrical Limited,,,26/08/2025,"1,779.48"
REGN - Regeneration & Housing,FAB - Facilities,,New Gas interlock system,1,CRPOI0012549,,Lancashire Gas Services,,,26/08/2025,710.92
REGN - Regeneration & Housing,FAB - Facilities,,"Callouts, breakdowns, make safe, small general repairs",1,CRPOI0012550,,Lancashire Gas Services,,,26/08/2025,564.68
REGN - Regeneration & Housing,FAB - Facilities,,"Carry out a clean and disinfection, review water turnover requirements ",1,CRPOI0012567,,HSL Compliance,,,26/08/2025,646.40
REGN - Regeneration & Housing,FAB - Facilities,,Domestic water system compliance April 2025 - March 2026,1,CRPOI0012595,,HSL Compliance,,,26/08/2025,"1,222.14"
REGN - Regeneration & Housing,FAB - Facilities,,PPM - Annual service AC equipment,1,CRPOI0012641,,Affordable Bar & Catering Equipment Direct,,,26/08/2025,"3,778.80"
REGN - Regeneration & Housing,FAB - Facilities,,PPM - Water Risk Assessments 2024-2025,1,CRPOI0012663,,HSL Compliance,,,26/08/2025,708.00
ENVS - Environmental Services,CAC - Parks & Cemeteries,,Eastgate Cast Iron Seat Ends Right hand side Coated black ,1,CRPOI0012694,,Broxap Ltd,,,26/08/2025,202.80
ENVS - Environmental Services,CAC - Parks & Cemeteries,,Eastgate Cast Iron Seat Ends Left hand side Coated black ,2,CRPOI0012694,,Broxap Ltd,,,26/08/2025,202.80
ENVS - Environmental Services,CAC - Parks & Cemeteries,,Delivery,3,CRPOI0012694,,Broxap Ltd,,,26/08/2025,115.20
ENVS - Environmental Services,CAE - Waste Services,,1 X Himalayan Safety Boots Size 7 ,1,CRPOI0012716,,"Bubbles, Brushes & Wiper Co Ltd",,,26/08/2025,52.57
ENVS - Environmental Services,CAE - Waste Services,,1 X Himalayan Safety Boots Size 8 ,2,CRPOI0012716,,"Bubbles, Brushes & Wiper Co Ltd",,,26/08/2025,52.57
ENVS - Environmental Services,CAE - Waste Services,,1 X Himalayan Safety Boots Size 9 ,3,CRPOI0012716,,"Bubbles, Brushes & Wiper Co Ltd",,,26/08/2025,52.57
ENVS - Environmental Services,CAE - Waste Services,,2 X Himalayan Safety Boots Size 10 ,4,CRPOI0012716,,"Bubbles, Brushes & Wiper Co Ltd",,,26/08/2025,105.15
ENVS - Environmental Services,CAE - Waste Services,,6 X Portwest Hi Vis Polo Size S ,5,CRPOI0012716,,"Bubbles, Brushes & Wiper Co Ltd",,,26/08/2025,71.93
ENVS - Environmental Services,CAE - Waste Services,,6 X Portwest Hi Vis Polo Size XL,6,CRPOI0012716,,"Bubbles, Brushes & Wiper Co Ltd",,,26/08/2025,71.93
ENVS - Environmental Services,CAE - Waste Services,,100 X  Sumo  Gloves Size 9 ,7,CRPOI0012716,,"Bubbles, Brushes & Wiper Co Ltd",,,26/08/2025,573.60
ENVS - Environmental Services,CAE - Waste Services,,50 X X5 Sumo  Gloves Size 10,8,CRPOI0012716,,"Bubbles, Brushes & Wiper Co Ltd",,,26/08/2025,286.80
ENVS - Environmental Services,CAE - Waste Services,,3 X 1 Monoray Hi Vis Waterproof Jacket Size S ,9,CRPOI0012716,,"Bubbles, Brushes & Wiper Co Ltd",,,26/08/2025,133.16
ENVS - Environmental Services,CAE - Waste Services,,3 X Monoray Hi Vis Waterproof Trousers Size S ,10,CRPOI0012716,,"Bubbles, Brushes & Wiper Co Ltd",,,26/08/2025,82.37
ENVS - Environmental Services,CAE - Waste Services,,10 X White Asbestos Suits Size XL ,11,CRPOI0012716,,"Bubbles, Brushes & Wiper Co Ltd",,,26/08/2025,35.88
ENVS - Environmental Services,CAE - Waste Services,,3 Boxes X  Asbestos Fold Flat P3 Masks ,12,CRPOI0012716,,"Bubbles, Brushes & Wiper Co Ltd",,,26/08/2025,38.12
ENVS - Environmental Services,CAE - Waste Services,,10 X Disposable Delight PF Vinyl Gloves (latex free) Size XL ,13,CRPOI0012716,,"Bubbles, Brushes & Wiper Co Ltd",,,26/08/2025,34.20
ENVS - Environmental Services,CAB - Other Environmental Services,,"50,000 Orange/Tint Polythene Bags 
Stock Code 480 x 787 x 990mm x 30micron
Packaging Folds 50`s / Boxed 400`s
Price £65.75 per 1000 (excl vat)",1,CRPOI0012747,,Imperial Polythene,,,26/08/2025,"3,313.80"
ENVS - Environmental Services,CAC - Parks & Cemeteries,,10 X Size XL breathable T-shirts with Hyndburn Logo ,1,CRPOI0012835,,"Bubbles, Brushes & Wiper Co Ltd",,,26/08/2025,92.28
ENVS - Environmental Services,CAC - Parks & Cemeteries,,5 X Himalayan safety boots size 9 ,2,CRPOI0012835,,"Bubbles, Brushes & Wiper Co Ltd",,,26/08/2025,262.02
RESO - Resources,AAD - ICT,,35 x Intune suite sub per user ,1,CRPOI0012893,,Bytes Software Services Ltd,,,26/08/2025,"2,391.06"
ENVS - Environmental Services,CAB - Other Environmental Services,,5 x 12 Month Contel DVR/Camera and subscriptions/sims charges ,1,CRPOI0012918,,Contel Ltd,,,26/08/2025,510.00
ENVS - Environmental Services,CAB - Other Environmental Services,,5 x 12 Month Contel DVR/Camera and subscriptions/sims charges,2,CRPOI0012918,,Contel Ltd,,,26/08/2025,510.00
ENVS - Environmental Services,CAB - Other Environmental Services,,5 x 12 Month Contel DVR/Camera and subscriptions/sims charges ,3,CRPOI0012918,,Contel Ltd,,,26/08/2025,510.00
REGN - Regeneration & Housing,FAB - Facilities,,1 x replacement camera & back box ,1,CRPOI0012983,,Full Circuit Fire & Security Ltd,,,26/08/2025,462.49
ENVS - Environmental Services,CAF - CVMU,,Scag Liberty Z SZL42-21FR ride on Zero Turn Mower.42,1,CRPOI0013003,,Balmers Garden Machinery,,,26/08/2025,"8,340.00"
RESO - Resources,AAB - Benefits & Customer Contact,,Licence - 07.06.25 -06.09.25,1,CRINV0010513,,Liquid Voice Systems Limited,,,28/08/2025,"1,180.19"
REGN - Regeneration & Housing,FAD - Housing Advice,,Agency Costs P/E 03-Aug-2025,1,CRINV0012596,,Vivid Resourcing,,,28/08/2025,"1,710.00"
PLAN - Planning & Transportation,EAD - Planning,,Agency staff - w/e 27.07.25,1,CRINV0012610,,Vivid Resourcing,,,28/08/2025,"4,320.00"
RESO - Resources,AAB - Benefits & Customer Contact,,Recording server licence,1,CRINV0012628,,Liquid Voice Systems Limited,,,28/08/2025,"1,180.19"
PLAN - Planning & Transportation,EAB - Engineers & Transportation,,"Benches, Gt Harwood",1,CRINV0012636,,Sterling Construction (Services) Ltd,,,28/08/2025,912.00
ENVH - Environmental Health,BAB - Environmental Protection,,Agency Costs Period Ending: 03-Aug-2025,1,CRINV0012643,,Vivid Resourcing,,,28/08/2025,389.34
ENVS - Environmental Services,CAF - CVMU,,Battery,1,CRINV0012659,,A&P Truck And Trailer Parts,,,28/08/2025,348.00
ENVS - Environmental Services,CAF - CVMU,,Conference Fee,1,CRINV0012661,,Freight Transport Association,,,28/08/2025,438.00
PLAN - Planning & Transportation,EAD - Planning,,Agency Costs Week 39 28/07-01/08,1,CRINV0012728,,Confido Consult Ltd,,,28/08/2025,"2,387.28"
ENVS - Environmental Services,CAD - Town Centre & Markets,,Fire risk assess,1,CRINV0012885,,Firesec Compliance Ltd,,,28/08/2025,834.00
LEGL - Legal & Democratic,DAH - Licencing,,Conference Fee,1,CRINV0012888,,The Institute Of Licensing,,,28/08/2025,"1,170.00"
LEGL - Legal & Democratic,DAH - Licencing,,DVLA Checks,1,CRINV0012941,,Personnel Checks,,,28/08/2025,168.00
LEGL - Legal & Democratic,DAH - Licencing,,DVLA Checks,2,CRINV0012941,,Personnel Checks,,,28/08/2025,158.40
LEGL - Legal & Democratic,DAH - Licencing,,Annual Licence & Mtce 1.7.25 to 30.6.26,1,CRINV0012956,,Victoria Solutions Ltd,,,28/08/2025,"8,305.20"
ENVS - Environmental Services,CAF - CVMU,,Vehicle maintenance materials,1,CRINV0012970,,Pirtek Preston 2004 Ltd,,,28/08/2025,277.86
LEGL - Legal & Democratic,DAG - Elections,,Mail services,1,CRINV0013010,,Royal Mail Group Ltd,,,28/08/2025,271.28
RESO - Resources,AAG - Management Resources,,Cab Action Fund Grant,1,CRINV0013018,,Friends of Cambridge Street,,,28/08/2025,"1,200.00"
RESO - Resources,AAG - Management Resources,,Cabinet Action fund Grant,1,CRINV0013019,,St Marys Football Club,,,28/08/2025,"1,000.00"
ENVS - Environmental Services,CAF - CVMU,,Rental 03.9.25 - 02.09.26,1,CRINV0013033,,Specialist Fleet Services Ltd,,,28/08/2025,"69,069.60"
ENVS - Environmental Services,CAF - CVMU,,Rental  25/26,1,CRINV0013034,,Specialist Fleet Services Ltd,,,28/08/2025,"69,069.60"
ENVS - Environmental Services,CAF - CVMU,,Rental ,1,CRINV0013035,,Specialist Fleet Services Ltd,,,28/08/2025,"69,069.60"
RESO - Resources,AAB - Benefits & Customer Contact,,Professional Charges,1,CRINV0013043,,Stephensons Solicitors LLP,,,28/08/2025,"2,514.00"
PLAN - Planning & Transportation,EAD - Planning,,Staff 10.08.25,1,CRINV0013049,,Macdonald & Company,,,28/08/2025,"1,644.10"
PLAN - Planning & Transportation,EAD - Planning,,Staff 17.08.25,2,CRINV0013049,,Macdonald & Company,,,28/08/2025,"1,644.10"
ENVS - Environmental Services,CAA - Environmental Maintenance,,Accrington Acre - Strategic Land Assembly Advice,1,CRINV0013052,,Womble Bond Dickinson (Uk) LLP,,,28/08/2025,"3,388.25"
PLAN - Planning & Transportation,EAD - Planning,,Staff 24.08.25,1,CRINV0013082,,Macdonald & Company,,,28/08/2025,881.49
PLAN - Planning & Transportation,EAD - Planning,,Staff 24.08.25,2,CRINV0013082,,Macdonald & Company,,,28/08/2025,881.51
REGN - Regeneration & Housing,FAG - Regeneration,,Temp staff w/e 3.8.25,1,CRPOI0012594,,Vivid Resourcing,,,28/08/2025,"1,800.00"
RESO - Resources,AAF - Finance,,Temp staff w/e 3.8.25,1,CRPOI0012612,,G2 Recruitment Solutions,,,28/08/2025,"4,680.00"
RESO - Resources,AAF - Finance,,Cleaning materials for Scaitcliffe House.,1,CRPOI0012671,,Option Hygiene,,,28/08/2025,630.39
REGN - Regeneration & Housing,FAG - Regeneration,,Tamp staff w/e 3.8.25,1,CRPOI0012692,,Vivid Resourcing,,,28/08/2025,"1,800.00"
ENVS - Environmental Services,CAC - Parks & Cemeteries,,"Tree work
Fell Willow, Chip branches & leave wood on site in large pieces",1,CRPOI0012709,,Roy Cattermole (Tree Surgeon),,,28/08/2025,660.00
ENVS - Environmental Services,CAC - Parks & Cemeteries,,Fell trees,1,CRPOI0012710,,Roy Cattermole (Tree Surgeon),,,28/08/2025,"1,020.00"
RESO - Resources,AAD - ICT,,30 x AAA-10756 M365 E3 Original ,1,CRPOI0012892,,Bytes Software Services Ltd,,,28/08/2025,"8,235.37"
RESO - Resources,AAD - ICT,,218x AAA-10726 M365 E3 Original FSA Renewal,2,CRPOI0012892,,Bytes Software Services Ltd,,,28/08/2025,"50,828.88"
RESO - Resources,AAD - ICT,,70x T6A-00024 O365 E1 ,3,CRPOI0012892,,Bytes Software Services Ltd,,,28/08/2025,"5,333.16"
RESO - Resources,AAD - ICT,,1x TRS-00002 Planner P1 Sub ,4,CRPOI0012892,,Bytes Software Services Ltd,,,28/08/2025,97.41
RESO - Resources,AAD - ICT,,1x 7NQ-00302 SQL Server Standard Core ,5,CRPOI0012892,,Bytes Software Services Ltd,,,28/08/2025,"1,200.78"
RESO - Resources,AAD - ICT,,1x 77D-00110 Visual Studio Pro MSDN ALng LSA,6,CRPOI0012892,,Bytes Software Services Ltd,,,28/08/2025,371.60
RESO - Resources,AAD - ICT,,3x 6VC-02567 Win Remote Desktop Services ,7,CRPOI0012892,,Bytes Software Services Ltd,,,28/08/2025,116.89
RESO - Resources,AAD - ICT,,200x 9EM-00562 Win Server Standard Core ,8,CRPOI0012892,,Bytes Software Services Ltd,,,28/08/2025,"8,239.20"
ENVS - Environmental Services,CAF - CVMU,,Maxus T60 4X4 Pickup in White,1,CRPOI0013058,,Walton Summit Truck Centre Ltd,,,28/08/2025,"41,667.60"
ENVS - Environmental Services,CAF - CVMU,,Road Fund and Registration,2,CRPOI0013058,,Walton Summit Truck Centre Ltd,,,28/08/2025,400.00
ENVS - Environmental Services,CAC - Parks & Cemeteries,,Refurbish a seating area ,1,CRPOI0013064,,Marchbridge Builders Ltd,,,28/08/2025,"23,922.54"
RESO - Resources,AAD - ICT,,"5 X ArcGIS Online Viewer User Type Annual Subscription 
5 x ArcGIS Online Creator User Type Annual Subscription Discount from £1000.00 to £500.00 for Year 1 only",1,CRPOI0013089,,ESRI (UK) Ltd,,,28/08/2025,"3,540.00"
