ENVS - Environmental Services,,CAA - Environmental Maintenance,,LUF Programme Director,,,1,,CRINV0009515,,Rider Levett Bucknall Uk Ltd,,,03/04/2025,,"4,072.51"
ENVS - Environmental Services,,CAA - Environmental Maintenance,,LUF Programme Director,,,2,,CRINV0009515,,Rider Levett Bucknall Uk Ltd,,,03/04/2025,,"4,072.50"
ENVS - Environmental Services,,CAA - Environmental Maintenance,,LUF Programme Director,,,3,,CRINV0009515,,Rider Levett Bucknall Uk Ltd,,,03/04/2025,,"4,072.50"
LEGL - Legal & Democratic,,DAB - Human Resources,,standard listing,,,1,,CRINV0009520,,Jobs Go Public Ressourcing Ltd,,,03/04/2025,,720.00
PLAN - Planning & Transportation,,EAA - Building Control,,Temp staff w/e 21/03/25 ,,,1,,CRINV0009522,,Deekay Tech Recruitment Ltd,,,03/04/2025,,"1,440.12"
ENVS - Environmental Services,,CAA - Environmental Maintenance,,mobilisation costs,,,1,,CRINV0009531,,2-Work Group Ltd,,,03/04/2025,,"6,000.00"
ENVS - Environmental Services,,CAF - CVMU,,Temp staff w/e 23/03/25 ,,,1,,CRINV0009535,,Autotech Recruit,,,03/04/2025,,"1,026.60"
LEGL - Legal & Democratic,,DAG - Elections,,printing,,,1,,CRINV0009536,,Civica Election Services,,,03/04/2025,,398.04
REGN - Regeneration & Housing,,FAB - Facilities,,Key holding Annually Oak Hill Service Buiding. 01.4.25,,,1,,CRINV0009539,,Keyplus Security Ltd,,,03/04/2025,,401.84
REGN - Regeneration & Housing,,FAB - Facilities,,Key holding annually in advance King G Playing Field April 25,,,1,,CRINV0009540,,Keyplus Security Ltd,,,03/04/2025,,417.92
REGN - Regeneration & Housing,,FAB - Facilities,,Key holding annually in advance Bian Walmsley Pav Apr 25,,,1,,CRINV0009541,,Keyplus Security Ltd,,,03/04/2025,,417.92
REGN - Regeneration & Housing,,FAB - Facilities,,Annually key holding in advance. Ranger St . Apr 25,,,1,,CRINV0009542,,Keyplus Security Ltd,,,03/04/2025,,417.92
REGN - Regeneration & Housing,,FAB - Facilities,,Annual Key holding in advance CVMU. Apr 25,,,1,,CRINV0009543,,Keyplus Security Ltd,,,03/04/2025,,417.92
REGN - Regeneration & Housing,,FAB - Facilities,,Annual key holding in advance. Bullough park April 25,,,1,,CRINV0009544,,Keyplus Security Ltd,,,03/04/2025,,417.92
REGN - Regeneration & Housing,,FAB - Facilities,,"Annual key holding in advance. Cem Office Burnley Rd, Apr 25",,,1,,CRINV0009545,,Keyplus Security Ltd,,,03/04/2025,,417.92
REGN - Regeneration & Housing,,FAB - Facilities,,Annual key holding in advance. Dill Hall Lane Cem. Apr 25,,,1,,CRINV0009546,,Keyplus Security Ltd,,,03/04/2025,,401.84
REGN - Regeneration & Housing,,FAB - Facilities,,"Annual key holding in advance. Crem Building. Burnley Rd, Acc April 25",,,1,,CRINV0009547,,Keyplus Security Ltd,,,03/04/2025,,417.92
REGN - Regeneration & Housing,,FAB - Facilities,,Annual key holding in advance. Elmfield Hall. Apr 25,,,1,,CRINV0009548,,Keyplus Security Ltd,,,03/04/2025,,417.92
REGN - Regeneration & Housing,,FAB - Facilities,,Annual key holding in advance. Apr 25.Willows Lane Store,,,1,,CRINV0009562,,Keyplus Security Ltd,,,03/04/2025,,386.96
REGN - Regeneration & Housing,,FAD - Housing Advice,,Accommodation charges,,,1,,CRINV0009576,,Hill View (Private) Hotel,,,03/04/2025,,"2,506.00"
REGN - Regeneration & Housing,,FAD - Housing Advice,,Accomodation,,,1,,CRINV0009581,,Hill View (Private) Hotel,,,03/04/2025,,"1,386.00"
REGN - Regeneration & Housing,,FAD - Housing Advice,,accommodation,,,1,,CRINV0009585,,Hill View (Private) Hotel,,,03/04/2025,,910.00
REGN - Regeneration & Housing,,FAD - Housing Advice,,accommodation,,,1,,CRINV0009588,,Hill View (Private) Hotel,,,03/04/2025,,630.00
REGN - Regeneration & Housing,,FAB - Facilities,,Supply & Install new boiler,,,1,,CRINV0009609,,MX Plumbing & Heating Services,,,03/04/2025,,"1,872.00"
RESO - Resources,,AAG - Management Resources,,LGA Membership subs 25-26,,,1,,CRINV0009622,,Local Government Association,,,03/04/2025,,"10,899.02"
RESO - Resources,,AAG - Management Resources,,Cabinet Action Fund Grant - CAF23,,,1,,CRINV0009626,,Active Lancashire,,,03/04/2025,,"2,000.00"
LEGL - Legal & Democratic,,DAB - Human Resources,,Payment 1 for National Lottery Heritage Fund Activity Plan,,,1,,CRINV0009364,,Emma Parsons,,,08/04/2025,,"2,767.00"
REGN - Regeneration & Housing,,FAB - Facilities,,Annual key holding in advance. Cannon St Offices. Apr 25,,,1,,CRINV0009549,,Keyplus Security Ltd,,,08/04/2025,,417.92
REGN - Regeneration & Housing,,FAB - Facilities,,Annual key holding in advance Gt Har Cem. Apr 25,,,1,,CRINV0009550,,Keyplus Security Ltd,,,08/04/2025,,417.92
REGN - Regeneration & Housing,,FAB - Facilities,,Annual key holding in advance Spr 25. Lowerfold Park,,,1,,CRINV0009551,,Keyplus Security Ltd,,,08/04/2025,,401.84
REGN - Regeneration & Housing,,FAB - Facilities,,"Annual key holding in advance. Memorial Park, Gt Har  Apr 25",,,1,,CRINV0009552,,Keyplus Security Ltd,,,08/04/2025,,401.84
REGN - Regeneration & Housing,,FAB - Facilities,,Annual key holding in advance. Mercer House. Apr 25,,,1,,CRINV0009553,,Keyplus Security Ltd,,,08/04/2025,,401.84
REGN - Regeneration & Housing,,FAB - Facilities,,Annual key holding in advance. Milnshaw Park Bowling. Apr 25,,,1,,CRINV0009554,,Keyplus Security Ltd,,,08/04/2025,,417.92
REGN - Regeneration & Housing,,FAB - Facilities,,Annual key holding in advance. Oak Hill Park. Apr 25,,,1,,CRINV0009555,,Keyplus Security Ltd,,,08/04/2025,,386.96
REGN - Regeneration & Housing,,FAB - Facilities,,Annual key holding in advance. April 25. Oakhill Tennis Pav,,,1,,CRINV0009556,,Keyplus Security Ltd,,,08/04/2025,,386.96
REGN - Regeneration & Housing,,FAB - Facilities,,Annual key holding in advance. Apr 25. Rhyddings Park comm workshop,,,1,,CRINV0009557,,Keyplus Security Ltd,,,08/04/2025,,417.92
REGN - Regeneration & Housing,,FAB - Facilities,,Annual key holding in advance. Apr 25. Rhyddings Park Visitors Centre,,,1,,CRINV0009558,,Keyplus Security Ltd,,,08/04/2025,,401.84
REGN - Regeneration & Housing,,FAB - Facilities,,Annual key holding in advance. Apr 25. Scaitcliffe House,,,1,,CRINV0009559,,Keyplus Security Ltd,,,08/04/2025,,401.84
REGN - Regeneration & Housing,,FAB - Facilities,,Annual key holding in advance. Apr 25. Acc cem Serv Building,,,1,,CRINV0009560,,Keyplus Security Ltd,,,08/04/2025,,401.84
REGN - Regeneration & Housing,,FAB - Facilities,,Annual key holding in advance. Apr 25. Willows Lane,,,1,,CRINV0009561,,Keyplus Security Ltd,,,08/04/2025,,417.92
REGN - Regeneration & Housing,,FAB - Facilities,,Annual key holdoing in advance. April 25. Wilsons Playing Fields,,,1,,CRINV0009563,,Keyplus Security Ltd,,,08/04/2025,,401.84
REGN - Regeneration & Housing,,FAB - Facilities,,Grant fees to end Mar 25,,,1,,CRINV0009613,,Hyndburn Homewise Society Limited,,,08/04/2025,,719.86
ENVH - Environmental Health,,BAA - Housing Standards,,Temp Staff. wc 10.02.25 ,,,1,,CRINV0009615,,Oyster Partnership,,,08/04/2025,,297.00
PLAN - Planning & Transportation,,EAA - Building Control,,Temp staff w/e 28/03/25 ,,,1,,CRINV0009636,,Deekay Tech Recruitment Ltd,,,08/04/2025,,"1,380.64"
ENVS - Environmental Services,,CAE - Waste Services,,Water Town Yard Willows Lane. 26.02.25 - 25.03.25,,,1,,CRINV0009657,,Water Plus - 4082169237 Towns Yard & Plumber,,,08/04/2025,,552.21
ENVS - Environmental Services,,CAB - Other Environmental Services,,Hire of 8 Wheeler 20.08.24,,,1,,CRINV0009669,,Stanley Brothers (Tippers) Ltd,,,08/04/2025,,648.00
RESO - Resources,,AAB - Benefits & Customer Contact,,Postage Mar 25,,,1,,CRINV0009680,,Critiqom,,,08/04/2025,,"1,396.02"
RESO - Resources,,AAB - Benefits & Customer Contact,,Postage Mar 25,,,2,,CRINV0009680,,Critiqom,,,08/04/2025,,"4,203.60"
ENVS - Environmental Services,,CAF - CVMU,,Agency staff - w/e 30.03.25 ,,,1,,CRINV0009684,,Autotech Recruit,,,08/04/2025,,"1,339.80"
ENVS - Environmental Services,,CAF - CVMU,,Charges - 27.02.25 - 26.03.25,,,1,,CRINV0009686,,Water Plus - 4206400451 CVMU,,,08/04/2025,,369.93
REGN - Regeneration & Housing,,FAB - Facilities,,Charges - 28.02.25 - 01.04.25,,,1,,CRINV0009699,,Crown Gas and Power Ltd - P001785 King George V Pl,,,08/04/2025,,383.40
REGN - Regeneration & Housing,,FAB - Facilities,,Charges - 28.02.25 - 01.03.25 and 01.03.25 - 31.03.25,,,1,,CRINV0009701,,Crown Gas and Power Ltd - P001785 King George V Pl,,,08/04/2025,,457.17
REGN - Regeneration & Housing,,FAD - Housing Advice,,Rent Deposit ,,,1,,CRINV0009714,,Property Shop (Accrington) Ltd,,,08/04/2025,,686.53
REGN - Regeneration & Housing,,FAD - Housing Advice,,Accommodation  ,,,1,,CRINV0009741,,Rosehill Hotel,,,08/04/2025,,"6,390.00"
REGN - Regeneration & Housing,,FAD - Housing Advice,,Accommodation ,,,1,,CRINV0009742,,Rosehill Hotel,,,08/04/2025,,"5,850.00"
REGN - Regeneration & Housing,,FAD - Housing Advice,,Accommodation,,,1,,CRINV0009750,,Rosehill Hotel,,,08/04/2025,,"4,680.00"
REGN - Regeneration & Housing,,FAD - Housing Advice,,Acommodation - 13 nights,,,1,,CRINV0009753,,Rosehill Hotel,,,08/04/2025,,"1,170.00"
ENVS - Environmental Services,,CAA - Environmental Maintenance,,provision of legal services,,,1,,CRINV0009632,,Womble Bond Dickinson (Uk) LLP,,,10/04/2025,,"3,327.60"
ENVS - Environmental Services,,CAA - Environmental Maintenance,,HMLR search fee,,,2,,CRINV0009632,,Womble Bond Dickinson (Uk) LLP,,,10/04/2025,,21.00
ENVS - Environmental Services,,CAA - Environmental Maintenance,,VAT,,,3,,CRINV0009632,,Womble Bond Dickinson (Uk) LLP,,,10/04/2025,,4.20
ENVS - Environmental Services,,CAF - CVMU,,labour,,,1,,CRINV0009745,,Rob Mercer,,,10/04/2025,,400.00
ENVS - Environmental Services,,CAF - CVMU,,materials,,,2,,CRINV0009745,,Rob Mercer,,,10/04/2025,,601.48
ENVS - Environmental Services,,CAF - CVMU,,labour,,,1,,CRINV0009746,,Rob Mercer,,,10/04/2025,,420.00
ENVS - Environmental Services,,CAF - CVMU,,materials,,,2,,CRINV0009746,,Rob Mercer,,,10/04/2025,,216.45
ENVS - Environmental Services,,CAF - CVMU,,labour,,,1,,CRINV0009747,,Rob Mercer,,,10/04/2025,,421.70
ENVS - Environmental Services,,CAF - CVMU,,materials,,,2,,CRINV0009747,,Rob Mercer,,,10/04/2025,,148.14
LEGL - Legal & Democratic,,DAG - Elections,,Publications- Schofield`s Election Law,,,1,,CRINV0009761,,Thomson Reuters Professional Uk Ltd,,,10/04/2025,,407.00
ENVS - Environmental Services,,CAC - Parks & Cemeteries,,Shrubs,,,1,,CRINV0009775,,Bannister Hall,,,10/04/2025,,53.52
ENVS - Environmental Services,,CAC - Parks & Cemeteries,,Shrubs,,,2,,CRINV0009775,,Bannister Hall,,,10/04/2025,,726.60
REGN - Regeneration & Housing,,FAD - Housing Advice,,Rent Deposit ,,,1,,CRINV0009776,,Whitefield Estate Agents,,,10/04/2025,,445.00
REGN - Regeneration & Housing,,FAD - Housing Advice,,Rent Deposit,,,1,,CRINV0009777,,Whitefield Estate Agents,,,10/04/2025,,445.00
ENVS - Environmental Services,,CAF - CVMU,,Parts,,,1,,CRINV0009784,,Townson Tractors,,,10/04/2025,,335.18
ENVS - Environmental Services,,CAF - CVMU,,Parts,,,1,,CRINV0009787,,Aebi Schmidt Uk Ltd,,,10/04/2025,,415.02
ENVS - Environmental Services,,CAF - CVMU,,Agency staff - w/e 06.04.25 ,,,1,,CRINV0009788,,Autotech Recruit,,,10/04/2025,,"1,339.80"
RESO - Resources,,AAB - Benefits & Customer Contact,,Annual Software Support for Revenues Dept,,,1,,CRINV0009800,,Nec Software Solutions Uk Ltd,,,10/04/2025,,"1,920.00"
RESO - Resources,,AAB - Benefits & Customer Contact,,Annual Software Support for Revenues Dept,,,2,,CRINV0009800,,Nec Software Solutions Uk Ltd,,,10/04/2025,,"1,920.00"
RESO - Resources,,AAB - Benefits & Customer Contact,,Annual Software Support for Revenues Dept,,,3,,CRINV0009800,,Nec Software Solutions Uk Ltd,,,10/04/2025,,960.00
LEGL - Legal & Democratic,,DAA - Democratic Services,,"LGV Modern Gov renewal commencing 01/05/2025
Your Reference: LSM11957MGV",,,1,,CRPOI0009798,,Civica Uk Limited,,,10/04/2025,,"17,920.33"
RESO - Resources,,AAB - Benefits & Customer Contact,,Temp staff w/e 16/03/25 ,,,1,,CRINV0009518,,Venn Group Limited,,,15/04/2025,,"1,256.52"
RESO - Resources,,AAF - Finance,,water and wastewater bill,,,1,,CRINV0009521,,Water Plus - 4081791400 Canteen Scaitcliffe House,,,15/04/2025,,595.65
ENVS - Environmental Services,,CAF - CVMU,,Vehicle parts,,,1,,CRINV0009571,,Dennis Eagle Limited,,,15/04/2025,,425.24
PLAN - Planning & Transportation,,EAD - Planning,,temp staff w/e 21/03/25 ,,,1,,CRINV0009606,,Confido Consult Ltd,,,15/04/2025,,"2,246.14"
RESO - Resources,,AAG - Management Resources,,charges,,,1,,CRINV0009608,,Aurora Managed Services Ltd,,,15/04/2025,,385.92
ENVS - Environmental Services,,CAE - Waste Services,,Temp staff w/e 23/03/25 ,,,1,,CRINV0009644,,Rapid Recruitment Ltd,,,15/04/2025,,724.00
ENVS - Environmental Services,,CAF - CVMU,,Contract service and chems,,,1,,CRINV0009659,,North West Trading Company Ltd,,,15/04/2025,,543.09
ENVS - Environmental Services,,CAE - Waste Services,,Temp Staff 23.03.25  ,,,1,,CRINV0009668,,Rapid Recruitment Ltd,,,15/04/2025,,"2,195.58"
RESO - Resources,,AAG - Management Resources,,Wilson Field Leisure Centre,,,1,,CRINV0009674,,Alliance Leisure Services Limited,,,15/04/2025,,"789,311.27"
RESO - Resources,,AAF - Finance,,Commercial Combined Renewal ,,,1,,CRINV0009688,,Aon Uk Limited,,,15/04/2025,,"84,870.63"
RESO - Resources,,AAF - Finance,,PA and Business Travel Renewal,,,1,,CRINV0009689,,Aon Uk Limited,,,15/04/2025,,408.80
RESO - Resources,,AAF - Finance,,Fleet Rated Commercial Motor Renewal,,,1,,CRINV0009690,,Aon Uk Limited,,,15/04/2025,,"73,647.81"
RESO - Resources,,AAF - Finance,,Engineering and Construction Renwal,,,1,,CRINV0009691,,Aon Uk Limited,,,15/04/2025,,"9,226.01"
RESO - Resources,,AAF - Finance,,Engineering Computers Renewal,,,1,,CRINV0009692,,Aon Uk Limited,,,15/04/2025,,"1,629.58"
RESO - Resources,,AAF - Finance,,Broking Fee,,,1,,CRINV0009693,,Aon Uk Limited,,,15/04/2025,,"8,150.00"
RESO - Resources,,AAF - Finance,,Terrorism Renewal,,,1,,CRINV0009694,,Aon Uk Limited,,,15/04/2025,,"6,325.74"
RESO - Resources,,AAG - Management Resources,,Cabinet Action Fund Grant - CAF21,,,1,,CRINV0009717,,Enfield Cricket Club,,,15/04/2025,,"1,500.00"
RESO - Resources,,AAB - Benefits & Customer Contact,,Agency staff - w/e 23.03.25 ,,,1,,CRINV0009719,,Eden Brown Limited,,,15/04/2025,,835.38
REGN - Regeneration & Housing,,FAD - Housing Advice,,Accommodation,,,1,,CRINV0009734,,Rosehill Hotel,,,15/04/2025,,993.60
ENVS - Environmental Services,,CAA - Environmental Maintenance,,Accrington Town Square,,,1,,CRINV0009754,,Morgan Sindall Construction & Infrastructure Ltd,,,15/04/2025,,"291,221.62"
ENVS - Environmental Services,,CAA - Environmental Maintenance,,Accrington Town Square,,,2,,CRINV0009754,,Morgan Sindall Construction & Infrastructure Ltd,,,15/04/2025,,"86,746.87"
ENVS - Environmental Services,,CAA - Environmental Maintenance,,Accrington Town Square,,,3,,CRINV0009754,,Morgan Sindall Construction & Infrastructure Ltd,,,15/04/2025,,"241,651.98"
REGN - Regeneration & Housing,,FAB - Facilities,,electric bill,,,1,,CRINV0009779,,Crown Gas and Power Ltd - P002258 Ossy Civic Theat,,,15/04/2025,,870.21
REGN - Regeneration & Housing,,FAC - Haworth Art Gallery,,Alarm Responses - Haworth Art Gallery,,,1,,CRINV0009795,,Keyplus Security Ltd,,,15/04/2025,,606.78
REGN - Regeneration & Housing,,FAC - Haworth Art Gallery,,Key Holding - in advance - Stables - Art Gallery,,,2,,CRINV0009795,,Keyplus Security Ltd,,,15/04/2025,,401.84
PLAN - Planning & Transportation,,EAA - Building Control,,Agency staff - w/e 04.04.25 ,,,1,,CRINV0009796,,Deekay Tech Recruitment Ltd,,,15/04/2025,,"1,422.28"
ENVS - Environmental Services,,CAA - Environmental Maintenance,,Copier charges - 17.12.24 - 20.03.25,,,1,,CRINV0009866,,Aurora Managed Services Ltd,,,15/04/2025,,510.27
REGN - Regeneration & Housing,,FAB - Facilities,,Emergency Lighting Testing - 12 Broadway,,,1,,CRINV0009892,,Steven Mercer Electrical Contractors Limited,,,15/04/2025,,393.00
REGN - Regeneration & Housing,,FAD - Housing Advice,,Accommodation,,,1,,CRINV0009896,,Hill View (Private) Hotel,,,15/04/2025,,"2,506.00"
REGN - Regeneration & Housing,,FAD - Housing Advice,,Accommodation,,,1,,CRINV0009897,,Hill View (Private) Hotel,,,15/04/2025,,"1,386.00"
REGN - Regeneration & Housing,,FAD - Housing Advice,,Accommodation,,,1,,CRINV0009898,,Hill View (Private) Hotel,,,15/04/2025,,375.00
REGN - Regeneration & Housing,,FAD - Housing Advice,,Accommodation,,,1,,CRINV0009899,,Hill View (Private) Hotel,,,15/04/2025,,910.00
REGN - Regeneration & Housing,,FAD - Housing Advice,,Accommodation ,,,1,,CRINV0009911,,Hill View (Private) Hotel,,,15/04/2025,,650.00
REGN - Regeneration & Housing,,FAB - Facilities,,CVMU - Welfare improvements - main workshop,,,1,,CRPOI0009860,,Buildeasi Nw Ltd,,,15/04/2025,,"2,301.60"
RESO - Resources,,AAF - Finance,,Post office transactions,,,1,,CRINV0009584,,Allpay Ltd,,,16/04/2025,,816.23
RESO - Resources,,AAF - Finance,,HMRC Feb 25 Tax,,,1,,CRINV0009885,,HM Revenue & Customs (Direct Debit),,,16/04/2025,,"98,071.59"
RESO - Resources,,AAF - Finance,,HMRC Feb 25 Student Loans,,,2,,CRINV0009885,,HM Revenue & Customs (Direct Debit),,,16/04/2025,,"2,536.00"
RESO - Resources,,AAF - Finance,,HMRC Apprenticeship Levy  Feb 25,,,3,,CRINV0009885,,HM Revenue & Customs (Direct Debit),,,16/04/2025,,"2,749.00"
RESO - Resources,,AAF - Finance,,HMRC NI Feb 25,,,4,,CRINV0009885,,HM Revenue & Customs (Direct Debit),,,16/04/2025,,"113,598.95"
RESO - Resources,,AAF - Finance,,Paternity Pay Feb 25,,,5,,CRINV0009885,,HM Revenue & Customs (Direct Debit),,,16/04/2025,,290.25-
RESO - Resources,,AAF - Finance,,HMRC Feb 25 Tax - R Calvert recovery,,,6,,CRINV0009885,,HM Revenue & Customs (Direct Debit),,,16/04/2025,,684.60-
RESO - Resources,,AAF - Finance,,Lloyds Cardnet - March 25 Charges,,,1,,CRINV0009903,,Lloyds Bank Cardnet,,,16/04/2025,,"2,364.78"
ENVS - Environmental Services,,CAF - CVMU,,parts and materials,,,1,,CRINV0009517,,Terberg Matec Uk,,,17/04/2025,,"2,345.23"
ENVS - Environmental Services,,CAF - CVMU,,Vehicle parts,,,1,,CRINV0009574,,Dennis Eagle Limited,,,17/04/2025,,608.86
ENVS - Environmental Services,,CAC - Parks & Cemeteries,,Charges - 03.02.25 to 02.04.25,,,1,,CRINV0009824,,Water Plus - 6002491027 White Ash Playing Fields,,,17/04/2025,,610.31
ENVS - Environmental Services,,CAC - Parks & Cemeteries,,1 Inseego Fleet - 36 months ,,,1,,CRINV0009830,,Inseego UK Ltd,,,17/04/2025,,288.00
ENVS - Environmental Services,,CAA - Environmental Maintenance,,High St Imp Grant,,,1,,CRINV0009895,,Gareths Florists,,,17/04/2025,,"2,500.00"
ENVS - Environmental Services,,CAA - Environmental Maintenance,,Professional Services - Acc Town Centre Masterplan Framework,,,1,,CRINV0009900,,Perfect Circle JV Ltd,,,17/04/2025,,"30,071.29"
ENVS - Environmental Services,,CAA - Environmental Maintenance,,High Street Accelerator Programme - Facade improvement grant,,,1,,CRINV0009904,,Brie Mine Uk,,,17/04/2025,,320.00
ENVS - Environmental Services,,CAA - Environmental Maintenance,,HIgh St Imp Grant,,,1,,CRINV0009905,,Look Club Ltd,,,17/04/2025,,"2,500.00"
LEGL - Legal & Democratic,,DAB - Human Resources,,Cupcakes,,,1,,CRINV0009913,,The Sweetest Thing Cakery,,,17/04/2025,,350.00
REGN - Regeneration & Housing,,FAB - Facilities,,Charges - 01.03.25 - 31.03.25,,,1,,CRINV0009914,,"SSE - 8700277599 Christmas Lighting, Facilities",,,17/04/2025,,"1,585.78"
REGN - Regeneration & Housing,,FAD - Housing Advice,,Accommodation,,,1,,CRINV0009917,,Molesworth Hotel,,,17/04/2025,,"3,507.60"
PLAN - Planning & Transportation,,EAB - Engineers & Transportation,,"Water Car park Game St, GH. 01.04.25 - 31.03.26",,,1,,CRINV0009931,,"Water Plus - 6000333759 - Car Park, Game Street",,,17/04/2025,,500.04
PLAN - Planning & Transportation,,EAB - Engineers & Transportation,,Water Holgate St Car Park 01.04.25-31.03.26,,,1,,CRINV0009933,,Water Plus Ltd - 6000354158 - Holgate St Car Park,,,17/04/2025,,288.06
RESO - Resources,,AAF - Finance,,Milestone 1 External Audit 23-24 of HBC.,,,1,,CRINV0009964,,Forvis Mazars LLP,,,17/04/2025,,"40,763.70"
ENVS - Environmental Services,,CAB - Other Environmental Services,,Professional charges,,,1,,CRINV0009971,,Forbes Solicitors,,,17/04/2025,,"2,390.40"
ENVS - Environmental Services,,CAB - Other Environmental Services,,Hire of 8 wheeler 08.01.24,,,1,,CRINV0009972,,Stanley Brothers (Tippers) Ltd,,,17/04/2025,,648.00
ENVS - Environmental Services,,CAC - Parks & Cemeteries,,Water Wheatfield Bowling. 05.01.25 - 04.04.25,,,1,,CRINV0009988,,"Water Plus Ltd - 6001720945 - Bowling Green, Wheat",,,17/04/2025,,"1,644.78"
ENVS - Environmental Services,,CAE - Waste Services,,12 X AB41/50 Padlocks ,,,1,,CRPOI0009887,,Powell Hardware Ltd,,,17/04/2025,,242.93
ENVS - Environmental Services,,CAE - Waste Services,,Delivery charge,,,2,,CRPOI0009887,,Powell Hardware Ltd,,,17/04/2025,,7.20
ENVS - Environmental Services,,CAE - Waste Services,,"40` Grade A used Container, Including Delivery",,,1,,CRPOI0009963,,Lion Containers Ltd,,,17/04/2025,,"2,820.00"
ENVS - Environmental Services,,CAA - Environmental Maintenance,,mobilisation costs Jan 25,,,1,,CRINV0009516,,2-Work Group Ltd,,,22/04/2025,,"11,700.00"
ENVS - Environmental Services,,CAA - Environmental Maintenance,,Accrington Acre,,,1,,CRINV0009526,,Womble Bond Dickinson (Uk) LLP,,,22/04/2025,,"11,231.40"
ENVS - Environmental Services,,CAA - Environmental Maintenance,,Accrington Acre,,,2,,CRINV0009526,,Womble Bond Dickinson (Uk) LLP,,,22/04/2025,,"4,500.00"
ENVS - Environmental Services,,CAA - Environmental Maintenance,,Accrington Acre,,,3,,CRINV0009526,,Womble Bond Dickinson (Uk) LLP,,,22/04/2025,,"2,550.00"
ENVS - Environmental Services,,CAF - CVMU,,parts service and labour,,,1,,CRINV0009527,,Bucher Municipal Ltd,,,22/04/2025,,"2,723.69"
ENVS - Environmental Services,,CAF - CVMU,,Vehicle parts and labour,,,1,,CRINV0009566,,Bucher Municipal Ltd,,,22/04/2025,,"3,930.00"
PLAN - Planning & Transportation,,EAD - Planning,,Staff. WC 17.03.25 ,,,1,,CRINV0009589,,Oyster Partnership,,,22/04/2025,,"2,666.50"
RESO - Resources,,AAD - ICT,,March 25,,,1,,CRINV0009595,,EE Futures,,,22/04/2025,,"1,334.70"
RESO - Resources,,AAD - ICT,,March 25,,,2,,CRINV0009595,,EE Futures,,,22/04/2025,,40.00
ENVS - Environmental Services,,CAF - CVMU,,service labour,,,1,,CRINV0009601,,Bucher Municipal Ltd,,,22/04/2025,,"2,118.29"
RESO - Resources,,AAD - ICT,,EE Bill,,,1,,CRINV0009628,,EE Futures,,,22/04/2025,,70.00
RESO - Resources,,AAD - ICT,,EE Bill,,,2,,CRINV0009628,,EE Futures,,,22/04/2025,,"1,331.32"
ENVS - Environmental Services,,CAF - CVMU,,bulk delivery,,,1,,CRINV0009648,,Crown Oil Ltd,,,22/04/2025,,"26,739.18"
ENVS - Environmental Services,,CAC - Parks & Cemeteries,,Temp Staff. 17.03.25  ,,,1,,CRINV0009652,,Proman Supply Chain Ltd,,,22/04/2025,,"2,566.97"
ENVS - Environmental Services,,CAE - Waste Services,,Temp Staff.  30.03.25  ,,,1,,CRINV0009660,,Rapid Recruitment Ltd,,,22/04/2025,,"1,441.22"
ENVS - Environmental Services,,CAC - Parks & Cemeteries,,Temp Staff. 30.03.25  ,,,1,,CRINV0009665,,Rapid Recruitment Ltd,,,22/04/2025,,868.80
RESO - Resources,,AAF - Finance,,Renewal Notice - Local Auth Comb Policy,,,1,,CRINV0009697,,Zurich Insurance Plc,,,22/04/2025,,"119,315.34"
RESO - Resources,,AAF - Finance,,Crime,,,1,,CRINV0009698,,Zurich Insurance Plc,,,22/04/2025,,"4,199.53"
RESO - Resources,,AAB - Benefits & Customer Contact,,Temp staff w/e 23/03/25 ,,,1,,CRINV0009736,,Venn Group Limited,,,22/04/2025,,"1,256.52"
REGN - Regeneration & Housing,,FAB - Facilities,,Ameity Lighting - 01.03.25 - 31.03.25,,,1,,CRINV0009902,,SSE - 8700217449 Amenity Lighting Unmetered Supply,,,22/04/2025,,19.62
REGN - Regeneration & Housing,,FAB - Facilities,,Amenity Lighting - 01.03.25 - 31.03.25,,,2,,CRINV0009902,,SSE - 8700217449 Amenity Lighting Unmetered Supply,,,22/04/2025,,578.68
REGN - Regeneration & Housing,,FAB - Facilities,,Amenity Lighting - 01.03.25 - 31.03.25,,,3,,CRINV0009902,,SSE - 8700217449 Amenity Lighting Unmetered Supply,,,22/04/2025,,212.52
REGN - Regeneration & Housing,,FAB - Facilities,,Amenity Lighting - 01.03.25 - 31.03.25,,,4,,CRINV0009902,,SSE - 8700217449 Amenity Lighting Unmetered Supply,,,22/04/2025,,457.73
REGN - Regeneration & Housing,,FAB - Facilities,,Amenity Lighting - 01.03.25 - 31.03.25,,,5,,CRINV0009902,,SSE - 8700217449 Amenity Lighting Unmetered Supply,,,22/04/2025,,39.23
REGN - Regeneration & Housing,,FAB - Facilities,,Amenity Lighting - 01.03.25 - 31.03.25,,,6,,CRINV0009902,,SSE - 8700217449 Amenity Lighting Unmetered Supply,,,22/04/2025,,58.84
REGN - Regeneration & Housing,,FAB - Facilities,,Amenity Lighting - 01.03.25 - 31.03.25,,,7,,CRINV0009902,,SSE - 8700217449 Amenity Lighting Unmetered Supply,,,22/04/2025,,"1,735.92"
REGN - Regeneration & Housing,,FAB - Facilities,,Amenity Lighting - 01.03.25 - 31.03.25,,,8,,CRINV0009902,,SSE - 8700217449 Amenity Lighting Unmetered Supply,,,22/04/2025,,637.49
REGN - Regeneration & Housing,,FAB - Facilities,,Amenity Lighting - 01.03.25 - 31.03.25,,,9,,CRINV0009902,,SSE - 8700217449 Amenity Lighting Unmetered Supply,,,22/04/2025,,"1,373.04"
REGN - Regeneration & Housing,,FAB - Facilities,,Amenity Lighting - 01.03.25 - 31.03.25,,,10,,CRINV0009902,,SSE - 8700217449 Amenity Lighting Unmetered Supply,,,22/04/2025,,117.68
ENVS - Environmental Services,,CAF - CVMU,,Temp Staff 13.04.25,,,1,,CRINV0009922,,Autotech Recruit,,,22/04/2025,,"1,287.60"
RESO - Resources,,AAB - Benefits & Customer Contact,,Agency staff - w/e 06.04.25 ,,,1,,CRINV0009957,,Eden Brown Limited,,,22/04/2025,,"1,212.12"
RESO - Resources,,AAB - Benefits & Customer Contact,,Agency staff - w/e 09.03.25,,,1,,CRINV0009958,,Eden Brown Limited,,,22/04/2025,,"1,212.12"
RESO - Resources,,AAF - Finance,,HBC Group Life Assurance Benefit = 01.04.25 - 31.03.26,,,1,,CRINV0009961,,Metlife,,,22/04/2025,,"17,326.61"
REGN - Regeneration & Housing,,FAB - Facilities,,Lowerfold Gas 01.03.25 - 31.03.25,,,1,,CRINV0009996,,SEFE Energy - 10174064 Consolidated,,,22/04/2025,,19.29
REGN - Regeneration & Housing,,FAB - Facilities,,Bullough Park Gas charges - 01.03.25 31.03.25,,,2,,CRINV0009996,,SEFE Energy - 10174064 Consolidated,,,22/04/2025,,12.35
REGN - Regeneration & Housing,,FAB - Facilities,,Willows Lane Gas charges - 01.03.25 - 31.03.25,,,3,,CRINV0009996,,SEFE Energy - 10174064 Consolidated,,,22/04/2025,,744.97
REGN - Regeneration & Housing,,FAB - Facilities,,Acc Town Hall Gas charges - 01.03.25 - 31.03.25,,,4,,CRINV0009996,,SEFE Energy - 10174064 Consolidated,,,22/04/2025,,"1,650.51"
REGN - Regeneration & Housing,,FAB - Facilities,,Cannon St Gas charges - 31.03.25 - 31.03.25,,,5,,CRINV0009996,,SEFE Energy - 10174064 Consolidated,,,22/04/2025,,33.69
REGN - Regeneration & Housing,,FAB - Facilities,,Acc Crematorium Gas charges - 01.03.25 - 31.03.25,,,6,,CRINV0009996,,SEFE Energy - 10174064 Consolidated,,,22/04/2025,,637.79
REGN - Regeneration & Housing,,FAB - Facilities,,Acc Crematorium Gas charges - 01.03.25 - 31.03.25,,,7,,CRINV0009996,,SEFE Energy - 10174064 Consolidated,,,22/04/2025,,"6,143.49"
REGN - Regeneration & Housing,,FAB - Facilities,,Acc Cem Service Building Gas charges - 01.03.25 - 31.03.25,,,8,,CRINV0009996,,SEFE Energy - 10174064 Consolidated,,,22/04/2025,,105.91
REGN - Regeneration & Housing,,FAB - Facilities,,Haworth Art Gallery Gas charges - 01.03.25 - 31.03.25,,,9,,CRINV0009996,,SEFE Energy - 10174064 Consolidated,,,22/04/2025,,"1,165.33"
REGN - Regeneration & Housing,,FAB - Facilities,,Eagle St OAP Gas charges 01.03.25 - 31.03.25,,,10,,CRINV0009996,,SEFE Energy - 10174064 Consolidated,,,22/04/2025,,8.98
REGN - Regeneration & Housing,,FAB - Facilities,,Wilsons Gas charges 01.03.25 - 31.03.25,,,11,,CRINV0009996,,SEFE Energy - 10174064 Consolidated,,,22/04/2025,,382.17
REGN - Regeneration & Housing,,FAB - Facilities,,Oakhill Service Building Gas charges - 01.03.25 - 31.03.25,,,12,,CRINV0009996,,SEFE Energy - 10174064 Consolidated,,,22/04/2025,,43.46
REGN - Regeneration & Housing,,FAB - Facilities,,Willows Lane Gas charges - 01.03.25 - 31.03.25,,,13,,CRINV0009996,,SEFE Energy - 10174064 Consolidated,,,22/04/2025,,489.47
REGN - Regeneration & Housing,,FAB - Facilities,,CVMU Gas charges - 01.03.25 - 31.03.25,,,14,,CRINV0009996,,SEFE Energy - 10174064 Consolidated,,,22/04/2025,,"2,736.49"
REGN - Regeneration & Housing,,FAB - Facilities,,Haworth Stables Gas charges - 01.03.25 - 31.03.25,,,15,,CRINV0009996,,SEFE Energy - 10174064 Consolidated,,,22/04/2025,,"1,020.26"
REGN - Regeneration & Housing,,FAB - Facilities,,Rhyddings Coach House Gas charges - 01.03.25 - 31.03.25,,,16,,CRINV0009996,,SEFE Energy - 10174064 Consolidated,,,22/04/2025,,424.86
ENVS - Environmental Services,,CAB - Other Environmental Services,,Labour,,,1,,CRINV0010001,,Rob Mercer,,,22/04/2025,,"4,600.00"
ENVS - Environmental Services,,CAB - Other Environmental Services,,Materials,,,2,,CRINV0010001,,Rob Mercer,,,22/04/2025,,"2,431.44"
ENVS - Environmental Services,,CAF - CVMU,,Labour,,,1,,CRINV0010004,,Rob Mercer,,,22/04/2025,,400.00
ENVS - Environmental Services,,CAF - CVMU,,Materials,,,2,,CRINV0010004,,Rob Mercer,,,22/04/2025,,390.08
ENVS - Environmental Services,,CAF - CVMU,,Labour,,,1,,CRINV0010005,,Rob Mercer,,,22/04/2025,,450.00
ENVS - Environmental Services,,CAF - CVMU,,Materials,,,2,,CRINV0010005,,Rob Mercer,,,22/04/2025,,490.13
ENVS - Environmental Services,,CAF - CVMU,,Labour,,,1,,CRINV0010007,,Rob Mercer,,,22/04/2025,,150.00
ENVS - Environmental Services,,CAF - CVMU,,Materials,,,2,,CRINV0010007,,Rob Mercer,,,22/04/2025,,356.64
ENVS - Environmental Services,,CAF - CVMU,,Labour,,,1,,CRINV0010009,,Rob Mercer,,,22/04/2025,,100.00
ENVS - Environmental Services,,CAF - CVMU,,Materials,,,2,,CRINV0010009,,Rob Mercer,,,22/04/2025,,460.82
REGN - Regeneration & Housing,,FAB - Facilities,,"Site 1 02/03/2025 - 01/04/2025 Haworth
  Park",,,1,,CRINV0010030,,EDF Energy - 9044031649 Consolidated Invoice,,,22/04/2025,,992.60
REGN - Regeneration & Housing,,FAB - Facilities,,"Site 2 02/03/2025 -
  01/04/2025 Crematorium Burnley Road",,,2,,CRINV0010030,,EDF Energy - 9044031649 Consolidated Invoice,,,22/04/2025,,"2,460.50"
REGN - Regeneration & Housing,,FAB - Facilities,,"Site 3 02/03/2025 -
  31/03/2025 Service Building Great Harwood Ceme",,,3,,CRINV0010030,,EDF Energy - 9044031649 Consolidated Invoice,,,22/04/2025,,194.82
REGN - Regeneration & Housing,,FAB - Facilities,,"Site 4 01/03/2025 -
  31/03/2025 Memorial Park Church Lane",,,4,,CRINV0010030,,EDF Energy - 9044031649 Consolidated Invoice,,,22/04/2025,,281.56
REGN - Regeneration & Housing,,FAB - Facilities,,"01/03/2025 -
  31/03/2025 Vehicle Maintenance Depot",,,5,,CRINV0010030,,EDF Energy - 9044031649 Consolidated Invoice,,,22/04/2025,,"3,329.17"
REGN - Regeneration & Housing,,FAB - Facilities,,"Site 5 01/03/2025 -
  31/03/2025 Foxhill Bank Pavillion",,,6,,CRINV0010030,,EDF Energy - 9044031649 Consolidated Invoice,,,22/04/2025,,940.53
REGN - Regeneration & Housing,,FAB - Facilities,,"Site 6 02/03/2025 -
  31/03/2025 Free Gardeners Bowling Green",,,7,,CRINV0010030,,EDF Energy - 9044031649 Consolidated Invoice,,,22/04/2025,,28.59
REGN - Regeneration & Housing,,FAB - Facilities,,"Site 7 01/03/2025 -
  31/03/2025 Peel Park Bowling Kiosk",,,8,,CRINV0010030,,EDF Energy - 9044031649 Consolidated Invoice,,,22/04/2025,,56.03
REGN - Regeneration & Housing,,FAB - Facilities,,"Site 8 01/03/2025 -
  31/03/2025 Feeder Pillar Rear of Accrington To",,,9,,CRINV0010030,,EDF Energy - 9044031649 Consolidated Invoice,,,22/04/2025,,55.35
REGN - Regeneration & Housing,,FAB - Facilities,,"Site 9 01/03/2025 -
  31/03/2025 Bowls House Rhyddings Park",,,10,,CRINV0010030,,EDF Energy - 9044031649 Consolidated Invoice,,,22/04/2025,,52.16
REGN - Regeneration & Housing,,FAB - Facilities,,"Site 11 02/03/2025 -
  31/03/2025 20 Environmental Health Offices",,,11,,CRINV0010030,,EDF Energy - 9044031649 Consolidated Invoice,,,22/04/2025,,818.37
REGN - Regeneration & Housing,,FAB - Facilities,,"Site 12 02/03/2025 -
  22/03/2025 Mess Room Memorial Park",,,12,,CRINV0010030,,EDF Energy - 9044031649 Consolidated Invoice,,,22/04/2025,,10.40
REGN - Regeneration & Housing,,FAB - Facilities,,"Site 13 02/03/2025 -
  01/04/2025 Elmfield Hall Flats - Communal Ligh",,,13,,CRINV0010030,,EDF Energy - 9044031649 Consolidated Invoice,,,22/04/2025,,57.04
REGN - Regeneration & Housing,,FAB - Facilities,,"Site 14 02/03/2025 -
  01/04/2025 Bandstand Oakhill Park",,,14,,CRINV0010030,,EDF Energy - 9044031649 Consolidated Invoice,,,22/04/2025,,42.55
REGN - Regeneration & Housing,,FAB - Facilities,,"01/02/2025 -
  28/02/2025 Scaitcliffe House",,,15,,CRINV0010030,,EDF Energy - 9044031649 Consolidated Invoice,,,22/04/2025,,"14,646.05-"
REGN - Regeneration & Housing,,FAB - Facilities,,"01/02/2025 -
  28/02/2025 Scaitcliffe House",,,16,,CRINV0010030,,EDF Energy - 9044031649 Consolidated Invoice,,,22/04/2025,,"14,257.13"
REGN - Regeneration & Housing,,FAB - Facilities,,"01/03/2025 -
  31/03/2025 Scaitcliffe House",,,17,,CRINV0010030,,EDF Energy - 9044031649 Consolidated Invoice,,,22/04/2025,,"11,871.16"
REGN - Regeneration & Housing,,FAB - Facilities,,"Site 16 01/03/2025 -
  31/03/2025 Floodlighting Mercer House",,,18,,CRINV0010030,,EDF Energy - 9044031649 Consolidated Invoice,,,22/04/2025,,29.15
REGN - Regeneration & Housing,,FAB - Facilities,,"Site 17 02/03/2025 -
  01/04/2025 Oakhill Park Centre",,,19,,CRINV0010030,,EDF Energy - 9044031649 Consolidated Invoice,,,22/04/2025,,326.64
REGN - Regeneration & Housing,,FAB - Facilities,,"01/03/2025 -
  31/03/2025 Accrington Market Hall",,,20,,CRINV0010030,,EDF Energy - 9044031649 Consolidated Invoice,,,22/04/2025,,"7,891.36"
REGN - Regeneration & Housing,,FAB - Facilities,,"Site 19 02/03/2025 -
  01/04/2025 Wilsons Playing Fields",,,21,,CRINV0010030,,EDF Energy - 9044031649 Consolidated Invoice,,,22/04/2025,,"4,493.83"
REGN - Regeneration & Housing,,FAB - Facilities,,"Site 20 02/03/2025 -
  01/04/2025 Dill Hall Cemetry",,,22,,CRINV0010030,,EDF Energy - 9044031649 Consolidated Invoice,,,22/04/2025,,29.38
REGN - Regeneration & Housing,,FAB - Facilities,,"Site 21 02/03/2025 -
  01/04/2025 Haworth Art Gallery",,,23,,CRINV0010030,,EDF Energy - 9044031649 Consolidated Invoice,,,22/04/2025,,"1,509.45"
REGN - Regeneration & Housing,,FAB - Facilities,,"Site 22 02/03/2025 -
  01/04/2025 Wilson Playing Fields",,,24,,CRINV0010030,,EDF Energy - 9044031649 Consolidated Invoice,,,22/04/2025,,"1,449.94"
REGN - Regeneration & Housing,,FAB - Facilities,,"Site 23 01/03/2025 -
  31/03/2025 Gatty Park Greenhouse Site",,,25,,CRINV0010030,,EDF Energy - 9044031649 Consolidated Invoice,,,22/04/2025,,39.91
REGN - Regeneration & Housing,,FAB - Facilities,,"02/03/2025 -
  01/04/2025 RANGER STREET DEPOT",,,26,,CRINV0010030,,EDF Energy - 9044031649 Consolidated Invoice,,,22/04/2025,,191.48
REGN - Regeneration & Housing,,FAB - Facilities,,"Site 25 02/03/2025 -
  01/04/2025 Wall of Rememberence Burnley Rd",,,27,,CRINV0010030,,EDF Energy - 9044031649 Consolidated Invoice,,,22/04/2025,,26.52
REGN - Regeneration & Housing,,FAB - Facilities,,"Site 26 01/03/2025 -
  31/03/2025 Bowl Houses Milnshaw Park",,,28,,CRINV0010030,,EDF Energy - 9044031649 Consolidated Invoice,,,22/04/2025,,82.47
REGN - Regeneration & Housing,,FAB - Facilities,,"Site 27 02/03/2025 -
  01/04/2025 The Stable & Motor House",,,29,,CRINV0010030,,EDF Energy - 9044031649 Consolidated Invoice,,,22/04/2025,,491.64
REGN - Regeneration & Housing,,FAB - Facilities,,"Site 28 02/03/2025 -
  01/04/2025 Cemetery Office Burnley Rd",,,30,,CRINV0010030,,EDF Energy - 9044031649 Consolidated Invoice,,,22/04/2025,,649.93
REGN - Regeneration & Housing,,FAB - Facilities,,"01/03/2025 -
  31/03/2025 Accrington Town Hall",,,31,,CRINV0010030,,EDF Energy - 9044031649 Consolidated Invoice,,,22/04/2025,,"4,459.84"
REGN - Regeneration & Housing,,FAB - Facilities,,"Site 29 02/03/2025 -
  01/04/2025 South Service Yard Accrington Marke",,,32,,CRINV0010030,,EDF Energy - 9044031649 Consolidated Invoice,,,22/04/2025,,97.40
REGN - Regeneration & Housing,,FAB - Facilities,,"Site 30 01/03/2025 -
  01/04/2025 Park Pavilion Lowerfold Road",,,33,,CRINV0010030,,EDF Energy - 9044031649 Consolidated Invoice,,,22/04/2025,,61.56
REGN - Regeneration & Housing,,FAB - Facilities,,"01/03/2025 -
  31/03/2025 Community Hub - Fielding Lane",,,34,,CRINV0010030,,EDF Energy - 9044031649 Consolidated Invoice,,,22/04/2025,,"5,962.55"
REGN - Regeneration & Housing,,FAB - Facilities,,"Site 31 02/03/2025 -
  01/04/2025 Street Lighting Feeder Pillar Clock",,,35,,CRINV0010030,,EDF Energy - 9044031649 Consolidated Invoice,,,22/04/2025,,59.15
ENVS - Environmental Services,,CAA - Environmental Maintenance,,Printing of 2000x Great Harwood Reports,,,1,,CRINV0010035,,Ellison Printing Co.,,,22/04/2025,,"1,229.00"
ENVS - Environmental Services,,CAA - Environmental Maintenance,,400 Allergy Posters,,,2,,CRINV0010035,,Ellison Printing Co.,,,22/04/2025,,98.40
REGN - Regeneration & Housing,,FAD - Housing Advice,,Agency Staff Costs Period Ending 20-Apr-2025,,,1,,CRINV0010037,,Vivid Resourcing,,,22/04/2025,,"1,368.00"
ENVS - Environmental Services,,CAA - Environmental Maintenance,,Late Payment Fees,,,1,,CRINV0010047,,E-On Next Energy - A-B930C930 73 Blackburn Road,,,22/04/2025,,40.00
ENVS - Environmental Services,,CAA - Environmental Maintenance,,Electricity,,,2,,CRINV0010047,,E-On Next Energy - A-B930C930 73 Blackburn Road,,,22/04/2025,,278.26
RESO - Resources,,AAD - ICT,,35 X 11TH Gen iPads 128GB,,,1,,CRPOI0009723,,Aspire Technology Solutions Limited,,,22/04/2025,,"16,332.00"
ENVS - Environmental Services,,CAC - Parks & Cemeteries,,Supply of Proludic musical flowers ,,,1,,CRPOI0009843,,Proludic Ltd,,,22/04/2025,,"4,287.60"
ENVS - Environmental Services,,CAC - Parks & Cemeteries,,65 x 10ltr pails of Red Spot line marker paint ,,,1,,CRPOI0009846,,Bowcom,,,22/04/2025,,"1,638.00"
ENVS - Environmental Services,,CAC - Parks & Cemeteries,,1 weeks hire of a woodchipper,,,1,,CRPOI0009847,,Balmers Garden Machinery,,,22/04/2025,,483.00
ENVS - Environmental Services,,CAC - Parks & Cemeteries,,Grass Cutting Contract in Hyndburn for Season 2025,,,1,,CRPOI0009868,,Grounds Gardens & Trees Ltd,,,22/04/2025,,"21,631.20"
ENVS - Environmental Services,,CAC - Parks & Cemeteries,,9 X Green 345mm Wet Pour Spheres ,,,1,,CRPOI0009872,,Kompan Ltd,,,22/04/2025,,"1,371.60"
ENVS - Environmental Services,,CAC - Parks & Cemeteries,,1 X Ground Anchors and Glue ,,,2,,CRPOI0009872,,Kompan Ltd,,,22/04/2025,,777.60
ENVS - Environmental Services,,CAC - Parks & Cemeteries,,Delivery charges,,,3,,CRPOI0009872,,Kompan Ltd,,,22/04/2025,,263.08
ENVS - Environmental Services,,CAC - Parks & Cemeteries,,10 X 5ltr Nomix Dual ,,,1,,CRPOI0009886,,Nomix Enviro Limited,,,22/04/2025,,"1,622.40"
ENVS - Environmental Services,,CAC - Parks & Cemeteries,,Re Accrington Crematorium,,,1,,CRINV0009104,,Obitus (Vivedia Ltd),,,24/04/2025,,"2,271.60"
ENVS - Environmental Services,,CAA - Environmental Maintenance,,"Queen Street, Great Harwood",,,1,,CRINV0009514,,Planit I.E. Ltd,,,24/04/2025,,"10,952.60"
ENVS - Environmental Services,,CAA - Environmental Maintenance,,provision of professional services,,,1,,CRINV0009529,,Ma Cost Consulting Limited,,,24/04/2025,,"4,570.00"
ENVS - Environmental Services,,CAA - Environmental Maintenance,,provision of professional services,,,2,,CRINV0009529,,Ma Cost Consulting Limited,,,24/04/2025,,"4,570.00"
ENVS - Environmental Services,,CAA - Environmental Maintenance,,provision of professional services,,,3,,CRINV0009529,,Ma Cost Consulting Limited,,,24/04/2025,,"4,570.00"
REGN - Regeneration & Housing,,FAF - Strategic Housing,,Annual Contribution Marketing Lancs 24/25,,,1,,CRINV0009565,,Lancashire County Council,,,24/04/2025,,"3,612.00"
REGN - Regeneration & Housing,,FAB - Facilities,,Apr cleaning Oakhill Pavilion,,,1,,CRINV0009593,,ServiceMaster Clean Contract Services AAA,,,24/04/2025,,368.52
REGN - Regeneration & Housing,,FAB - Facilities,,Cleaning. April 25. Mercer Park,,,1,,CRINV0009599,,ServiceMaster Clean Contract Services AAA,,,24/04/2025,,264.23
RESO - Resources,,AAB - Benefits & Customer Contact,,VAT missed from INV 2921,,,1,,CRINV0009604,,Hyndburn Leisure,,,24/04/2025,,302.27
RESO - Resources,,AAB - Benefits & Customer Contact,,Cleaning materials Jan- Mar 25,,,1,,CRINV0009605,,Hyndburn Leisure,,,24/04/2025,,286.24
RESO - Resources,,AAB - Benefits & Customer Contact,,VAT,,,1,,CRINV0009610,,Marston (Holdings) Ltd,,,24/04/2025,,"3,056.18"
RESO - Resources,,AAB - Benefits & Customer Contact,,recharge of cleaning costs March 2025,,,1,,CRINV0009611,,Hyndburn Leisure,,,24/04/2025,,"1,813.60"
RESO - Resources,,AAB - Benefits & Customer Contact,,gas,,,1,,CRINV0009612,,Hyndburn Leisure,,,24/04/2025,,957.83
RESO - Resources,,AAB - Benefits & Customer Contact,,water,,,2,,CRINV0009612,,Hyndburn Leisure,,,24/04/2025,,54.31
RESO - Resources,,AAB - Benefits & Customer Contact,,recharge of utility costs March 2025,,,3,,CRINV0009612,,Hyndburn Leisure,,,24/04/2025,,"1,558.10"
ENVS - Environmental Services,,CAF - CVMU,,vehicle hire March 25,,,1,,CRINV0009635,,Leeds Commercial Vehicle Hire,,,24/04/2025,,"1,386.00"
RESO - Resources,,AAB - Benefits & Customer Contact,,debt collection charges,,,1,,CRINV0009638,,Marston (Holdings) Ltd,,,24/04/2025,,321.90
ENVS - Environmental Services,,CAC - Parks & Cemeteries,,charges for services,,,1,,CRINV0009642,,Obitus (Vivedia Ltd),,,24/04/2025,,"2,056.80"
ENVS - Environmental Services,,CAF - CVMU,,Tipper hire March 25,,,1,,CRINV0009658,,Leeds Commercial Vehicle Hire,,,24/04/2025,,"1,386.00"
LEGL - Legal & Democratic,,DAB - Human Resources,,Job Advert,,,1,,CRINV0009663,,Haymarket Media Group Ltd,,,24/04/2025,,"1,995.00"
REGN - Regeneration & Housing,,FAF - Strategic Housing,,Support Jan- Mar 25,,,1,,CRINV0009664,,Locata Housing Services Ltd,,,24/04/2025,,"3,600.00"
ENVS - Environmental Services,,CAB - Other Environmental Services,,Stray Dog Contract,,,1,,CRINV0009666,,Aspen Valley Boarding Kennels & Cattery,,,24/04/2025,,"2,254.50"
ENVS - Environmental Services,,CAB - Other Environmental Services,,Hire of 8 Wheeler 31.03.25,,,1,,CRINV0009667,,Stanley Brothers (Tippers) Ltd,,,24/04/2025,,648.00
ENVS - Environmental Services,,CAE - Waste Services,,Hire of tipper Mar 25,,,1,,CRINV0009672,,Leeds Commercial Vehicle Hire,,,24/04/2025,,"1,848.00"
RESO - Resources,,AAB - Benefits & Customer Contact,,Services Mar 25,,,1,,CRINV0009679,,Critiqom,,,24/04/2025,,105.92
RESO - Resources,,AAB - Benefits & Customer Contact,,Services Mar 25,,,2,,CRINV0009679,,Critiqom,,,24/04/2025,,574.80
LEGL - Legal & Democratic,,DAC - Legal,,Local autority Fee 1-5,,,1,,CRINV0009682,,Lawyers In Local Government (LLG),,,24/04/2025,,360.00
ENVS - Environmental Services,,CAF - CVMU,,Parts and Environmental Disposal,,,1,,CRINV0009707,,Rossendale Vulcanising (Sales Ltd),,,24/04/2025,,"3,650.40"
REGN - Regeneration & Housing,,FAC - Haworth Art Gallery,,Weddings - April / May 25,,,1,,CRINV0009712,,S.R.S. Catering Ltd,,,24/04/2025,,"4,900.00"
ENVS - Environmental Services,,CAF - CVMU,,CVMU - Monthly Cleaning - April 25,,,1,,CRINV0009756,,ServiceMaster Clean Contract Services AAA,,,24/04/2025,,"1,070.47"
REGN - Regeneration & Housing,,FAB - Facilities,,Grant 01.04.25 - 30.06.25,,,1,,CRINV0009768,,Hyndburn Homewise Society Limited,,,24/04/2025,,"6,233.13"
RESO - Resources,,AAD - ICT,,Charges - 01.04.25 - 30.04.25,,,1,,CRINV0009801,,Aspire Technology Solutions Limited,,,24/04/2025,,"1,522.64"
RESO - Resources,,AAD - ICT,,Printing charges - 03.03.25 - 01.04.25,,,1,,CRINV0009803,,Xbm Ltd,,,24/04/2025,,446.44
ENVS - Environmental Services,,CAB - Other Environmental Services,,Supplementary Cleaning - Willows Lane,,,1,,CRINV0009833,,ServiceMaster Clean Contract Services AAA,,,24/04/2025,,"1,391.64"
ENVS - Environmental Services,,CAC - Parks & Cemeteries,,Supplementary Cleaning - Rhyddings - April 25,,,1,,CRINV0009835,,ServiceMaster Clean Contract Services AAA,,,24/04/2025,,722.53
ENVS - Environmental Services,,CAC - Parks & Cemeteries,,Supplementary cleaning - Wilsons,,,1,,CRINV0009836,,ServiceMaster Clean Contract Services AAA,,,24/04/2025,,802.84
ENVS - Environmental Services,,CAC - Parks & Cemeteries,,Weekly cleaning - Whiteash - April 25,,,1,,CRINV0009838,,ServiceMaster Clean Contract Services AAA,,,24/04/2025,,294.18
ENVS - Environmental Services,,CAE - Waste Services,,Cleaning Goods,,,1,,CRINV0009849,,"Bubbles, Brushes & Wiper Co Ltd",,,24/04/2025,,"1,757.39"
ENVS - Environmental Services,,CAE - Waste Services,,Gen waste and landfill tax,,,1,,CRINV0009862,,Suez Recycling And Recovery Uk Ltd,,,24/04/2025,,"2,514.29"
ENVS - Environmental Services,,CAE - Waste Services,,Gen waste and landfill tax,,,2,,CRINV0009862,,Suez Recycling And Recovery Uk Ltd,,,24/04/2025,,"9,790.94"
ENVS - Environmental Services,,CAD - Town Centre & Markets,,Rent- Annual Fee,,,1,,CRINV0009867,,On Tower Uk,,,24/04/2025,,"9,286.49"
RESO - Resources,,AAG - Management Resources,,Cabinet Action Fund Grant - CAF22,,,1,,CRINV0009909,,Hyndburn Food Pantry,,,24/04/2025,,"5,000.00"
ENVS - Environmental Services,,CAB - Other Environmental Services,,Stray Dog Contract Feb 25,,,1,,CRINV0009928,,Aspen Valley Boarding Kennels & Cattery,,,24/04/2025,,"2,626.58"
RESO - Resources,,AAG - Management Resources,,Rental Period 09/03/2025 - 08/04/2026,,,1,,CRINV0009966,,Lex Autolease Ltd,,,24/04/2025,,556.74
RESO - Resources,,AAG - Management Resources,,Rental Period 09/03/2025 - 08/04/2026,,,2,,CRINV0009966,,Lex Autolease Ltd,,,24/04/2025,,556.74
RESO - Resources,,AAG - Management Resources,,Rental Period 09/03/2025 - 08/04/2026,,,3,,CRINV0009966,,Lex Autolease Ltd,,,24/04/2025,,46.54
ENVS - Environmental Services,,CAE - Waste Services,,Lone worker monitoring Yr Ending Mar 26,,,1,,CRINV0009970,,Sector Security Services,,,24/04/2025,,"3,566.38"
ENVS - Environmental Services,,CAF - CVMU,,HGV Mot Tests,,,1,,CRINV0010025,,Blackburn With Darwen Borough Council,,,24/04/2025,,468.60
ENVS - Environmental Services,,CAE - Waste Services,,1 Months Service Charge,,,1,,CRINV0010029,,Trakm8 Holdings Plc,,,24/04/2025,,133.44
ENVS - Environmental Services,,CAE - Waste Services,,1 Months Service Charge,,,2,,CRINV0010029,,Trakm8 Holdings Plc,,,24/04/2025,,40.00
ENVS - Environmental Services,,CAE - Waste Services,,1 Months Service Charge,,,3,,CRINV0010029,,Trakm8 Holdings Plc,,,24/04/2025,,40.00
ENVS - Environmental Services,,CAE - Waste Services,,1 Months Service Charge,,,4,,CRINV0010029,,Trakm8 Holdings Plc,,,24/04/2025,,13.34
ENVS - Environmental Services,,CAE - Waste Services,,1 Months Service Charge,,,5,,CRINV0010029,,Trakm8 Holdings Plc,,,24/04/2025,,26.68
ENVS - Environmental Services,,CAE - Waste Services,,1 Months Service Charge,,,6,,CRINV0010029,,Trakm8 Holdings Plc,,,24/04/2025,,13.34
ENVS - Environmental Services,,CAE - Waste Services,,1 Months Service Charge,,,7,,CRINV0010029,,Trakm8 Holdings Plc,,,24/04/2025,,13.34
ENVS - Environmental Services,,CAE - Waste Services,,1 Months Service Charge,,,8,,CRINV0010029,,Trakm8 Holdings Plc,,,24/04/2025,,13.34
ENVS - Environmental Services,,CAE - Waste Services,,1 Months Service Charge,,,9,,CRINV0010029,,Trakm8 Holdings Plc,,,24/04/2025,,13.34
ENVS - Environmental Services,,CAE - Waste Services,,1 Months Service Charge,,,10,,CRINV0010029,,Trakm8 Holdings Plc,,,24/04/2025,,13.34
REGN - Regeneration & Housing,,FAB - Facilities,,Alarm Responses,,,1,,CRINV0010038,,Keyplus Security Ltd,,,24/04/2025,,265.26
RESO - Resources,,AAF - Finance,,Financials License Fees - 21/05/2025 - 20/05/2026,,,1,,CRINV0010055,,Civica Uk Limited,,,24/04/2025,,"41,118.59"
RESO - Resources,,AAF - Finance,,PeopleLive License and Maintenance - 21/05/2025 - 20/05/2026,,,2,,CRINV0010055,,Civica Uk Limited,,,24/04/2025,,"23,471.02"
ENVS - Environmental Services,,CAC - Parks & Cemeteries,,Buriel Services,,,1,,CRINV0010057,,James O Garnett Ltd,,,24/04/2025,,"2,100.00"
ENVS - Environmental Services,,CAC - Parks & Cemeteries,,Monthly Doc Charges,,,1,,CRINV0010058,,Minster Cleaning Services,,,24/04/2025,,"1,621.61"
RESO - Resources,,AAF - Finance,,Payment to Altham Parish Council (Precept 2025-2026),,,1,,CRINV0010063,,Altham Parish Council,,,24/04/2025,,"14,185.60"
LEGL - Legal & Democratic,,DAB - Human Resources,,MSK Tele Management Referral,,,1,,CRINV0010091,,Pam Wellbeing Ltd,,,24/04/2025,,114.95
LEGL - Legal & Democratic,,DAB - Human Resources,,MSK Tele Management Referral,,,2,,CRINV0010091,,Pam Wellbeing Ltd,,,24/04/2025,,229.89
LEGL - Legal & Democratic,,DAB - Human Resources,,Telephone/video Consultation,,,3,,CRINV0010091,,Pam Wellbeing Ltd,,,24/04/2025,,112.36
ENVS - Environmental Services,,CAE - Waste Services,,Traffic Management for Dunk Way on 26th March 2025,,,1,,CRPOI0009782,,Kays Highways Ltd,,,24/04/2025,,"1,260.12"
ENVS - Environmental Services,,CAE - Waste Services,,Traffic Management  March 19th 2025,,,1,,CRPOI0009783,,Kays Highways Ltd,,,24/04/2025,,"2,503.20"
ENVS - Environmental Services,,CAE - Waste Services,,20 X Driver Books ,,,1,,CRPOI0009908,,Ellison Printing Co.,,,24/04/2025,,338.40
ENVS - Environmental Services,,CAE - Waste Services,,20 X Vehicle Equipment Book ,,,2,,CRPOI0009908,,Ellison Printing Co.,,,24/04/2025,,343.20
ENVS - Environmental Services,,CAC - Parks & Cemeteries,,Supply and install railings ,,,1,,CRPOI0009986,,FareFence (NW) Limited,,,24/04/2025,,"2,871.12"
ENVH - Environmental Health,,BAA - Housing Standards,,Temp staff WC 24.03.25   ,,,1,,CRINV0009617,,Oyster Partnership,,,29/04/2025,,"1,326.00"
ENVH - Environmental Health,,BAA - Housing Standards,,Temp Staff wc 24.03.25  ,,,1,,CRINV0009618,,Oyster Partnership,,,29/04/2025,,"1,536.91"
PLAN - Planning & Transportation,,EAD - Planning,,Temp Staff  wc 24.03.25,,,1,,CRINV0009619,,Oyster Partnership,,,29/04/2025,,"2,455.20"
ENVH - Environmental Health,,BAA - Housing Standards,,Temp Staff wc 24.03.25 ,,,1,,CRINV0009620,,Oyster Partnership,,,29/04/2025,,704.16
REGN - Regeneration & Housing,,FAD - Housing Advice,,out of hours cover,,,1,,CRINV0009631,,Maundy Relief,,,29/04/2025,,"1,240.00"
PLAN - Planning & Transportation,,EAD - Planning,,Temp staff w/e 30/03/25 ,,,1,,CRINV0009633,,Macdonald & Company,,,29/04/2025,,754.41
PLAN - Planning & Transportation,,EAD - Planning,,temp staff w/e 30/03/25 ,,,2,,CRINV0009633,,Macdonald & Company,,,29/04/2025,,754.39
PLAN - Planning & Transportation,,EAD - Planning,,Temp Staff w/e 30/03/25,,,1,,CRINV0009634,,Vivid Resourcing,,,29/04/2025,,"2,160.00"
PLAN - Planning & Transportation,,EAD - Planning,,Temp staff w/e 30/03/25 ,,,1,,CRINV0009637,,Carrington West Limited,,,29/04/2025,,"1,568.26"
PLAN - Planning & Transportation,,EAD - Planning,,Temp staff w/e 23/02/25 ,,,1,,CRINV0009641,,Carrington West Limited,,,29/04/2025,,"1,568.26"
ENVS - Environmental Services,,CAC - Parks & Cemeteries,,Temp staff w/c 24/03/25 ,,,1,,CRINV0009643,,Proman Supply Chain Ltd,,,29/04/2025,,"2,641.06"
PLAN - Planning & Transportation,,EAD - Planning,,Temp staff w/e 02/03/25 ,,,1,,CRINV0009646,,Carrington West Limited,,,29/04/2025,,"1,568.26"
PLAN - Planning & Transportation,,EAD - Planning,,Ttemp staff w/e 16/03/25 ,,,1,,CRINV0009647,,Carrington West Limited,,,29/04/2025,,"1,568.26"
PLAN - Planning & Transportation,,EAD - Planning,,Temp staff 09/03/25 ,,,1,,CRINV0009649,,Carrington West Limited,,,29/04/2025,,"1,505.52"
RESO - Resources,,AAB - Benefits & Customer Contact,,BRR Mar 25,,,1,,CRINV0009673,,Capacitygrid,,,29/04/2025,,"1,200.00"
PLAN - Planning & Transportation,,EAD - Planning,,Professional fees,,,1,,CRINV0009675,,Arevik Jackson,,,29/04/2025,,"4,800.00"
REGN - Regeneration & Housing,,FAD - Housing Advice,,Rent Deposit,,,1,,CRINV0009676,,Onward Homes,,,29/04/2025,,734.50
RESO - Resources,,AAB - Benefits & Customer Contact,,Agency Staff - w/e 30.03.25 ,,,1,,CRINV0009711,,Venn Group Limited,,,29/04/2025,,"1,256.52"
REGN - Regeneration & Housing,,FAB - Facilities,,Annual Fire/Intruder Alarm Monitoring,,,1,,CRINV0009713,,Full Circuit Fire & Security Ltd,,,29/04/2025,,"8,693.29"
REGN - Regeneration & Housing,,FAB - Facilities,,Fire Alarm and Intruder Alarm Monitoring and Maintenance,,,1,,CRINV0009715,,Full Circuit Fire & Security Ltd,,,29/04/2025,,"16,549.87"
ENVS - Environmental Services,,CAF - CVMU,,Parts,,,1,,CRINV0009721,,Chorley Nissan,,,29/04/2025,,333.55
ENVS - Environmental Services,,CAF - CVMU,,Parts,,,1,,CRINV0009724,,Dennis Eagle Limited,,,29/04/2025,,586.94
ENVS - Environmental Services,,CAF - CVMU,,Parts,,,1,,CRINV0009757,,Dennis Eagle Limited,,,29/04/2025,,250.18
REGN - Regeneration & Housing,,FAD - Housing Advice,,Agency staff - w/e 06.04.25 ,,,1,,CRINV0009760,,Vivid Resourcing,,,29/04/2025,,"1,710.00"
ENVH - Environmental Health,,BAB - Environmental Protection,,Temp Staff. 30.03.25 and 06.4.25  ,,,1,,CRINV0009764,,Vivid Resourcing,,,29/04/2025,,712.54
PLAN - Planning & Transportation,,EAD - Planning,,Agency staff - w/e 06.04.25 ,,,1,,CRINV0009778,,Macdonald & Company,,,29/04/2025,,844.59
PLAN - Planning & Transportation,,EAD - Planning,,Agency staff - w/e 06.04.25,,,2,,CRINV0009778,,Macdonald & Company,,,29/04/2025,,844.61
RESO - Resources,,AAB - Benefits & Customer Contact,,Professional Fees ,,,1,,CRINV0009805,,Stephensons Solicitors LLP,,,29/04/2025,,"1,843.00"
RESO - Resources,,AAB - Benefits & Customer Contact,,Professional Fees ,,,2,,CRINV0009805,,Stephensons Solicitors LLP,,,29/04/2025,,720.00
ENVS - Environmental Services,,CAF - CVMU,,Vehicle parts,,,1,,CRINV0009809,,Alliance Automotive Uk Lv T/A Jpn Autoparts,,,29/04/2025,,339.94
ENVS - Environmental Services,,CAF - CVMU,,Vehicle parts,,,1,,CRINV0009812,,Dennis Eagle Limited,,,29/04/2025,,"1,494.98"
ENVS - Environmental Services,,CAA - Environmental Maintenance,,Valution fees,,,1,,CRINV0009816,,CBRE Ltd,,,29/04/2025,,"3,300.00"
ENVS - Environmental Services,,CAB - Other Environmental Services,,Vehicle Hire 03.04.25,,,1,,CRINV0009832,,Stanley Brothers (Tippers) Ltd,,,29/04/2025,,744.00
ENVS - Environmental Services,,CAC - Parks & Cemeteries,,Agency staff - w/e 06.04.25,,,1,,CRINV0009851,,Rapid Recruitment Ltd,,,29/04/2025,,"1,608.05"
ENVS - Environmental Services,,CAE - Waste Services,,Agency staff - w/e 06.04.25,,,1,,CRINV0009854,,Rapid Recruitment Ltd,,,29/04/2025,,"1,536.68"
RESO - Resources,,AAG - Management Resources,,Mayor at Home Event,,,1,,CRINV0009890,,S.R.S. Catering Ltd,,,29/04/2025,,490.00
PLAN - Planning & Transportation,,EAC - Green Infrastructure,,ROBOT Peel Park,,,1,,CRINV0010036,,Northern Arb Tree Services,,,29/04/2025,,"1,800.00"
RESO - Resources,,AAF - Finance,,LCC Ctax Precept April 25,,,1,,CRINV0010045,,Lancashire County Council (Direct Debit Payments),,,29/04/2025,,"3,847,034.77"
RESO - Resources,,AAF - Finance,,LCC Ctax Deficit 24/25,,,2,,CRINV0010045,,Lancashire County Council (Direct Debit Payments),,,29/04/2025,,"38,940.74-"
RESO - Resources,,AAF - Finance,,LCC NDR Precept April 25,,,3,,CRINV0010045,,Lancashire County Council (Direct Debit Payments),,,29/04/2025,,"225,023.94"
RESO - Resources,,AAF - Finance,,LCC NDR Surplus 24/25,,,4,,CRINV0010045,,Lancashire County Council (Direct Debit Payments),,,29/04/2025,,"12,821.04"
RESO - Resources,,AAF - Finance,,Fire Ctax Precept - April 25,,,5,,CRINV0010045,,Lancashire County Council (Direct Debit Payments),,,29/04/2025,,"198,865.00"
RESO - Resources,,AAF - Finance,,Fire Ctax Deficit 24/25,,,6,,CRINV0010045,,Lancashire County Council (Direct Debit Payments),,,29/04/2025,,"1,991.14-"
RESO - Resources,,AAF - Finance,,Fire NDR Precept April 25,,,7,,CRINV0010045,,Lancashire County Council (Direct Debit Payments),,,29/04/2025,,"24,999.66"
RESO - Resources,,AAF - Finance,,Fire NDR Surplus 24/25,,,8,,CRINV0010045,,Lancashire County Council (Direct Debit Payments),,,29/04/2025,,"1,420.00"
RESO - Resources,,AAF - Finance,,Police Ctax Precept April 25,,,9,,CRINV0010045,,Lancashire County Council (Direct Debit Payments),,,29/04/2025,,"614,798.20"
RESO - Resources,,AAF - Finance,,Police Ctax Deficit 24/25,,,10,,CRINV0010045,,Lancashire County Council (Direct Debit Payments),,,29/04/2025,,"6,207.51-"
REGN - Regeneration & Housing,,FAB - Facilities,,Alarm Responses,,,1,,CRINV0010048,,Keyplus Security Ltd,,,29/04/2025,,255.03
PLAN - Planning & Transportation,,EAD - Planning,,Agency staff -  Week 22 - 24.03.25 - 28.03.25,,,1,,CRINV0010050,,Confido Consult Ltd,,,29/04/2025,,"2,202.12"
PLAN - Planning & Transportation,,EAD - Planning,,Agency staff week 23 - 31.03.25 - 04.04.25 ,,,1,,CRINV0010051,,Confido Consult Ltd,,,29/04/2025,,"2,673.66"
ENVS - Environmental Services,,CAA - Environmental Maintenance,,HBC Accrington Town Centre Masterplan - PM Support,,,1,,CRINV0010062,,Perfect Circle JV Ltd,,,29/04/2025,,"3,871.19"
ENVS - Environmental Services,,CAE - Waste Services,,Professional Fees,,,1,,CRINV0010084,,Clyde & Co,,,29/04/2025,,346.00
ENVS - Environmental Services,,CAE - Waste Services,,Professional Fees,,,1,,CRINV0010086,,Clyde & Co,,,29/04/2025,,"2,332.80"
RESO - Resources,,AAB - Benefits & Customer Contact,,Whinney Hill - 23.04.25,,,1,,CRINV0010096,,Ada Glossop Ltd,,,29/04/2025,,"1,442.20"
RESO - Resources,,AAB - Benefits & Customer Contact,,April 2025,,,1,,CRINV0010097,,Cheval Social Management,,,29/04/2025,,"1,292.32"
ENVS - Environmental Services,,CAF - CVMU,,Temp Staff 20.04.25 ,,,1,,CRINV0010100,,Autotech Recruit,,,29/04/2025,,783.00
ENVS - Environmental Services,,CAF - CVMU,,Parts,,,1,,CRINV0010104,,Rob Mercer,,,29/04/2025,,288.58
ENVS - Environmental Services,,CAF - CVMU,,Labour,,,2,,CRINV0010104,,Rob Mercer,,,29/04/2025,,100.00
RESO - Resources,,AAF - Finance,,HMRC Mar 25 tax,,,1,,CRINV0010118,,HM Revenue & Customs (Direct Debit),,,29/04/2025,,"95,439.68"
RESO - Resources,,AAF - Finance,,HMRC Mar 25 Student loans,,,2,,CRINV0010118,,HM Revenue & Customs (Direct Debit),,,29/04/2025,,"2,360.00"
RESO - Resources,,AAF - Finance,,HMRC Apprentice levy Mar 25,,,3,,CRINV0010118,,HM Revenue & Customs (Direct Debit),,,29/04/2025,,"2,657.00"
RESO - Resources,,AAF - Finance,,HMRC NI Mar 25,,,4,,CRINV0010118,,HM Revenue & Customs (Direct Debit),,,29/04/2025,,"109,993.55"
RESO - Resources,,AAF - Finance,,Paternity Mar 25,,,5,,CRINV0010118,,HM Revenue & Customs (Direct Debit),,,29/04/2025,,749.80-
RESO - Resources,,AAF - Finance,,HMRC Election Tax Mar 25,,,6,,CRINV0010118,,HM Revenue & Customs (Direct Debit),,,29/04/2025,,181.80
PLAN - Planning & Transportation,,EAA - Building Control,,Temp Staff 18.04.25  ,,,1,,CRINV0010119,,Deekay Tech Recruitment Ltd,,,29/04/2025,,943.27
ENVS - Environmental Services,,CAC - Parks & Cemeteries,,Rec Ground Holt St Rish 01.05.25 - 30.04.26,,,1,,CRINV0010147,,R C Petre Will Trust,,,29/04/2025,,"1,250.00"
RESO - Resources,,AAB - Benefits & Customer Contact,,Temp staff w/e 13/04/25 ,,,1,,CRINV0010152,,Eden Brown Limited,,,29/04/2025,,"1,212.12"
LEGL - Legal & Democratic,,DAB - Human Resources,,Accrington Market Chambers,,,1,,CRINV0010153,,Naomi Atherton Ltd,,,29/04/2025,,"3,474.00"
REGN - Regeneration & Housing,,FAD - Housing Advice,,accommodation,,,1,,CRINV0010154,,Hill View (Private) Hotel,,,29/04/2025,,910.00
REGN - Regeneration & Housing,,FAD - Housing Advice,,accommodation,,,1,,CRINV0010157,,Hill View (Private) Hotel,,,29/04/2025,,"2,506.00"
REGN - Regeneration & Housing,,FAD - Housing Advice,,accommodation,,,1,,CRINV0010159,,Hill View (Private) Hotel,,,29/04/2025,,910.00
ENVS - Environmental Services,,CAA - Environmental Maintenance,,Period: 1.3.25 to 31.3.25,,,1,,CRINV0010180,,Drax,,,29/04/2025,,377.46
REGN - Regeneration & Housing,,FAD - Housing Advice,,Accommodation,,,1,,CRINV0010191,,Hill View (Private) Hotel,,,29/04/2025,,"1,386.00"
REGN - Regeneration & Housing,,FAB - Facilities,,Accommodation,,,1,,CRINV0010192,,Hill View (Private) Hotel,,,29/04/2025,,"1,050.00"
REGN - Regeneration & Housing,,FAB - Facilities,,Supply and install new Grundfos Magna Pump,,,1,,CRPOI0009722,,Lancashire Gas Services,,,29/04/2025,,"1,249.56"
REGN - Regeneration & Housing,,FAB - Facilities,,PPM - Annual CCTV Service,,,1,,CRPOI0009727,,Full Circuit Fire & Security Ltd,,,29/04/2025,,606.00
REGN - Regeneration & Housing,,FAB - Facilities,,PPM - Intruder Alarm Service April 2025 - March 2026,,,1,,CRPOI0009728,,Full Circuit Fire & Security Ltd,,,29/04/2025,,"1,548.00"
REGN - Regeneration & Housing,,FAB - Facilities,,PPM - Fire Alarm Service April 2025 - March 2026 (4 Visits),,,1,,CRPOI0009730,,Full Circuit Fire & Security Ltd,,,29/04/2025,,"6,200.58"
REGN - Regeneration & Housing,,FAB - Facilities,,PPM - Fire and Intruder Alarm Monitoring April 2025 - March 2026,,,1,,CRPOI0009771,,Full Circuit Fire & Security Ltd,,,29/04/2025,,"8,988.00"
ENVS - Environmental Services,,CAE - Waste Services,,Battery 12V 77Ah,,,1,,CRPOI0009831,,Karcher UK Limited,,,29/04/2025,,182.16
ENVS - Environmental Services,,CAE - Waste Services,,CONTRACT LABOUR CHARGE,,,2,,CRPOI0009831,,Karcher UK Limited,,,29/04/2025,,107.10
ENVS - Environmental Services,,CAC - Parks & Cemeteries,,2 X Honda  wheeled rotary mower ,,,1,,CRPOI0009842,,Balmers Garden Machinery,,,29/04/2025,,"3,324.00"
REGN - Regeneration & Housing,,FAB - Facilities,,"General repairs, breakdown and callouts",,,1,,CRPOI0009876,,Full Circuit Fire & Security Ltd,,,29/04/2025,,331.51
LEGL - Legal & Democratic,,DAA - Democratic Services,,1x Era Camira Office Chair,,,1,,CRPOI0009962,,Bevlan Office Interiors Ltd,,,29/04/2025,,489.48
Department Area,,Service Area,,Description,,,Line,,HBC Ref No.,,Name:  ,,,Payment Date,,Amount Paid
