Department Area,Service Area,,Description,,,Line,,HBC Ref No.,,Name:  ,,,Payment Date,,Amount Paid
ENVH - Environmental Health,BAA - Housing Standards,,Agency staff - w/c 26.05.25,,,1,,CRINV0011119,,Oyster Partnership,,,01/07/2025,,"1,185.60"
ENVH - Environmental Health,BAA - Housing Standards,,Agency staff - w/c 26.05.25,,,1,,CRINV0011120,,Oyster Partnership,,,01/07/2025,,"1,268.59"
ENVS - Environmental Services,CAB - Other Environmental Services,,Vehicle Hire - 02.06.25,,,1,,CRINV0011145,,Stanley Brothers (Tippers) Ltd,,,01/07/2025,,744.00
ENVS - Environmental Services,CAC - Parks & Cemeteries,,Service agreement,,,1,,CRINV0011164,,Facultatieve Technologies,,,01/07/2025,,"13,646.68"
PLAN - Planning & Transportation,EAD - Planning,,Agency staff - w/c 26.05.25,,,1,,CRINV0011175,,Oyster Partnership,,,01/07/2025,,"2,083.20"
ENVS - Environmental Services,CAF - CVMU,,Steam cleaning of vehicles,,,1,,CRINV0011180,,Keep Em Clean,,,01/07/2025,,262.50
ENVS - Environmental Services,CAF - CVMU,,goods + freight,,,1,,CRINV0011219,,Bucher Municipal Ltd,,,01/07/2025,,"1,161.06"
PLAN - Planning & Transportation,EAB - Engineers & Transportation,,Street Signs - Various,,,1,,CRINV0011269,,G & G Signs,,,01/07/2025,,493.92
PLAN - Planning & Transportation,EAB - Engineers & Transportation,,Carriage,,,2,,CRINV0011269,,G & G Signs,,,01/07/2025,,36.00
REGN - Regeneration & Housing,FAB - Facilities,,works at Wilsons Pavilion,,,1,,CRINV0011286,,Lancashire Gas Services,,,01/07/2025,,696.50
ENVS - Environmental Services,CAC - Parks & Cemeteries,,Staff 26.05.25,,,1,,CRINV0011311,,Proman Supply Chain Ltd,,,01/07/2025,,"1,412.03"
RESO - Resources,AAE - Residual Leisure,,TaAT Claim Oct to March 25,,,1,,CRINV0011367,,Hyndburn Leisure,,,01/07/2025,,"86,494.00"
ENVH - Environmental Health,BAB - Environmental Protection,,Funeral costs,,,1,,CRINV0011429,,Barton & Hallworth Funeral Services,,,01/07/2025,,"2,055.00"
RESO - Resources,AAB - Benefits & Customer Contact,,Professional charges,,,1,,CRINV0011434,,Greenhalgh Kerr,,,01/07/2025,,"5,684.00"
RESO - Resources,AAB - Benefits & Customer Contact,,Professional charges,,,2,,CRINV0011434,,Greenhalgh Kerr,,,01/07/2025,,135.60
PLAN - Planning & Transportation,EAD - Planning,,Agency staff - 02.06 - 06.06 - Week 32,,,1,,CRINV0011480,,Confido Consult Ltd,,,01/07/2025,,"2,388.36"
RESO - Resources,AAB - Benefits & Customer Contact,,temp staff w/e 01/06/25,,,1,,CRINV0011511,,Venn Group Limited,,,01/07/2025,,"1,235.09"
ENVS - Environmental Services,CAA - Environmental Maintenance,,Electric May 25. 51 Blackburn R,,,1,,CRINV0011517,,Drax,,,01/07/2025,,791.56
ENVS - Environmental Services,CAA - Environmental Maintenance,,49-51 Blackburn Rd Electric,,,1,,CRINV0011518,,"E-on Next Energy - A-B74A0909 - Flat 3, 49-52 Blac",,,01/07/2025,,323.24
ENVS - Environmental Services,CAA - Environmental Maintenance,,Electric May 25 77-79 Blackburn Rd,,,1,,CRINV0011519,,Smartest Energy - 100011736903 77-79 Blackburn Rd,,,01/07/2025,,"1,249.36"
ENVS - Environmental Services,CAC - Parks & Cemeteries,,Temp Staff 08.06.25,,,1,,CRINV0011587,,Rapid Recruitment Ltd,,,01/07/2025,,"1,515.28"
ENVS - Environmental Services,CAC - Parks & Cemeteries,,Plant supply for Parks,,,1,,CRINV0011686,,Park Lane Plants Ltd,,,01/07/2025,,900.00
ENVS - Environmental Services,CAC - Parks & Cemeteries,,Supply of Plant life,,,1,,CRINV0011687,,Park Lane Plants Ltd,,,01/07/2025,,252.00
RESO - Resources,AAB - Benefits & Customer Contact,,Agency staff - p/e 01.06.25,,,1,,CRINV0011696,,Eden Brown Limited,,,01/07/2025,,"1,212.12"
ENVS - Environmental Services,CAD - Town Centre & Markets,,Charges - 26.05.25 - 25.06.25,,,1,,CRINV0011705,,Water Plus - 4083296151 Market Hall,,,01/07/2025,,942.99
ENVS - Environmental Services,CAF - CVMU,,Contract Hire - Advanced Charges - 4 Vehicles,,,1,,CRINV0011708,,NRG Riverside,,,01/07/2025,,"131,304.70"
REGN - Regeneration & Housing,FAB - Facilities,,Heating Repairs,,,1,,CRPOI0011224,,Lancashire Gas Services,,,01/07/2025,,709.20
REGN - Regeneration & Housing,FAB - Facilities,,"General repairs, breakdown and callouts ",,,1,,CRPOI0011225,,Lancashire Gas Services,,,01/07/2025,,273.60
ENVS - Environmental Services,CAC - Parks & Cemeteries,,Supply and installation of 5 600 x 600 B125 Iron gully grates,,,1,,CRPOI0011230,,John Wade Groundworks Ltd,,,01/07/2025,,"1,980.00"
ENVS - Environmental Services,CAC - Parks & Cemeteries,,4 X Hazardous Cabinet 4 in Yellow,,,1,,CRPOI0011235,,Tudor Environmental,,,01/07/2025,,"1,175.18"
ENVS - Environmental Services,CAC - Parks & Cemeteries,,"Fell Trees
To fell a partially collapsed whitebeam leaving debris on site in neat piles, chipping all branches",,,1,,CRPOI0011242,,Roy Cattermole (Tree Surgeon),,,01/07/2025,,540.00
ENVS - Environmental Services,CAB - Other Environmental Services,,Gloria 5ltr sprayer,,,1,,CRPOI0011248,,Killgerm Chemicals Ltd,,,01/07/2025,,235.87
ENVS - Environmental Services,CAB - Other Environmental Services,,2 Bar pressure regulator,,,2,,CRPOI0011248,,Killgerm Chemicals Ltd,,,01/07/2025,,39.70
RESO - Resources,AAD - ICT,,1 x PatchMyPc 12 Month Subscription Licence 31/05/2025-31/05/2026 ,,,1,,CRPOI0011265,,Bytes Software Services Ltd,,,01/07/2025,,"2,501.69"
RESO - Resources,AAD - ICT,,10 days consultancy,,,1,,CRPOI0011273,,Vivid Resourcing,,,01/07/2025,,"2,453.96"
RESO - Resources,AAD - ICT,,"40 x Lenovo laptops 
40 x 3 year warranty premier support @ £48.96 each +VAT",,,1,,CRPOI0011277,,XMA Limited,,,01/07/2025,,"2,350.08"
RESO - Resources,AAD - ICT,,"40 x Lenovo laptops 
40 x 3 year warranty premier support @ £48.96 each +VAT",,,1,,CRPOI0011278,,XMA Limited,,,01/07/2025,,"30,106.08"
ENVS - Environmental Services,CAE - Waste Services,,200 x grey 240 litre wheeled bins ,,,1,,CRPOI0011310,,Ipl Plastics (Uk) Ltd,,,01/07/2025,,"4,524.00"
ENVS - Environmental Services,CAE - Waste Services,,200 x blue 240 litre wheeled bins ,,,2,,CRPOI0011310,,Ipl Plastics (Uk) Ltd,,,01/07/2025,,"4,524.00"
ENVS - Environmental Services,CAE - Waste Services,,200 x brown 240 litre wheeled bins ,,,3,,CRPOI0011310,,Ipl Plastics (Uk) Ltd,,,01/07/2025,,"4,524.00"
REGN - Regeneration & Housing,FAB - Facilities,,PPM - Domestic water system compliance April 2025 - March 2026,,,1,,CRPOI0011365,,HSL Compliance,,,01/07/2025,,"1,146.90"
ENVS - Environmental Services,CAC - Parks & Cemeteries,,Lyte 3-Section Aluminium Extension Ladder,,,1,,CRPOI0011379,,Browns Ladders Limited,,,01/07/2025,,369.76
REGN - Regeneration & Housing,FAB - Facilities,,"General repairs, breakdown and callouts",,,1,,CRPOI0011439,,George Pearce & Sons Ltd,,,01/07/2025,,316.80
ENVS - Environmental Services,CAC - Parks & Cemeteries,,2 X  Hedge Trimmer,,,1,,CRPOI0011586,,Dick Leigh LLP,,,01/07/2025,,986.04
ENVS - Environmental Services,CAE - Waste Services,,5 X CMS Waste Operator (Track & Trace) 12 Months Subscription ,,,1,,CRPOI0011619,,CMS Supatrak Limited,,,01/07/2025,,"1,026.00"
ENVS - Environmental Services,CAE - Waste Services,,5 x DE-Connect Live Camera 12 Months subscription ,,,2,,CRPOI0011619,,CMS Supatrak Limited,,,01/07/2025,,"1,087.50"
ENVS - Environmental Services,CAC - Parks & Cemeteries,,"Supply and fit new entrance signs for Great Harwood
Please Supply To: St Huberts St Gt Harwood and Bank Mill House Gt Harwood",,,1,,CRPOI0011635,,Hitchens Engravers Ltd,,,01/07/2025,,"5,028.00"
ENVS - Environmental Services,CAB - Other Environmental Services,,270 Bags of Maunure ,,,1,,CRPOI0011636,,Origin Amenity Solutions,,,01/07/2025,,"1,652.40"
ENVS - Environmental Services,CAC - Parks & Cemeteries,,"2 x A2 signs in 5mm polycarbonate 
2 A1 signs in foam board @ £65.00",,,1,,CRPOI0011664,,Hitchens Engravers Ltd,,,01/07/2025,,306.00
ENVS - Environmental Services,CAC - Parks & Cemeteries,,Provide trees ,,,1,,CRPOI0011666,,Barcham Trees Plc,,,01/07/2025,,"3,189.60"
ENVS - Environmental Services,CAC - Parks & Cemeteries,,Provide artwork ,,,1,,CRPOI0011681,,Cath  Ford,,,01/07/2025,,"2,000.00"
ENVS - Environmental Services,CAC - Parks & Cemeteries,,1 X Premium aluminium Dual door notice board ,,,1,,CRPOI0011700,,Earth Anchors Ltd,,,01/07/2025,,"1,831.20"
ENVS - Environmental Services,CAC - Parks & Cemeteries,,1 X Dual door wall mounted notice board ,,,2,,CRPOI0011700,,Earth Anchors Ltd,,,01/07/2025,,674.40
ENVS - Environmental Services,CAC - Parks & Cemeteries,,2 X Lecterns ,,,3,,CRPOI0011700,,Earth Anchors Ltd,,,01/07/2025,,"1,466.40"
ENVS - Environmental Services,CAC - Parks & Cemeteries,,1 X Carriage ,,,4,,CRPOI0011700,,Earth Anchors Ltd,,,01/07/2025,,117.60
ENVS - Environmental Services,CAC - Parks & Cemeteries,,Post installation inspection,,,1,,CRPOI0011701,,Playground Projects Consultancy Limited,,,01/07/2025,,300.00
ENVS - Environmental Services,CAC - Parks & Cemeteries,,"Provide improvements to Game Street car park, Great Harwood ",,,1,,CRPOI0011719,,John Wade Groundworks Ltd,,,01/07/2025,,"4,200.00"
REGN - Regeneration & Housing,FAD - Housing Advice,,temp staff 08/06/25,,,1,,CRINV0011270,,Vivid Resourcing,,,03/07/2025,,"1,368.00"
PLAN - Planning & Transportation,EAD - Planning,,Agency staff - w/e 08.06.25,,,1,,CRINV0011275,,Vivid Resourcing,,,03/07/2025,,"2,160.00"
RESO - Resources,AAD - ICT,,Agency Costs P/E 08/06/2025,,,1,,CRINV0011279,,Vivid Resourcing,,,03/07/2025,,507.78
RESO - Resources,AAF - Finance,,Temp Staff  08.06.25,,,1,,CRINV0011283,,G2 Recruitment Solutions,,,03/07/2025,,"5,850.00"
REGN - Regeneration & Housing,FAF - Strategic Housing,,membershiup fee 01/04/25 - 31/03/26,,,1,,CRINV0011300,,Northern Housing Consortium Ltd,,,03/07/2025,,"1,293.60"
ENVS - Environmental Services,CAF - CVMU,,MOT Tests,,,1,,CRINV0011322,,Blackburn With Darwen Borough Council,,,03/07/2025,,122.40
ENVS - Environmental Services,CAF - CVMU,,MOT Tests,,,2,,CRINV0011322,,Blackburn With Darwen Borough Council,,,03/07/2025,,182.00
ENVS - Environmental Services,CAF - CVMU,,Alarm,,,1,,CRINV0011323,,Contel Ltd,,,03/07/2025,,330.00
ENVS - Environmental Services,CAF - CVMU,,Vehicle maintenance,,,1,,CRINV0011324,,Contel Ltd,,,03/07/2025,,330.00
ENVS - Environmental Services,CAF - CVMU,,Alarm installation,,,1,,CRINV0011325,,Contel Ltd,,,03/07/2025,,330.00
ENVS - Environmental Services,CAF - CVMU,,Alarm installation,,,1,,CRINV0011326,,Contel Ltd,,,03/07/2025,,330.00
ENVS - Environmental Services,CAF - CVMU,,Alarm installation,,,1,,CRINV0011327,,Contel Ltd,,,03/07/2025,,330.00
ENVS - Environmental Services,CAF - CVMU,,Alarm installation,,,1,,CRINV0011328,,Contel Ltd,,,03/07/2025,,330.00
ENVS - Environmental Services,CAF - CVMU,,Alarm installation,,,1,,CRINV0011329,,Contel Ltd,,,03/07/2025,,330.00
ENVS - Environmental Services,CAF - CVMU,,Alarm installation,,,1,,CRINV0011330,,Contel Ltd,,,03/07/2025,,330.00
ENVS - Environmental Services,CAF - CVMU,,Alarm installation,,,1,,CRINV0011331,,Contel Ltd,,,03/07/2025,,330.00
ENVS - Environmental Services,CAF - CVMU,,Alarm installation,,,1,,CRINV0011332,,Contel Ltd,,,03/07/2025,,330.00
ENVS - Environmental Services,CAF - CVMU,,Alarm installation,,,1,,CRINV0011333,,Contel Ltd,,,03/07/2025,,330.00
ENVS - Environmental Services,CAF - CVMU,,Alarm installation,,,1,,CRINV0011334,,Contel Ltd,,,03/07/2025,,330.00
ENVS - Environmental Services,CAF - CVMU,,Alarm installation,,,1,,CRINV0011335,,Contel Ltd,,,03/07/2025,,330.00
ENVS - Environmental Services,CAC - Parks & Cemeteries,,Ladders,,,1,,CRINV0011381,,Browns Ladders Limited,,,03/07/2025,,369.76
ENVS - Environmental Services,CAE - Waste Services,,Hire of vehicle 6.6.25,,,1,,CRINV0011448,,Stanley Brothers (Tippers) Ltd,,,03/07/2025,,744.00
REGN - Regeneration & Housing,FAF - Strategic Housing,,Emergency work Grant,,,1,,CRINV0011461,,JPS Property Services Limited,,,03/07/2025,,800.00
ENVS - Environmental Services,CAF - CVMU,,Vehicle parts,,,1,,CRINV0011479,,Wurth Uk Ltd,,,03/07/2025,,279.44
RESO - Resources,AAF - Finance,,Election HMRC Tax May 25,,,1,,CRINV0011542,,HM Revenue & Customs (Direct Debit),,,03/07/2025,,"3,733.00"
REGN - Regeneration & Housing,FAF - Strategic Housing,,works undertaken,,,1,,CRINV0011544,,Eric Wright Civil Engineering Ltd,,,03/07/2025,,"7,469.81"
PLAN - Planning & Transportation,EAC - Green Infrastructure,,Development work - Brookside,,,1,,CRINV0011637,,Proffitts Investing In Communities,,,03/07/2025,,"10,974.00"
PLAN - Planning & Transportation,EAD - Planning,,Temp staff W/E 22.6.25,,,1,,CRINV0011663,,Macdonald & Company,,,03/07/2025,,885.60
PLAN - Planning & Transportation,EAD - Planning,,Temp staff w/e 22.6.25,,,2,,CRINV0011663,,Macdonald & Company,,,03/07/2025,,885.60
PLAN - Planning & Transportation,EAC - Green Infrastructure,,Bullough Park Phase 1,,,1,,CRINV0011665,,Proffitts Investing In Communities,,,03/07/2025,,"3,042.60"
PLAN - Planning & Transportation,EAA - Building Control,,Temp staff w/e 20.6.25,,,1,,CRINV0011677,,Deekay Tech Recruitment Ltd,,,03/07/2025,,"1,421.20"
REGN - Regeneration & Housing,FAF - Strategic Housing,,Pointing of property,,,1,,CRINV0011698,,JPS Property Services Limited,,,03/07/2025,,"1,440.00"
ENVS - Environmental Services,CAD - Town Centre & Markets,,Electrical Fault Repairs,,,1,,CRINV0011706,,Steven Mercer Electrical Contractors Limited,,,03/07/2025,,540.00
LEGL - Legal & Democratic,DAB - Human Resources,,CAY Recharge May 25,,,1,,CRINV0011709,,Lancashire County Council (Direct Debit Payments),,,03/07/2025,,"43,312.91"
ENVS - Environmental Services,CAD - Town Centre & Markets,,Charges - 01.08.24 - 22.08.24,,,1,,CRINV0011720,,"EDF - A-186CB4E5 - Kiosk 4, Peel Street",,,03/07/2025,,50.62
ENVS - Environmental Services,CAD - Town Centre & Markets,,"Final Invoice - Kiosk 4, Peel Street",,,2,,CRINV0011720,,"EDF - A-186CB4E5 - Kiosk 4, Peel Street",,,03/07/2025,,497.08
ENVS - Environmental Services,CAF - CVMU,,Damage recharges,,,1,,CRINV0011744,,BPCE Equipment Solutions UK Ltd,,,03/07/2025,,"2,982.00"
LEGL - Legal & Democratic,DAC - Legal,,Huncoat Garden Village,,,1,,CRINV0011751,,Mr Ian Ponter (Kings Chambers),,,03/07/2025,,"1,500.00"
REGN - Regeneration & Housing,FAB - Facilities,,Emergency Repair Grant Fees,,,1,,CRINV0011781,,Hyndburn Homewise Society Limited,,,03/07/2025,,"1,902.96"
PLAN - Planning & Transportation,EAD - Planning,,Yellow Card A4,,,1,,CRINV0011809,,Paragon Customer Communications Limited,,,03/07/2025,,47.77
PLAN - Planning & Transportation,EAD - Planning,,A4 Laminating Pouches,,,2,,CRINV0011809,,Paragon Customer Communications Limited,,,03/07/2025,,23.50
PLAN - Planning & Transportation,EAD - Planning,,Large PaperClips,,,3,,CRINV0011809,,Paragon Customer Communications Limited,,,03/07/2025,,7.62
PLAN - Planning & Transportation,EAD - Planning,,Drywipe Markers,,,4,,CRINV0011809,,Paragon Customer Communications Limited,,,03/07/2025,,8.62
PLAN - Planning & Transportation,EAD - Planning,,Correction Mice Rolls,,,5,,CRINV0011809,,Paragon Customer Communications Limited,,,03/07/2025,,30.34
PLAN - Planning & Transportation,EAD - Planning,,Treasury Tags,,,6,,CRINV0011809,,Paragon Customer Communications Limited,,,03/07/2025,,26.04
PLAN - Planning & Transportation,EAD - Planning,,C5 Manilla Envelopes,,,7,,CRINV0011809,,Paragon Customer Communications Limited,,,03/07/2025,,19.46
PLAN - Planning & Transportation,EAD - Planning,,Yellow Highlighters,,,8,,CRINV0011809,,Paragon Customer Communications Limited,,,03/07/2025,,3.39
PLAN - Planning & Transportation,EAD - Planning,,Notebooks A5,,,9,,CRINV0011809,,Paragon Customer Communications Limited,,,03/07/2025,,24.46
PLAN - Planning & Transportation,EAD - Planning,,7 x A4 Paper,,,10,,CRINV0011809,,Paragon Customer Communications Limited,,,03/07/2025,,176.32
PLAN - Planning & Transportation,EAD - Planning,,3 x A4 Paper,,,11,,CRINV0011809,,Paragon Customer Communications Limited,,,03/07/2025,,75.56
PLAN - Planning & Transportation,EAD - Planning,,1x A4 Paper,,,12,,CRINV0011809,,Paragon Customer Communications Limited,,,03/07/2025,,25.19
PLAN - Planning & Transportation,EAD - Planning,,1x A4 Paper,,,13,,CRINV0011809,,Paragon Customer Communications Limited,,,03/07/2025,,25.19
PLAN - Planning & Transportation,EAD - Planning,,1x A4 Paper,,,14,,CRINV0011809,,Paragon Customer Communications Limited,,,03/07/2025,,25.19
PLAN - Planning & Transportation,EAD - Planning,,2x A4 Paper,,,15,,CRINV0011809,,Paragon Customer Communications Limited,,,03/07/2025,,50.38
PLAN - Planning & Transportation,EAD - Planning,,1x A4 Paper,,,16,,CRINV0011809,,Paragon Customer Communications Limited,,,03/07/2025,,25.19
PLAN - Planning & Transportation,EAD - Planning,,10x Packs of Labels,,,17,,CRINV0011809,,Paragon Customer Communications Limited,,,03/07/2025,,50.52
PLAN - Planning & Transportation,EAD - Planning,,Large PaperClips,,,18,,CRINV0011809,,Paragon Customer Communications Limited,,,03/07/2025,,6.34
PLAN - Planning & Transportation,EAD - Planning,,2x DL Envelopes,,,19,,CRINV0011809,,Paragon Customer Communications Limited,,,03/07/2025,,45.12
PLAN - Planning & Transportation,EAD - Planning,,2x DL Envelopes,,,20,,CRINV0011809,,Paragon Customer Communications Limited,,,03/07/2025,,45.12
PLAN - Planning & Transportation,EAD - Planning,,Sellotape,,,21,,CRINV0011809,,Paragon Customer Communications Limited,,,03/07/2025,,14.60
PLAN - Planning & Transportation,EAD - Planning,,A3 Paper,,,22,,CRINV0011809,,Paragon Customer Communications Limited,,,03/07/2025,,71.16
PLAN - Planning & Transportation,EAD - Planning,,A3 Paper,,,23,,CRINV0011809,,Paragon Customer Communications Limited,,,03/07/2025,,71.16
PLAN - Planning & Transportation,EAD - Planning,,6x SQ Cut Folders,,,24,,CRINV0011809,,Paragon Customer Communications Limited,,,03/07/2025,,125.28
PLAN - Planning & Transportation,EAD - Planning,,5 Star Staples,,,25,,CRINV0011809,,Paragon Customer Communications Limited,,,03/07/2025,,1.01
PLAN - Planning & Transportation,EAD - Planning,,A3 Laminating Pouches,,,26,,CRINV0011809,,Paragon Customer Communications Limited,,,03/07/2025,,23.18
PLAN - Planning & Transportation,EAD - Planning,,A4 Notebooks,,,27,,CRINV0011809,,Paragon Customer Communications Limited,,,03/07/2025,,34.80
PLAN - Planning & Transportation,EAD - Planning,,Pink Highlighers,,,28,,CRINV0011809,,Paragon Customer Communications Limited,,,03/07/2025,,3.40
PLAN - Planning & Transportation,EAD - Planning,,Orange Highlighters,,,29,,CRINV0011809,,Paragon Customer Communications Limited,,,03/07/2025,,3.40
ENVS - Environmental Services,CAF - CVMU,,Temp staff w/e 29.6.25,,,1,,CRINV0011823,,Autotech Recruit,,,03/07/2025,,"1,287.60"
ENVS - Environmental Services,CAF - CVMU,,Period: 27.5.25 - 26.6.25,,,1,,CRINV0011827,,Water Plus - 4206400451 CVMU,,,03/07/2025,,508.27
RESO - Resources,AAF - Finance,,Monthly transaction charges,,,1,,CRINV0011845,,Allpay Ltd,,,03/07/2025,,"1,261.09"
REGN - Regeneration & Housing,FAG - Regeneration,,Temp staff 8.6.25,,,1,,CRPOI0011287,,Vivid Resourcing,,,03/07/2025,,"3,000.00"
ENVS - Environmental Services,CAB - Other Environmental Services,,2 X  - Selontra - 8KG ,,,1,,CRPOI0011307,,Killgerm Chemicals Ltd,,,03/07/2025,,358.13
REGN - Regeneration & Housing,FAA - Economic Development,,Hyndburn Business awards,,,1,,CRPOI0011364,,Love Local Solutions Limited,,,03/07/2025,,"1,365.00"
LEGL - Legal & Democratic,DAB - Human Resources,,Chain of custody call outs,,,1,,CRPOI0011431,,D Tec International,,,03/07/2025,,651.96
ENVS - Environmental Services,CAC - Parks & Cemeteries,,Bulbs ,,,1,,CRPOI0011674,,Lubbe & Sons (Bulbs) Ltd,,,03/07/2025,,"1,879.36"
ENVS - Environmental Services,CAC - Parks & Cemeteries,,Provide improvements to Game Street car park,,,1,,CRPOI0011745,,John Wade Groundworks Ltd,,,03/07/2025,,"4,629.31"
ENVS - Environmental Services,CAC - Parks & Cemeteries,,Grass Cutting Contract in Hyndburn for Season 2025,,,1,,CRPOI0011754,,Grounds Gardens & Trees Ltd,,,03/07/2025,,"21,631.20"
ENVS - Environmental Services,CAF - CVMU,,Renault Master L2H2 3.5T Van ,,,1,,CRPOI0011817,,JDS Trucks Ltd,,,03/07/2025,,"44,926.00"
ENVS - Environmental Services,CAD - Town Centre & Markets,,Hynd Sounds 2025,,,1,,CRINV0011308,,Accrington Community Events,,,08/07/2025,,"2,000.00"
PLAN - Planning & Transportation,EAD - Planning,,Staff 02.06.25,,,1,,CRINV0011386,,Oyster Partnership,,,08/07/2025,,"2,895.65"
RESO - Resources,AAG - Management Resources,,Copier charges,,,1,,CRINV0011440,,Aurora Managed Services Ltd,,,08/07/2025,,408.77
LEGL - Legal & Democratic,DAB - Human Resources,,Job Advert,,,1,,CRINV0011467,,Assoc. Of Electoral Administrators,,,08/07/2025,,805.20
ENVS - Environmental Services,CAF - CVMU,,Vehicle parts,,,1,,CRINV0011470,,Dennis Eagle Limited,,,08/07/2025,,"1,452.55"
ENVS - Environmental Services,CAF - CVMU,,Vehicle parts,,,1,,CRINV0011473,,Dennis Eagle Limited,,,08/07/2025,,374.66
ENVS - Environmental Services,CAF - CVMU,,Vehicle parts,,,1,,CRINV0011475,,Balmers Garden Machinery,,,08/07/2025,,447.21
ENVS - Environmental Services,CAF - CVMU,,Vehicle goods,,,1,,CRINV0011478,,Bucher Municipal Ltd,,,08/07/2025,,555.56
ENVH - Environmental Health,BAA - Housing Standards,,Agency staff - w/c 02.06.25,,,1,,CRINV0011481,,Oyster Partnership,,,08/07/2025,,967.20
ENVH - Environmental Health,BAA - Housing Standards,,Agency staff - w/c 02.06.25,,,1,,CRINV0011482,,Oyster Partnership,,,08/07/2025,,"1,188.72"
RESO - Resources,AAB - Benefits & Customer Contact,,Agency Costs W.E. 08/06/2025,,,1,,CRINV0011501,,Venn Group Limited,,,08/07/2025,,"1,278.28"
LEGL - Legal & Democratic,DAB - Human Resources,,recharge,,,1,,CRINV0011543,,Media Village,,,08/07/2025,,306.00
ENVS - Environmental Services,CAC - Parks & Cemeteries,,Agency staff - w/e 15.06.25,,,1,,CRINV0011577,,Rapid Recruitment Ltd,,,08/07/2025,,"1,608.05"
ENVS - Environmental Services,CAC - Parks & Cemeteries,,Temp Staff  02.06.25  ,,,1,,CRINV0011579,,Proman Supply Chain Ltd,,,08/07/2025,,"1,805.55"
RESO - Resources,AAF - Finance,,Lease Rental,,,1,,CRINV0011727,,Jcb Finance Ltd,,,08/07/2025,,"19,786.05"
RESO - Resources,AAF - Finance,,Lease Rental,,,2,,CRINV0011727,,Jcb Finance Ltd,,,08/07/2025,,"3,646.29"
RESO - Resources,AAG - Management Resources,,Lease Rental charges,,,1,,CRINV0011755,,Lex Autolease Ltd,,,08/07/2025,,374.87
RESO - Resources,AAG - Management Resources,,Lease rental charges,,,2,,CRINV0011755,,Lex Autolease Ltd,,,08/07/2025,,328.21
ENVS - Environmental Services,CAE - Waste Services,,Water 26.05.25 - 25.06.25 Towns Yard,,,1,,CRINV0011790,,Water Plus - 4082169237 Towns Yard & Plumber,,,08/07/2025,,"1,068.22"
REGN - Regeneration & Housing,FAF - Strategic Housing,,Affordable Warmth Grant,,,1,,CRINV0011842,,Rhea Projects,,,08/07/2025,,"1,714.61"
REGN - Regeneration & Housing,FAF - Strategic Housing,,Affordable Warmth Grant ,,,1,,CRINV0011844,,Rhea Projects,,,08/07/2025,,"2,205.00"
REGN - Regeneration & Housing,FAF - Strategic Housing,,Affordable Warmth Grant ,,,1,,CRINV0011846,,Rhea Projects,,,08/07/2025,,"1,555.20"
REGN - Regeneration & Housing,FAF - Strategic Housing,,Sffordable Warmth Grant,,,1,,CRINV0011847,,Rhea Projects,,,08/07/2025,,"3,742.20"
REGN - Regeneration & Housing,FAF - Strategic Housing,,Affordable Warmth Grant ,,,1,,CRINV0011871,,Artisan Windows,,,08/07/2025,,"4,040.00"
ENVS - Environmental Services,CAA - Environmental Maintenance,,High St Accelerator Grant,,,1,,CRINV0011879,,S & J Houldsworth,,,08/07/2025,,"2,500.00"
RESO - Resources,AAF - Finance,,Water Scaitcliffe May/Jun 25,,,1,,CRINV0011880,,Water Plus - 4081791400 Canteen Scaitcliffe House,,,08/07/2025,,876.62
PLAN - Planning & Transportation,EAA - Building Control,,Staff 27.06.25,,,1,,CRINV0011884,,Deekay Tech Recruitment Ltd,,,08/07/2025,,"1,466.90"
REGN - Regeneration & Housing,FAD - Housing Advice,,Rent - 24.6.25-24.7.25,,,1,,CRINV0011885,,Onward Homes,,,08/07/2025,,531.78
RESO - Resources,AAB - Benefits & Customer Contact,,Agency Costs P.E 02/06/2025,,,1,,CRINV0011900,,Eden Brown Limited,,,08/07/2025,,319.42
RESO - Resources,AAB - Benefits & Customer Contact,,Agency Costs T/S End 29/06/2025,,,1,,CRINV0011901,,Eden Brown Limited,,,08/07/2025,,"1,212.12"
RESO - Resources,AAB - Benefits & Customer Contact,,Postage June 25,,,1,,CRINV0011907,,Critiqom,,,08/07/2025,,"4,080.00"
RESO - Resources,AAB - Benefits & Customer Contact,,Postage June 25,,,2,,CRINV0011907,,Critiqom,,,08/07/2025,,881.96
REGN - Regeneration & Housing,FAB - Facilities,,Charges: 30.4.25-30.6.25,,,1,,CRINV0011928,,Crown Gas and Power Ltd - P001785 King George V Pl,,,08/07/2025,,279.67
ENVS - Environmental Services,CAA - Environmental Maintenance,,NEW NR Funding May 2025,,,1,,CRINV0011930,,CBRE Ltd,,,08/07/2025,,"11,818.78-"
ENVS - Environmental Services,CAA - Environmental Maintenance,,NEW NR Funding May 2025,,,2,,CRINV0011930,,CBRE Ltd,,,08/07/2025,,"10,404.67"
ENVS - Environmental Services,CAA - Environmental Maintenance,,NEW NR Funding May 2025,,,3,,CRINV0011930,,CBRE Ltd,,,08/07/2025,,"10,421.45"
ENVS - Environmental Services,CAB - Other Environmental Services,,Software and storage support & misc items,,,1,,CRINV0011947,,Pinnacle Response Ltd,,,08/07/2025,,954.00
ENVS - Environmental Services,CAB - Other Environmental Services,,Software and storage support & misc items,,,2,,CRINV0011947,,Pinnacle Response Ltd,,,08/07/2025,,487.20
REGN - Regeneration & Housing,FAD - Housing Advice,,Out of hours cover - May 2025,,,1,,CRINV0011962,,Maundy Relief,,,08/07/2025,,"1,240.00"
ENVS - Environmental Services,CAC - Parks & Cemeteries,,Plants,,,1,,CRPOI0011347,,Les Halman Nurseries Ltd,,,08/07/2025,,"4,359.62"
ENVS - Environmental Services,CAB - Other Environmental Services,,5 X - Yala Medium Black PF Nitrile ,,,1,,CRPOI0011355,,Gloveman Supplies Limited,,,08/07/2025,,174.00
ENVS - Environmental Services,CAB - Other Environmental Services,,5 X  - Sheild Degreasing Hand Wipes,,,2,,CRPOI0011355,,Gloveman Supplies Limited,,,08/07/2025,,23.70
ENVS - Environmental Services,CAB - Other Environmental Services,,5 X- GSL Wipes Canister Wall Mount Dispenser,,,3,,CRPOI0011355,,Gloveman Supplies Limited,,,08/07/2025,,87.00
REGN - Regeneration & Housing,FAA - Economic Development,,To:  AI overview workshop and Agentic AI workshop.,,,1,,CRPOI0011393,,Telana Limited,,,08/07/2025,,"2,400.00"
ENVS - Environmental Services,CAE - Waste Services,,To provid Highway weed control treatments ,,,1,,CRPOI0011433,,RM Services Ltd,,,08/07/2025,,"27,152.40"
ENVS - Environmental Services,CAE - Waste Services,,Annual service agreement for Karcher ,,,1,,CRPOI0011728,,Karcher UK Limited,,,08/07/2025,,"1,808.06"
REGN - Regeneration & Housing,FAB - Facilities,,Haworth Art Gallery - Intruder Alarm UpgradeInstallation ,,,1,,CRPOI0011763,,Full Circuit Fire & Security Ltd,,,08/07/2025,,344.29
ENVS - Environmental Services,CAC - Parks & Cemeteries,,4 Pairs X Folding 1.80m Loading Ramps ,,,1,,CRPOI0011767,,Spaldings Uk Ltd,,,08/07/2025,,427.20
REGN - Regeneration & Housing,FAB - Facilities,, Decommission and remove all old detectors and replace with new equipment ,,,1,,CRPOI0011787,,Full Circuit Fire & Security Ltd,,,08/07/2025,,"1,696.11"
ENVS - Environmental Services,CAC - Parks & Cemeteries,,800 x 70/30 Fine Turf Top Dressing 25kg ,,,1,,CRPOI0011794,,Agrovista Uk Limited,,,08/07/2025,,"3,542.40"
ENVS - Environmental Services,CAE - Waste Services,,2 x  Himalayan Safety Boots size 8,,,1,,CRPOI0011806,,"Bubbles, Brushes & Wiper Co Ltd",,,08/07/2025,,105.14
ENVS - Environmental Services,CAE - Waste Services,,3 x  Himalayan Safety Boots size 9,,,2,,CRPOI0011806,,"Bubbles, Brushes & Wiper Co Ltd",,,08/07/2025,,157.71
ENVS - Environmental Services,CAE - Waste Services,,3 x Himalayan Safety Boots - size 10,,,3,,CRPOI0011806,,"Bubbles, Brushes & Wiper Co Ltd",,,08/07/2025,,157.71
ENVS - Environmental Services,CAE - Waste Services,,2 x Blackrock Safety Trainer size 8,,,4,,CRPOI0011806,,"Bubbles, Brushes & Wiper Co Ltd",,,08/07/2025,,56.68
ENVS - Environmental Services,CAE - Waste Services,,2 x  Blackrock Safety Trainer size 9,,,5,,CRPOI0011806,,"Bubbles, Brushes & Wiper Co Ltd",,,08/07/2025,,56.68
ENVS - Environmental Services,CAE - Waste Services,,2 x Blackrock Safety Trainer size 10,,,6,,CRPOI0011806,,"Bubbles, Brushes & Wiper Co Ltd",,,08/07/2025,,56.68
ENVS - Environmental Services,CAE - Waste Services,,1 x Blackrock Safety Trainer size 11,,,7,,CRPOI0011806,,"Bubbles, Brushes & Wiper Co Ltd",,,08/07/2025,,28.34
ENVS - Environmental Services,CAE - Waste Services,,6 x Portwest Hi Vis Ballistic Trs Orange/Navy size M,,,8,,CRPOI0011806,,"Bubbles, Brushes & Wiper Co Ltd",,,08/07/2025,,229.46
ENVS - Environmental Services,CAE - Waste Services,,10 x Portwest Hi Vis Polo Size L,,,9,,CRPOI0011806,,"Bubbles, Brushes & Wiper Co Ltd",,,08/07/2025,,119.88
ENVS - Environmental Services,CAE - Waste Services,,100 X5 Sumo X5 Gloves Size 9,,,10,,CRPOI0011806,,"Bubbles, Brushes & Wiper Co Ltd",,,08/07/2025,,573.60
ENVS - Environmental Services,CAE - Waste Services,,50 X5 Sumo X5 Gloves Size 10,,,11,,CRPOI0011806,,"Bubbles, Brushes & Wiper Co Ltd",,,08/07/2025,,286.83
ENVS - Environmental Services,CAE - Waste Services,,5 x Yoko Hi Vis Vest Size L,,,12,,CRPOI0011806,,"Bubbles, Brushes & Wiper Co Ltd",,,08/07/2025,,11.96
ENVS - Environmental Services,CAE - Waste Services,,Supertouch Sweatshirt Orange/Navy Size M,,,13,,CRPOI0011806,,"Bubbles, Brushes & Wiper Co Ltd",,,08/07/2025,,62.35
RESO - Resources,AAF - Finance,,E-vouchers for Household Support Fund,,,1,,CRPOI0011949,,Blackhawk Network EMEA Ltd,,,08/07/2025,,"19,000.00"
REGN - Regeneration & Housing,FAB - Facilities,,gas bill,,,1,,CRINV0008244,,Crown Gas and Power Ltd - L054813 Ossy Civic Theat,,,10/07/2025,,481.37
REGN - Regeneration & Housing,FAB - Facilities,,Charges = 28.02.25 - 31.03.25,,,1,,CRINV0009790,,Crown Gas and Power Ltd - L054813 Ossy Civic Theat,,,10/07/2025,,538.93
ENVS - Environmental Services,CAF - CVMU,,Mirror Glass & Assembly,,,1,,CRINV0011471,,Dennis Eagle Limited,,,10/07/2025,,484.43
ENVH - Environmental Health,BAB - Environmental Protection,,Agency Costs P/E 15/06/2025,,,1,,CRINV0011488,,Vivid Resourcing,,,10/07/2025,,474.40
PLAN - Planning & Transportation,EAD - Planning,,Agency Costs P.E 15-Jun-2025,,,1,,CRINV0011494,,Vivid Resourcing,,,10/07/2025,,"2,142.00"
ENVS - Environmental Services,CAF - CVMU,,Motor parts,,,1,,CRINV0011514,,A&P Truck And Trailer Parts,,,10/07/2025,,312.65
PLAN - Planning & Transportation,EAD - Planning,,temp staff week 33 ,,,1,,CRINV0011555,,Confido Consult Ltd,,,10/07/2025,,"2,338.56"
LEGL - Legal & Democratic,DAG - Elections,,Postal Charges,,,1,,CRINV0011575,,Royal Mail Group Ltd,,,10/07/2025,,"3,265.16"
REGN - Regeneration & Housing,FAD - Housing Advice,,Temp staff  Period Ending: 15-Jun-2025,,,1,,CRINV0011610,,Vivid Resourcing,,,10/07/2025,,"1,368.00"
RESO - Resources,AAG - Management Resources,,Lease Rental,,,1,,CRINV0011612,,Lex Autolease Ltd,,,10/07/2025,,"1,994.40"
RESO - Resources,AAG - Management Resources,,Lease Rental,,,2,,CRINV0011612,,Lex Autolease Ltd,,,10/07/2025,,"1,994.40"
RESO - Resources,AAG - Management Resources,,Service Rental,,,3,,CRINV0011612,,Lex Autolease Ltd,,,10/07/2025,,830.30
RESO - Resources,AAF - Finance,,Ink Cartridge,,,1,,CRINV0011621,,Pitney Bowes Ltd,,,10/07/2025,,407.94
RESO - Resources,AAG - Management Resources,,Car lease,,,1,,CRINV0011678,,Athlon Mobility Services UK Ltd,,,10/07/2025,,"5,144.05"
RESO - Resources,AAG - Management Resources,,Car lease,,,2,,CRINV0011678,,Athlon Mobility Services UK Ltd,,,10/07/2025,,"5,144.04"
RESO - Resources,AAG - Management Resources,,Car lease,,,3,,CRINV0011678,,Athlon Mobility Services UK Ltd,,,10/07/2025,,"1,304.45"
RESO - Resources,AAG - Management Resources,,Annual Subs March 25 - April 26,,,1,,CRINV0011731,,North West Employers,,,10/07/2025,,"6,000.00"
ENVS - Environmental Services,CAE - Waste Services,,Hire of Jetter - 4.6.25,,,1,,CRINV0011746,,Monks Contractors Limited,,,10/07/2025,,840.00
RESO - Resources,AAG - Management Resources,,Wilson Field Leisure Centre Valuation 9,,,1,,CRINV0011867,,Alliance Leisure Services Limited,,,10/07/2025,,"1,181,467.72"
LEGL - Legal & Democratic,DAB - Human Resources,,Architectural services - Acc Market chambers,,,1,,CRINV0011888,,Buttress Architects Limited,,,10/07/2025,,"2,619.31"
PLAN - Planning & Transportation,EAD - Planning,,Archaeological advice - Year 2 - 25/26,,,1,,CRINV0011910,,Lancashire County Council,,,10/07/2025,,"2,367.00"
ENVS - Environmental Services,CAA - Environmental Maintenance,,timesheet payments,,,1,,CRINV0011959,,Rider Levett Bucknall Uk Ltd,,,10/07/2025,,"4,352.49"
ENVS - Environmental Services,CAA - Environmental Maintenance,,timesheet payments,,,2,,CRINV0011959,,Rider Levett Bucknall Uk Ltd,,,10/07/2025,,"4,352.51"
ENVS - Environmental Services,CAA - Environmental Maintenance,,timesheet payments,,,3,,CRINV0011959,,Rider Levett Bucknall Uk Ltd,,,10/07/2025,,"4,352.51"
ENVS - Environmental Services,CAA - Environmental Maintenance,,professional services,,,1,,CRINV0011963,,Ma Cost Consulting Limited,,,10/07/2025,,"10,341.99"
ENVS - Environmental Services,CAA - Environmental Maintenance,,professional services,,,2,,CRINV0011963,,Ma Cost Consulting Limited,,,10/07/2025,,"10,342.00"
ENVS - Environmental Services,CAA - Environmental Maintenance,,professional services,,,3,,CRINV0011963,,Ma Cost Consulting Limited,,,10/07/2025,,"10,342.01"
REGN - Regeneration & Housing,FAB - Facilities,,Charges - 01.06.25 - 30.06.25,,,1,,CRINV0011970,,Crown Gas and Power Ltd - P002258 Ossy Civic Theat,,,10/07/2025,,763.40
REGN - Regeneration & Housing,FAB - Facilities,,Gas charges - 30.11.24 - 31.12.24,,,1,,CRINV0011972,,Crown Gas and Power Ltd - L054813 Ossy Civic Theat,,,10/07/2025,,609.89
ENVS - Environmental Services,CAF - CVMU,,Staff 06.07.25,,,1,,CRINV0011981,,Autotech Recruit,,,10/07/2025,,"1,026.60"
RESO - Resources,AAD - ICT,,1 Year contract CAFMS Support and Maintenance 26/5/25-26/5/26 ,,,1,,CRPOI0011450,,Idox Software Ltd,,,10/07/2025,,"9,344.16"
REGN - Regeneration & Housing,FAB - Facilities,,"General repairs, breakdown and callouts",,,1,,CRPOI0011457,,Pilkington Bros (Church) Ltd,,,10/07/2025,,674.54
REGN - Regeneration & Housing,FAB - Facilities,,"General repairs, breakdown and callouts",,,1,,CRPOI0011525,,Pilkington Bros (Church) Ltd,,,10/07/2025,,262.34
RESO - Resources,AAD - ICT,,1x 1GB Managed internet connection Scaitcliffe house + Managed router ,,,1,,CRPOI0011541,,Lancashire County Council,,,10/07/2025,,"10,185.13"
ENVS - Environmental Services,CAC - Parks & Cemeteries,,10 X Sports renovation grass seed 20kilo ,,,1,,CRPOI0012032,,Origin Amenity Solutions,,,10/07/2025,,856.30
ENVS - Environmental Services,CAC - Parks & Cemeteries,,20 X Traditional Greens Grass Seed 20kilo ,,,2,,CRPOI0012032,,Origin Amenity Solutions,,,10/07/2025,,"2,266.80"
ENVS - Environmental Services,CAC - Parks & Cemeteries,,Service Charges,,,3,,CRPOI0012032,,Origin Amenity Solutions,,,10/07/2025,,42.00
ENVS - Environmental Services,CAF - CVMU,,Renault Traffic Van,,,1,,CRPOI0012037,,JDS Trucks Ltd,,,10/07/2025,,"35,786.40"
ENVS - Environmental Services,CAF - CVMU,,RFL & DVSA REG FEE,,,2,,CRPOI0012037,,JDS Trucks Ltd,,,10/07/2025,,400.00
ENVS - Environmental Services,CAF - CVMU,,Renault Traffic Van,,,1,,CRPOI0012041,,JDS Trucks Ltd,,,10/07/2025,,"35,786.40"
ENVS - Environmental Services,CAF - CVMU,,RFL & DVSA REG FEE,,,2,,CRPOI0012041,,JDS Trucks Ltd,,,10/07/2025,,400.00
ENVS - Environmental Services,CAF - CVMU,,Renault Traffic Van,,,1,,CRPOI0012044,,JDS Trucks Ltd,,,10/07/2025,,"35,937.60"
ENVS - Environmental Services,CAF - CVMU,,RFL & DVSA REG FEE,,,2,,CRPOI0012044,,JDS Trucks Ltd,,,10/07/2025,,400.00
ENVS - Environmental Services,CAF - CVMU,,Renault Traffic Van,,,1,,CRPOI0012047,,JDS Trucks Ltd,,,10/07/2025,,"35,937.60"
ENVS - Environmental Services,CAF - CVMU,,RFL & DVSA REG FEE,,,2,,CRPOI0012047,,JDS Trucks Ltd,,,10/07/2025,,400.00
PLAN - Planning & Transportation,EAB - Engineers & Transportation,,Installation of street name plates,,,1,,CRINV0011534,,Marchbridge Builders Ltd,,,15/07/2025,,"2,583.60"
ENVH - Environmental Health,BAA - Housing Standards,,Agency staff - w/c 09.06.25,,,1,,CRINV0011537,,Oyster Partnership,,,15/07/2025,,"1,029.60"
ENVH - Environmental Health,BAA - Housing Standards,,Agency staff - w/c 09.06.25,,,1,,CRINV0011547,,Oyster Partnership,,,15/07/2025,,"1,310.40"
REGN - Regeneration & Housing,FAC - Haworth Art Gallery,,Music Licence,,,1,,CRINV0011548,,Ppl Prs Ltd,,,15/07/2025,,303.82
ENVS - Environmental Services,CAC - Parks & Cemeteries,,Temp Staff 09.06.25,,,1,,CRINV0011580,,Proman Supply Chain Ltd,,,15/07/2025,,"1,805.55"
ENVS - Environmental Services,CAD - Town Centre & Markets,,Eco Fest 25,,,1,,CRINV0011585,,The Prospects Foundation,,,15/07/2025,,"3,500.00"
REGN - Regeneration & Housing,FAD - Housing Advice,,invoice 27/05/25 - 15/06/25,,,1,,CRINV0011592,,Onward Homes,,,15/07/2025,,354.14
REGN - Regeneration & Housing,FAB - Facilities,,09.07.25 - 08.07.26 Service Period,,,1,,CRINV0011593,,Imserv Europe Ltd,,,15/07/2025,,327.71
RESO - Resources,AAB - Benefits & Customer Contact,,Agency staff - w/e 15.06.25,,,1,,CRINV0011613,,Venn Group Limited,,,15/07/2025,,"1,278.28"
ENVS - Environmental Services,CAF - CVMU,,Atego Caliper,,,1,,CRINV0011638,,A&P Truck And Trailer Parts,,,15/07/2025,,522.00
REGN - Regeneration & Housing,FAC - Haworth Art Gallery,,Wedding catering Jun/Jul/Aug 2025,,,1,,CRINV0011657,,S.R.S. Catering Ltd,,,15/07/2025,,"10,250.00"
REGN - Regeneration & Housing,FAF - Strategic Housing,,Telephone Interpreting Services,,,1,,CRINV0011733,,Clear Voice,,,15/07/2025,,418.97
ENVS - Environmental Services,CAB - Other Environmental Services,,Hire of vehicle 18.6.25,,,1,,CRINV0011738,,Stanley Brothers (Tippers) Ltd,,,15/07/2025,,744.00
ENVS - Environmental Services,CAA - Environmental Maintenance,,Copying charges,,,1,,CRINV0011742,,Aurora Managed Services Ltd,,,15/07/2025,,439.89
ENVS - Environmental Services,CAE - Waste Services,,Waste services staff 22.06.25,,,1,,CRINV0011793,,Rapid Recruitment Ltd,,,15/07/2025,,785.88
ENVS - Environmental Services,CAC - Parks & Cemeteries,,Staff 22.06.25,,,1,,CRINV0011797,,Rapid Recruitment Ltd,,,15/07/2025,,"1,570.94"
ENVS - Environmental Services,CAC - Parks & Cemeteries,,Staff 22.06.25,,,1,,CRINV0011798,,Rapid Recruitment Ltd,,,15/07/2025,,628.79
ENVS - Environmental Services,CAF - CVMU,,Car parts,,,1,,CRINV0011983,,Bucher Municipal Ltd,,,15/07/2025,,325.44
RESO - Resources,AAF - Finance,,Fee - First instalment (Milestone 1) - External Audit 24-25,,,1,,CRINV0012049,,Forvis Mazars LLP,,,15/07/2025,,"45,068.40"
RESO - Resources,AAF - Finance,,Commericial Combined Insurance 01/04/2025 - 31/03/2026,,,1,,CRINV0012054,,AON Uk Limited,,,15/07/2025,,"6,492.12"
ENVS - Environmental Services,CAC - Parks & Cemeteries,,Buriel Services - June 2025,,,1,,CRINV0012066,,James O Garnett Ltd,,,15/07/2025,,"1,920.00"
ENVS - Environmental Services,CAF - CVMU,,Chair,,,1,,CRINV0012069,,Bevlan Office Interiors Ltd,,,15/07/2025,,374.94
ENVS - Environmental Services,CAC - Parks & Cemeteries,,Charges - 03.06.25 - 02.07.25,,,1,,CRINV0012083,,Water Plus - 6002491027 White Ash Playing Fields,,,15/07/2025,,307.49
LEGL - Legal & Democratic,DAB - Human Resources,,Standard lisitng,,,1,,CRINV0012122,,Jobs Go Public Ressourcing Ltd,,,15/07/2025,,720.00
ENVS - Environmental Services,CAE - Waste Services,,"5 x 12 Month Contel DVR/Camera and Subscription/Sims charges 
PN24 FVH - May 25
PN24 FVG - May 25
LD73 VZF - December 24
LD73 VZE - December 24
LD73 VZC - December 24",,,1,,CRPOI0011499,,Contel Ltd,,,15/07/2025,,612.00
ENVS - Environmental Services,CAE - Waste Services,,"5 x 12 Month Contel DVR/Camera and Subscription/Sims charges 
PN24 FVH - May 25
PN24 FVG - May 25
LD73 VZF - December 24
LD73 VZE - December 24
LD73 VZC - December 24",,,2,,CRPOI0011499,,Contel Ltd,,,15/07/2025,,918.00
REGN - Regeneration & Housing,FAB - Facilities,,"General repairs, breakdown and callouts",,,1,,CRPOI0011562,,Pilkington Bros (Church) Ltd,,,15/07/2025,,852.86
RESO - Resources,AAB - Benefits & Customer Contact,,Support & Maintenance Licence,,,1,,CRPOI0011565,,Nec Software Solutions Uk Ltd,,,15/07/2025,,337.24
ENVS - Environmental Services,CAC - Parks & Cemeteries,,Plants ,,,1,,CRPOI0011630,,J A Jones And Sons,,,15/07/2025,,"7,088.40"
ENVS - Environmental Services,CAF - CVMU,,Renault Traffic Van,,,1,,CRPOI0012040,,JDS Trucks Ltd,,,15/07/2025,,"35,786.40"
ENVS - Environmental Services,CAF - CVMU,,RFL & DVSA REG FEE,,,2,,CRPOI0012040,,JDS Trucks Ltd,,,15/07/2025,,400.00
RESO - Resources,AAC - Chief Executive,,Annual Membership Fee 2025/2026,,,1,,CRINV0010233,,District Councils Network,,,17/07/2025,,"2,900.40"
RESO - Resources,AAF - Finance,,COF Match Funding for Mercer Hall,,,1,,CRINV0011561,,Hyndburn Leisure,,,17/07/2025,,"68,029.50"
REGN - Regeneration & Housing,FAD - Housing Advice,,Temp Staff w/e 22.6.25,,,1,,CRINV0011623,,Vivid Resourcing,,,17/07/2025,,"1,710.00"
ENVS - Environmental Services,CAF - CVMU,,Active XLS,,,1,,CRINV0011645,,Hope & Brown Ltd,,,17/07/2025,,256.80
ENVS - Environmental Services,CAC - Parks & Cemeteries,,Music Licence,,,1,,CRINV0011652,,Ppl Prs Ltd,,,17/07/2025,,"2,627.33"
ENVS - Environmental Services,CAF - CVMU,,Repair & paint 2 small panels,,,1,,CRINV0011654,,Summit Auto Bodies,,,17/07/2025,,381.60
LEGL - Legal & Democratic,DAG - Elections,,"Print/Laser, Enclose, Despatch, Postage",,,1,,CRINV0011721,,Civica Election Services,,,17/07/2025,,394.51
ENVS - Environmental Services,CAC - Parks & Cemeteries,,Lock Box with logo,,,1,,CRINV0011723,,Teleshore (Uk) Ltd,,,17/07/2025,,"1,482.60"
ENVS - Environmental Services,CAD - Town Centre & Markets,,Bunting - Great Harwood,,,1,,CRINV0011735,,Lighting And Building Services Ltd,,,17/07/2025,,900.00
RESO - Resources,AAF - Finance,,Precept - July 25,,,1,,CRINV0011899,,Lancashire County Council (Direct Debit Payments),,,17/07/2025,,"3,847,031.00"
RESO - Resources,AAF - Finance,,Precept - July 25,,,2,,CRINV0011899,,Lancashire County Council (Direct Debit Payments),,,17/07/2025,,"38,937.00-"
RESO - Resources,AAF - Finance,,Precept - July 25,,,3,,CRINV0011899,,Lancashire County Council (Direct Debit Payments),,,17/07/2025,,"225,024.00"
RESO - Resources,AAF - Finance,,Precept - July 25,,,4,,CRINV0011899,,Lancashire County Council (Direct Debit Payments),,,17/07/2025,,"12,820.00"
RESO - Resources,AAF - Finance,,Precept - July 25,,,5,,CRINV0011899,,Lancashire County Council (Direct Debit Payments),,,17/07/2025,,"198,869.00"
RESO - Resources,AAF - Finance,,Precept - July 25,,,6,,CRINV0011899,,Lancashire County Council (Direct Debit Payments),,,17/07/2025,,"1,996.00-"
RESO - Resources,AAF - Finance,,Precept - July 25,,,7,,CRINV0011899,,Lancashire County Council (Direct Debit Payments),,,17/07/2025,,"25,003.00"
RESO - Resources,AAF - Finance,,Precept - July 25,,,8,,CRINV0011899,,Lancashire County Council (Direct Debit Payments),,,17/07/2025,,"1,425.00"
RESO - Resources,AAF - Finance,,Precept - July 25,,,9,,CRINV0011899,,Lancashire County Council (Direct Debit Payments),,,17/07/2025,,"614,802.00"
RESO - Resources,AAF - Finance,,Precept - July 25,,,10,,CRINV0011899,,Lancashire County Council (Direct Debit Payments),,,17/07/2025,,"6,203.00-"
ENVS - Environmental Services,CAE - Waste Services,,suppy 2 main boards to Somers mobile column,,,1,,CRINV0011988,,Mrb Workshop Services,,,17/07/2025,,"6,453.72"
REGN - Regeneration & Housing,FAC - Haworth Art Gallery,,Artist Sales,,,1,,CRINV0012013,,Glasform,,,17/07/2025,,463.00
REGN - Regeneration & Housing,FAC - Haworth Art Gallery,,Artis sales Less Commission,,,2,,CRINV0012013,,Glasform,,,17/07/2025,,166.68-
PLAN - Planning & Transportation,EAD - Planning,,Agency staff - w/e 15.06.25,,,1,,CRINV0012059,,Macdonald & Company,,,17/07/2025,,721.61
PLAN - Planning & Transportation,EAD - Planning,,Agency staff - w/e 15.06.25,,,2,,CRINV0012059,,Macdonald & Company,,,17/07/2025,,721.59
PLAN - Planning & Transportation,EAD - Planning,,Agency staff - w/e 29.06.25 & 06.07.25,,,1,,CRINV0012067,,Macdonald & Company,,,17/07/2025,,"1,580.56"
PLAN - Planning & Transportation,EAD - Planning,,Agency staff - w/e 29.06.25 & 06.07.25,,,2,,CRINV0012067,,Macdonald & Company,,,17/07/2025,,"1,580.54"
ENVS - Environmental Services,CAE - Waste Services,,Temp staff w/e 1.6.25,,,1,,CRINV0012070,,Rapid Recruitment Ltd,,,17/07/2025,,628.70
ENVS - Environmental Services,CAE - Waste Services,,Hazardous Wastebag Service,,,1,,CRINV0012080,,Rentokil Initial Uk Ltd,,,17/07/2025,,334.66
ENVH - Environmental Health,BAB - Environmental Protection,,Charges: 26.3.25-26.3.25,,,1,,CRINV0012095,,La Support Ltd,,,17/07/2025,,786.24
REGN - Regeneration & Housing,FAB - Facilities,,Charges - 01.06.25 - 30.06.25,,,1,,CRINV0012105,,SSE 8700906741 Christmas Lighting,,,17/07/2025,,578.20
REGN - Regeneration & Housing,FAB - Facilities,,Charges - 01.06.25 - 30.06.25,,,1,,CRINV0012106,,NPOWER - A0010655700 -Accrington Market Hall,,,17/07/2025,,662.50
ENVS - Environmental Services,CAA - Environmental Maintenance,,Scape NCF E & W,,,1,,CRINV0012124,,Morgan Sindall Construction & Infrastructure Ltd,,,17/07/2025,,"86,579.56"
ENVS - Environmental Services,CAA - Environmental Maintenance,,SCAPE NCF E & W,,,2,,CRINV0012124,,Morgan Sindall Construction & Infrastructure Ltd,,,17/07/2025,,"25,789.65"
ENVS - Environmental Services,CAA - Environmental Maintenance,,SCAPE NCF E & W,,,3,,CRINV0012124,,Morgan Sindall Construction & Infrastructure Ltd,,,17/07/2025,,"71,842.59"
RESO - Resources,AAF - Finance,,June 25,,,1,,CRINV0012125,,Lloyds Bank Cardnet,,,17/07/2025,,"3,084.56"
REGN - Regeneration & Housing,FAB - Facilities,,"Amenity Lighting 06.05.25 ?
  01.06.25",,,1,,CRINV0012127,,EDF Energy - 9044031649 Consolidated Invoice,,,17/07/2025,,58.91
REGN - Regeneration & Housing,FAB - Facilities,,Amenity Lighting 06.05.25 ? 01.06.25,,,2,,CRINV0012127,,EDF Energy - 9044031649 Consolidated Invoice,,,17/07/2025,,"1,737.86"
REGN - Regeneration & Housing,FAB - Facilities,,Amenity Lighting 06.05.25 ? 01.06.25,,,3,,CRINV0012127,,EDF Energy - 9044031649 Consolidated Invoice,,,17/07/2025,,638.21
REGN - Regeneration & Housing,FAB - Facilities,,Amenity Lighting 06.05.25 ? 01.06.25,,,4,,CRINV0012127,,EDF Energy - 9044031649 Consolidated Invoice,,,17/07/2025,,"1,374.59"
REGN - Regeneration & Housing,FAB - Facilities,,Amenity Lighting 06.05.25 ? 01.06.25,,,5,,CRINV0012127,,EDF Energy - 9044031649 Consolidated Invoice,,,17/07/2025,,117.81
RESO - Resources,AAF - Finance,,Barclays LOBO interest repayment on 06.08.25,,,1,,CRINV0012131,,Barclays Capital,,,17/07/2025,,"121,573.97"
RESO - Resources,AAF - Finance,,HMRC June 25 Tax,,,1,,CRINV0012141,,HM Revenue & Customs (Direct Debit),,,17/07/2025,,"96,099.25"
RESO - Resources,AAF - Finance,,HMRC June 25 Student Loans,,,2,,CRINV0012141,,HM Revenue & Customs (Direct Debit),,,17/07/2025,,"1,976.00"
RESO - Resources,AAF - Finance,,HMRC Apprentieship Levy June 25,,,3,,CRINV0012141,,HM Revenue & Customs (Direct Debit),,,17/07/2025,,"2,727.00"
RESO - Resources,AAF - Finance,,HMRC NI June 25,,,4,,CRINV0012141,,HM Revenue & Customs (Direct Debit),,,17/07/2025,,"134,885.70"
RESO - Resources,AAF - Finance,,Maternity Pay June 25,,,5,,CRINV0012141,,HM Revenue & Customs (Direct Debit),,,17/07/2025,,688.83-
RESO - Resources,AAF - Finance,,Shared Parental Pay June 25,,,6,,CRINV0012141,,HM Revenue & Customs (Direct Debit),,,17/07/2025,,24.61-
RESO - Resources,AAF - Finance,,Class 1A NIC - Expenses & Benefits,,,7,,CRINV0012141,,HM Revenue & Customs (Direct Debit),,,17/07/2025,,"6,323.71"
RESO - Resources,AAF - Finance,,Charges - 01.05.25 - 31.05.25,,,1,,CRINV0012144,,G4S Cash Solutions (UK) Limited,,,17/07/2025,,819.12
ENVS - Environmental Services,CAF - CVMU,,Staff 13.07.25,,,1,,CRINV0012145,,Autotech Recruit,,,17/07/2025,,"1,287.60"
ENVS - Environmental Services,CAF - CVMU,,Parts,,,1,,CRINV0012151,,Rob Mercer,,,17/07/2025,,97.99
ENVS - Environmental Services,CAF - CVMU,,Labour,,,2,,CRINV0012151,,Rob Mercer,,,17/07/2025,,500.00
ENVS - Environmental Services,CAF - CVMU,,Parts,,,1,,CRINV0012153,,Rob Mercer,,,17/07/2025,,457.96
ENVS - Environmental Services,CAF - CVMU,,Labour,,,2,,CRINV0012153,,Rob Mercer,,,17/07/2025,,200.00
REGN - Regeneration & Housing,FAB - Facilities,,"Amenity Lighting 02.06.25 ?
  01.07.25",,,1,,CRINV0012179,,EDF Energy - 9044031649 Consolidated Invoice,,,17/07/2025,,18.76
REGN - Regeneration & Housing,FAB - Facilities,,Amenity Lighting 02.06.25 ? 01.07.25,,,2,,CRINV0012179,,EDF Energy - 9044031649 Consolidated Invoice,,,17/07/2025,,553.40
REGN - Regeneration & Housing,FAB - Facilities,,Amenity Lighting 02.06.25 ? 01.07.25,,,3,,CRINV0012179,,EDF Energy - 9044031649 Consolidated Invoice,,,17/07/2025,,203.22
REGN - Regeneration & Housing,FAB - Facilities,,Amenity Lighting 02.06.25 ? 01.07.25,,,4,,CRINV0012179,,EDF Energy - 9044031649 Consolidated Invoice,,,17/07/2025,,437.71
REGN - Regeneration & Housing,FAB - Facilities,,Amenity Lighting 02.06.25 ? 01.07.25,,,5,,CRINV0012179,,EDF Energy - 9044031649 Consolidated Invoice,,,17/07/2025,,37.51
REGN - Regeneration & Housing,FAB - Facilities,,"Amenity Lighting 02.06.25 ?
  01.07.25",,,1,,CRINV0012180,,EDF Energy - 9044031649 Consolidated Invoice,,,17/07/2025,,65.46
REGN - Regeneration & Housing,FAB - Facilities,,Amenity Lighting 02.06.25 ? 01.07.25,,,2,,CRINV0012180,,EDF Energy - 9044031649 Consolidated Invoice,,,17/07/2025,,"1,930.97"
REGN - Regeneration & Housing,FAB - Facilities,,Amenity Lighting 02.06.25 ? 01.07.25,,,3,,CRINV0012180,,EDF Energy - 9044031649 Consolidated Invoice,,,17/07/2025,,709.10
REGN - Regeneration & Housing,FAB - Facilities,,Amenity Lighting 02.06.25 ? 01.07.25,,,4,,CRINV0012180,,EDF Energy - 9044031649 Consolidated Invoice,,,17/07/2025,,"1,527.31"
REGN - Regeneration & Housing,FAB - Facilities,,Amenity Lighting 02.06.25 ? 01.07.25,,,5,,CRINV0012180,,EDF Energy - 9044031649 Consolidated Invoice,,,17/07/2025,,130.91
REGN - Regeneration & Housing,FAB - Facilities,,"Amenity Lighting 27.05.25 ?
  01.06.25",,,1,,CRINV0012181,,EDF Energy - 9044031649 Consolidated Invoice,,,17/07/2025,,3.76
REGN - Regeneration & Housing,FAB - Facilities,,Amenity Lighting 27.05.25 ? 01.06.25,,,2,,CRINV0012181,,EDF Energy - 9044031649 Consolidated Invoice,,,17/07/2025,,110.68
REGN - Regeneration & Housing,FAB - Facilities,,Amenity Lighting 27.05.25 ? 01.06.25,,,3,,CRINV0012181,,EDF Energy - 9044031649 Consolidated Invoice,,,17/07/2025,,40.64
REGN - Regeneration & Housing,FAB - Facilities,,Amenity Lighting 27.05.25 ? 01.06.25,,,4,,CRINV0012181,,EDF Energy - 9044031649 Consolidated Invoice,,,17/07/2025,,87.54
REGN - Regeneration & Housing,FAB - Facilities,,Amenity Lighting 27.05.25 ? 01.06.25,,,5,,CRINV0012181,,EDF Energy - 9044031649 Consolidated Invoice,,,17/07/2025,,7.50
PLAN - Planning & Transportation,EAD - Planning,,Agency staff - w/e 13.07.25,,,1,,CRINV0012187,,Macdonald & Company,,,17/07/2025,,858.95
PLAN - Planning & Transportation,EAD - Planning,,Agency staff - w/e 13.07.25,,,2,,CRINV0012187,,Macdonald & Company,,,17/07/2025,,858.95
REGN - Regeneration & Housing,FAB - Facilities,,"Site 1 02/06/2025 - 01/07/2025 Haworth
  Park",,,1,,CRINV0012188,,EDF Energy - 9044031649 Consolidated Invoice,,,17/07/2025,,776.49
REGN - Regeneration & Housing,FAB - Facilities,,"Site 2 02/06/2025 -
  01/07/2025 Crematorium Burnley Road",,,2,,CRINV0012188,,EDF Energy - 9044031649 Consolidated Invoice,,,17/07/2025,,"1,690.19"
REGN - Regeneration & Housing,FAB - Facilities,,"Site 3 02/06/2025 -
  01/07/2025 Service Building Great Harwood Ceme",,,3,,CRINV0012188,,EDF Energy - 9044031649 Consolidated Invoice,,,17/07/2025,,224.71
REGN - Regeneration & Housing,FAB - Facilities,,"Site 4 01/06/2025 -
  30/06/2025 Memorial Park Church Lane",,,4,,CRINV0012188,,EDF Energy - 9044031649 Consolidated Invoice,,,17/07/2025,,230.61
REGN - Regeneration & Housing,FAB - Facilities,,"01/06/2025 -
  30/06/2025 Vehicle Maintenance Depot",,,5,,CRINV0012188,,EDF Energy - 9044031649 Consolidated Invoice,,,17/07/2025,,"2,245.06"
REGN - Regeneration & Housing,FAB - Facilities,,"Site 5 01/06/2025 -
  30/06/2025 Foxhill Bank Pavillion",,,6,,CRINV0012188,,EDF Energy - 9044031649 Consolidated Invoice,,,17/07/2025,,325.21
REGN - Regeneration & Housing,FAB - Facilities,,"Site 6 02/06/2025 -
  01/07/2025 Free Gardeners Bowling Green",,,7,,CRINV0012188,,EDF Energy - 9044031649 Consolidated Invoice,,,17/07/2025,,25.90
REGN - Regeneration & Housing,FAB - Facilities,,"Site 7 01/06/2025 -
  30/06/2025 Peel Park Bowling Kiosk",,,8,,CRINV0012188,,EDF Energy - 9044031649 Consolidated Invoice,,,17/07/2025,,69.58
REGN - Regeneration & Housing,FAB - Facilities,,"Site 8 01/06/2025 -
  30/06/2025 Feeder Pillar Rear of Accrington To",,,9,,CRINV0012188,,EDF Energy - 9044031649 Consolidated Invoice,,,17/07/2025,,47.45
REGN - Regeneration & Housing,FAB - Facilities,,"Site 9 01/06/2025 -
  30/06/2025 Bowls House Rhyddings Park",,,10,,CRINV0012188,,EDF Energy - 9044031649 Consolidated Invoice,,,17/07/2025,,58.81
REGN - Regeneration & Housing,FAB - Facilities,,"Site 11 01/04/2025 -
  15/04/2025 20 Environmental Health Offices",,,11,,CRINV0012188,,EDF Energy - 9044031649 Consolidated Invoice,,,17/07/2025,,"2,251.17-"
REGN - Regeneration & Housing,FAB - Facilities,,"Site 11 01/04/2025 -
  15/04/2025 20 Environmental Health Offices",,,12,,CRINV0012188,,EDF Energy - 9044031649 Consolidated Invoice,,,17/07/2025,,"1,780.91"
REGN - Regeneration & Housing,FAB - Facilities,,"Site 12 02/06/2025 -
  01/07/2025 Mess Room Memorial Park",,,13,,CRINV0012188,,EDF Energy - 9044031649 Consolidated Invoice,,,17/07/2025,,14.86
REGN - Regeneration & Housing,FAB - Facilities,,"Site 13 02/06/2025 -
  01/07/2025 Elmfield Hall Flats - Communal Ligh",,,14,,CRINV0012188,,EDF Energy - 9044031649 Consolidated Invoice,,,17/07/2025,,28.97
REGN - Regeneration & Housing,FAB - Facilities,,"Site 14 02/06/2025 -
  01/07/2025 Bandstand Oakhill Park",,,15,,CRINV0012188,,EDF Energy - 9044031649 Consolidated Invoice,,,17/07/2025,,35.90
REGN - Regeneration & Housing,FAB - Facilities,,"01/06/2025 -
  30/06/2025 Scaitcliffe House",,,16,,CRINV0012188,,EDF Energy - 9044031649 Consolidated Invoice,,,17/07/2025,,"6,035.75"
REGN - Regeneration & Housing,FAB - Facilities,,"Site 15 02/12/2021 -
  01/01/2022 Unit 15 The Market hall",,,17,,CRINV0012188,,EDF Energy - 9044031649 Consolidated Invoice,,,17/07/2025,,547.33-
REGN - Regeneration & Housing,FAB - Facilities,,"Site 15 02/01/2022 -
  01/02/2022 Unit 15 The Market hall",,,18,,CRINV0012188,,EDF Energy - 9044031649 Consolidated Invoice,,,17/07/2025,,580.70-
REGN - Regeneration & Housing,FAB - Facilities,,"Site 15 02/02/2022 -
  01/03/2022 Unit 15 The Market hall",,,19,,CRINV0012188,,EDF Energy - 9044031649 Consolidated Invoice,,,17/07/2025,,518.91-
REGN - Regeneration & Housing,FAB - Facilities,,"Site 15 02/03/2022 -
  01/04/2022 Unit 15 The Market hall",,,20,,CRINV0012188,,EDF Energy - 9044031649 Consolidated Invoice,,,17/07/2025,,521.79-
REGN - Regeneration & Housing,FAB - Facilities,,"Site 15 02/04/2022 -
  01/05/2022 Unit 15 The Market hall",,,21,,CRINV0012188,,EDF Energy - 9044031649 Consolidated Invoice,,,17/07/2025,,417.93-
REGN - Regeneration & Housing,FAB - Facilities,,"Site 15 02/05/2022 -
  01/06/2022 Unit 15 The Market hall",,,22,,CRINV0012188,,EDF Energy - 9044031649 Consolidated Invoice,,,17/07/2025,,351.72-
REGN - Regeneration & Housing,FAB - Facilities,,"Site 15 02/06/2022 -
  01/07/2022 Unit 15 The Market hall",,,23,,CRINV0012188,,EDF Energy - 9044031649 Consolidated Invoice,,,17/07/2025,,317.58-
REGN - Regeneration & Housing,FAB - Facilities,,"Site 15 02/07/2022 -
  01/08/2022 Unit 15 The Market hall",,,24,,CRINV0012188,,EDF Energy - 9044031649 Consolidated Invoice,,,17/07/2025,,311.82-
REGN - Regeneration & Housing,FAB - Facilities,,"Site 15 02/08/2022 -
  01/09/2022 Unit 15 The Market hall",,,25,,CRINV0012188,,EDF Energy - 9044031649 Consolidated Invoice,,,17/07/2025,,300.10-
REGN - Regeneration & Housing,FAB - Facilities,,"Site 15 02/09/2022 -
  30/09/2022 Unit 15 The Market hall",,,26,,CRINV0012188,,EDF Energy - 9044031649 Consolidated Invoice,,,17/07/2025,,330.33-
REGN - Regeneration & Housing,FAB - Facilities,,"Site 16 01/06/2025 -
  30/06/2025 Floodlighting Mercer House",,,27,,CRINV0012188,,EDF Energy - 9044031649 Consolidated Invoice,,,17/07/2025,,28.20
REGN - Regeneration & Housing,FAB - Facilities,,"Site 17 02/06/2025 -
  01/07/2025 Oakhill Park Centre",,,28,,CRINV0012188,,EDF Energy - 9044031649 Consolidated Invoice,,,17/07/2025,,279.54
REGN - Regeneration & Housing,FAB - Facilities,,"01/06/2025 -
  30/06/2025 Accrington Market Hall",,,29,,CRINV0012188,,EDF Energy - 9044031649 Consolidated Invoice,,,17/07/2025,,"3,011.23"
REGN - Regeneration & Housing,FAB - Facilities,,"Site 19 02/06/2025 -
  10/06/2025 Wilsons Playing Fields",,,30,,CRINV0012188,,EDF Energy - 9044031649 Consolidated Invoice,,,17/07/2025,,862.54
REGN - Regeneration & Housing,FAB - Facilities,,"Site 20 02/06/2025 -
  01/07/2025 Dill Hall Cemetry",,,31,,CRINV0012188,,EDF Energy - 9044031649 Consolidated Invoice,,,17/07/2025,,25.70
REGN - Regeneration & Housing,FAB - Facilities,,"Site 21 02/06/2025 -
  01/07/2025 Haworth Art Gallery",,,32,,CRINV0012188,,EDF Energy - 9044031649 Consolidated Invoice,,,17/07/2025,,"1,191.54"
REGN - Regeneration & Housing,FAB - Facilities,,"Site 22 02/06/2025 -
  01/07/2025 Wilson Playing Fields",,,33,,CRINV0012188,,EDF Energy - 9044031649 Consolidated Invoice,,,17/07/2025,,"1,125.55"
REGN - Regeneration & Housing,FAB - Facilities,,"Site 23 01/06/2025 -
  30/06/2025 Gatty Park Greenhouse Site",,,34,,CRINV0012188,,EDF Energy - 9044031649 Consolidated Invoice,,,17/07/2025,,38.62
REGN - Regeneration & Housing,FAB - Facilities,,"Site 24 02/09/2022 -
  21/09/2022 Willows Lane Depot",,,35,,CRINV0012188,,EDF Energy - 9044031649 Consolidated Invoice,,,17/07/2025,,868.39-
REGN - Regeneration & Housing,FAB - Facilities,,"Site 24 02/09/2022 -
  30/09/2022 Willows Lane Depot",,,36,,CRINV0012188,,EDF Energy - 9044031649 Consolidated Invoice,,,17/07/2025,,"1,404.90"
REGN - Regeneration & Housing,FAB - Facilities,,"Site 24 22/09/2022 -
  22/10/2022 Willows Lane Depot",,,37,,CRINV0012188,,EDF Energy - 9044031649 Consolidated Invoice,,,17/07/2025,,"1,525.84-"
REGN - Regeneration & Housing,FAB - Facilities,,"02/06/2025 -
  01/07/2025 RANGER STREET DEPOT",,,38,,CRINV0012188,,EDF Energy - 9044031649 Consolidated Invoice,,,17/07/2025,,160.99
REGN - Regeneration & Housing,FAB - Facilities,,"Site 25 02/06/2025 -
  01/07/2025 Wall of Rememberence Burnley Rd",,,39,,CRINV0012188,,EDF Energy - 9044031649 Consolidated Invoice,,,17/07/2025,,18.49
REGN - Regeneration & Housing,FAB - Facilities,,"Site 26 01/06/2025 -
  30/06/2025 Bowl Houses Milnshaw Park",,,40,,CRINV0012188,,EDF Energy - 9044031649 Consolidated Invoice,,,17/07/2025,,61.89
REGN - Regeneration & Housing,FAB - Facilities,,"Site 27 02/06/2025 -
  01/07/2025 The Stable & Motor House",,,41,,CRINV0012188,,EDF Energy - 9044031649 Consolidated Invoice,,,17/07/2025,,431.98
REGN - Regeneration & Housing,FAB - Facilities,,"Site 28 02/06/2025 -
  01/07/2025 Cemetery Office Burnley Rd",,,42,,CRINV0012188,,EDF Energy - 9044031649 Consolidated Invoice,,,17/07/2025,,440.71
REGN - Regeneration & Housing,FAB - Facilities,,"01/06/2025 -
  30/06/2025 Accrington Town Hall",,,43,,CRINV0012188,,EDF Energy - 9044031649 Consolidated Invoice,,,17/07/2025,,"4,169.45"
REGN - Regeneration & Housing,FAB - Facilities,,"Site 29 02/06/2025 -
  01/07/2025 South Service Yard Accrington Marke",,,44,,CRINV0012188,,EDF Energy - 9044031649 Consolidated Invoice,,,17/07/2025,,51.59
REGN - Regeneration & Housing,FAB - Facilities,,"Site 30 01/06/2025 -
  30/06/2025 Park Pavilion Lowerfold Road",,,45,,CRINV0012188,,EDF Energy - 9044031649 Consolidated Invoice,,,17/07/2025,,64.55
REGN - Regeneration & Housing,FAB - Facilities,,"01/06/2025 -
  30/06/2025 Community Hub - Fielding Lane",,,46,,CRINV0012188,,EDF Energy - 9044031649 Consolidated Invoice,,,17/07/2025,,"5,458.73"
REGN - Regeneration & Housing,FAB - Facilities,,"Site 31 02/06/2025 -
  01/07/2025 Street Lighting Feeder Pillar Clock",,,47,,CRINV0012188,,EDF Energy - 9044031649 Consolidated Invoice,,,17/07/2025,,48.60
REGN - Regeneration & Housing,FAB - Facilities,,"Site 32 02/09/2024 -
  30/09/2024 Bullough Park Pavilion",,,48,,CRINV0012188,,EDF Energy - 9044031649 Consolidated Invoice,,,17/07/2025,,616.20
REGN - Regeneration & Housing,FAB - Facilities,,"Site 32 01/10/2024 -
  31/10/2024 Bullough Park Pavilion",,,49,,CRINV0012188,,EDF Energy - 9044031649 Consolidated Invoice,,,17/07/2025,,399.84
REGN - Regeneration & Housing,FAB - Facilities,,"Site 32 01/11/2024 -
  30/11/2024 Bullough Park Pavilion",,,50,,CRINV0012188,,EDF Energy - 9044031649 Consolidated Invoice,,,17/07/2025,,386.97
REGN - Regeneration & Housing,FAB - Facilities,,"Site 32 01/12/2024 -
  31/12/2024 Bullough Park Pavilion",,,51,,CRINV0012188,,EDF Energy - 9044031649 Consolidated Invoice,,,17/07/2025,,399.84
REGN - Regeneration & Housing,FAB - Facilities,,"Site 32 01/01/2025 -
  31/01/2025 Bullough Park Pavilion",,,52,,CRINV0012188,,EDF Energy - 9044031649 Consolidated Invoice,,,17/07/2025,,399.88
REGN - Regeneration & Housing,FAB - Facilities,,"Site 32 01/02/2025 -
  28/02/2025 Bullough Park Pavilion",,,53,,CRINV0012188,,EDF Energy - 9044031649 Consolidated Invoice,,,17/07/2025,,361.15
REGN - Regeneration & Housing,FAB - Facilities,,"Site 32 01/03/2025 -
  31/03/2025 Bullough Park Pavilion",,,54,,CRINV0012188,,EDF Energy - 9044031649 Consolidated Invoice,,,17/07/2025,,399.84
REGN - Regeneration & Housing,FAB - Facilities,,"Site 32 01/04/2025 -
  30/04/2025 Bullough Park Pavilion",,,55,,CRINV0012188,,EDF Energy - 9044031649 Consolidated Invoice,,,17/07/2025,,386.97
REGN - Regeneration & Housing,FAB - Facilities,,"Site 32 01/05/2025 -
  31/05/2025 Bullough Park Pavilion",,,56,,CRINV0012188,,EDF Energy - 9044031649 Consolidated Invoice,,,17/07/2025,,399.84
REGN - Regeneration & Housing,FAB - Facilities,,"Site 32 01/06/2025 -
  30/06/2025 Bullough Park Pavilion",,,57,,CRINV0012188,,EDF Energy - 9044031649 Consolidated Invoice,,,17/07/2025,,386.97
REGN - Regeneration & Housing,FAD - Housing Advice,,Accommodation01.06.25 - 20.06.25,,,1,,CRINV0012192,,Rosehill Hotel,,,17/07/2025,,"1,710.00"
RESO - Resources,AAF - Finance,,Temp staff w/e 22.6.25,,,1,,CRPOI0011620,,G2 Recruitment Solutions,,,17/07/2025,,"5,850.00"
ENVS - Environmental Services,CAC - Parks & Cemeteries,,Provide improvements to Bank Mill House car park and surrounding area,,,1,,CRPOI0011622,,John Wade Groundworks Ltd,,,17/07/2025,,"41,990.14"
ENVS - Environmental Services,CAC - Parks & Cemeteries,,Provide lighting upgrade to Game Street car park ,,,1,,CRPOI0011629,,Lighting And Building Services Ltd,,,17/07/2025,,"31,356.00"
REGN - Regeneration & Housing,FAG - Regeneration,,Temp Staff w/e 26.6.25,,,1,,CRPOI0011660,,Vivid Resourcing,,,17/07/2025,,"3,600.00"
ENVS - Environmental Services,CAC - Parks & Cemeteries,,Supply only goal ends ,,,1,,CRPOI0011671,,Steelway Fensecure Ltd,,,17/07/2025,,"2,226.00"
ENVS - Environmental Services,CAB - Other Environmental Services,,2 x - AF Dispatching Tool,,,1,,CRPOI0011729,,Killgerm Chemicals Ltd,,,17/07/2025,,48.60
ENVS - Environmental Services,CAB - Other Environmental Services,,Bucket (With Lid) 1 x 18L,,,2,,CRPOI0011729,,Killgerm Chemicals Ltd,,,17/07/2025,,82.08
ENVS - Environmental Services,CAB - Other Environmental Services,,Digrain Wasp & Hornet Destroyer,,,3,,CRPOI0011729,,Killgerm Chemicals Ltd,,,17/07/2025,,97.92
ENVS - Environmental Services,CAB - Other Environmental Services,,Medium Bait Trays 100per pk,,,4,,CRPOI0011729,,Killgerm Chemicals Ltd,,,17/07/2025,,48.00
ENVS - Environmental Services,CAA - Environmental Maintenance,,Fuel,,,1,,CRPOI0011737,,Certas Energy,,,17/07/2025,,"31,532.93"
REGN - Regeneration & Housing,FAB - Facilities,,"Callouts, breakdowns, make safe, small general repairs",,,1,,CRPOI0012028,,Full Circuit Fire & Security Ltd,,,17/07/2025,,460.18
ENVS - Environmental Services,CAF - CVMU,,Parts,,,1,,CRINV0011643,,Bucher Municipal Ltd,,,22/07/2025,,685.19
RESO - Resources,AAG - Management Resources,,professional fees,,,1,,CRINV0011661,,Travelers Insurance Company,,,22/07/2025,,"25,000.00"
LEGL - Legal & Democratic,DAB - Human Resources,,General design work,,,1,,CRINV0011662,,Brands Inside Out Limited,,,22/07/2025,,600.00
ENVH - Environmental Health,BAA - Housing Standards,,Temp staff w/e 16.6.25,,,1,,CRINV0011680,,Oyster Partnership,,,22/07/2025,,"1,248.00"
ENVH - Environmental Health,BAA - Housing Standards,,Temp staff w/e 16.6.25,,,1,,CRINV0011682,,Oyster Partnership,,,22/07/2025,,"1,171.87"
PLAN - Planning & Transportation,EAD - Planning,,Agency staff - p/e 25.05.25,,,1,,CRINV0011692,,Carrington West Limited,,,22/07/2025,,"1,568.26"
PLAN - Planning & Transportation,EAD - Planning,,Agency staff - p/e 375531,,,1,,CRINV0011693,,Carrington West Limited,,,22/07/2025,,940.96
PLAN - Planning & Transportation,EAC - Green Infrastructure,,Agency staff - p/e 15.06.25,,,1,,CRINV0011694,,Carrington West Limited,,,22/07/2025,,"1,568.26"
PLAN - Planning & Transportation,EAD - Planning,,Agency staff - p/e 22.06.25,,,1,,CRINV0011695,,Carrington West Limited,,,22/07/2025,,"1,568.26"
ENVS - Environmental Services,CAD - Town Centre & Markets,,Summer Fair Grant support,,,1,,CRINV0011736,,Community Solutions North West Ltd,,,22/07/2025,,750.00
ENVS - Environmental Services,CAB - Other Environmental Services,,Hire of 8 wheeler 26.06.25,,,1,,CRINV0011791,,Stanley Brothers (Tippers) Ltd,,,22/07/2025,,744.00
ENVS - Environmental Services,CAC - Parks & Cemeteries,,Staff 16.06.25,,,1,,CRINV0011795,,Proman Supply Chain Ltd,,,22/07/2025,,"1,047.21"
ENVS - Environmental Services,CAF - CVMU,,Vehicle Parts/Maintenance,,,1,,CRINV0011829,,VPG Systems UK Ltd,,,22/07/2025,,"1,617.23"
REGN - Regeneration & Housing,FAF - Strategic Housing,,"April, May, June RIBA 4 fees Huncoat Garden Village",,,1,,CRINV0011868,,Arcadis Consulting (Uk) Ltd,,,22/07/2025,,"60,000.00"
PLAN - Planning & Transportation,EAD - Planning,,Temp staff w/e 27.6.25,,,1,,CRINV0011882,,Confido Consult Ltd,,,22/07/2025,,"2,290.92"
RESO - Resources,AAB - Benefits & Customer Contact,,Temp staff w/e 22.6.25,,,1,,CRINV0011919,,Venn Group Limited,,,22/07/2025,,"1,278.28"
ENVS - Environmental Services,CAE - Waste Services,,Temp staff w/e 29.6.25,,,1,,CRINV0011931,,Rapid Recruitment Ltd,,,22/07/2025,,785.88
ENVS - Environmental Services,CAC - Parks & Cemeteries,,Temp Staff W/E 29.6.25,,,1,,CRINV0011935,,Rapid Recruitment Ltd,,,22/07/2025,,700.94
ENVS - Environmental Services,CAC - Parks & Cemeteries,,Temp staff W/e 29.6.25,,,1,,CRINV0011937,,Rapid Recruitment Ltd,,,22/07/2025,,"1,399.82"
REGN - Regeneration & Housing,FAC - Haworth Art Gallery,,Wedding Catering August 2025,,,1,,CRINV0011985,,S.R.S. Catering Ltd,,,22/07/2025,,"7,400.00"
PLAN - Planning & Transportation,EAB - Engineers & Transportation,,Removal of damaged bench on footpath in Knuzden,,,1,,CRINV0012104,,Sterling Construction (Services) Ltd,,,22/07/2025,,336.00
RESO - Resources,AAB - Benefits & Customer Contact,,Staff 06.07.25,,,1,,CRINV0012110,,Eden Brown Limited,,,22/07/2025,,"1,212.12"
RESO - Resources,AAG - Management Resources,,Cabinet Action Fund Grant - CAF37,,,1,,CRINV0012130,,Amazing Accrington,,,22/07/2025,,"1,500.00"
RESO - Resources,AAB - Benefits & Customer Contact,,Whinney Hill - 16.07.25,,,1,,CRINV0012197,,Cheval Social Management,,,22/07/2025,,969.24
RESO - Resources,AAB - Benefits & Customer Contact,,Whinney Hill - 16.07.25,,,1,,CRINV0012198,,Ada Glossop Ltd,,,22/07/2025,,"1,012.00"
PLAN - Planning & Transportation,EAA - Building Control,,Agency staff - w/e 04.07.25,,,1,,CRINV0012207,,Deekay Tech Recruitment Ltd,,,22/07/2025,,"2,996.44"
LEGL - Legal & Democratic,DAB - Human Resources,,Management Service Costs - Acc Market Chambers (Dome),,,1,,CRINV0012239,,Rihbell Ltd,,,22/07/2025,,"7,084.82"
ENVS - Environmental Services,CAA - Environmental Maintenance,,"Consultancy Services - April, May, June 2025",,,1,,CRINV0012240,,CBRE Ltd,,,22/07/2025,,"7,122.06"
REGN - Regeneration & Housing,FAB - Facilities,,Period: 1.6.25 -30.6.25 - Bullough,,,1,,CRINV0012242,,SEFE Energy - 10174064 Consolidated,,,22/07/2025,,11.95
REGN - Regeneration & Housing,FAB - Facilities,,Period: - June 25 - Lowerfold,,,2,,CRINV0012242,,SEFE Energy - 10174064 Consolidated,,,22/07/2025,,20.10
REGN - Regeneration & Housing,FAB - Facilities,,June 25 - Willows Lane,,,3,,CRINV0012242,,SEFE Energy - 10174064 Consolidated,,,22/07/2025,,149.05
REGN - Regeneration & Housing,FAB - Facilities,,June 25 - A.T.H,,,4,,CRINV0012242,,SEFE Energy - 10174064 Consolidated,,,22/07/2025,,816.67
REGN - Regeneration & Housing,FAB - Facilities,,June 25 - Acc Crem,,,5,,CRINV0012242,,SEFE Energy - 10174064 Consolidated,,,22/07/2025,,147.82
REGN - Regeneration & Housing,FAB - Facilities,,June 25 - Acc Crem,,,6,,CRINV0012242,,SEFE Energy - 10174064 Consolidated,,,22/07/2025,,"5,575.99"
REGN - Regeneration & Housing,FAB - Facilities,,June 25 - Acc Cem Mess,,,7,,CRINV0012242,,SEFE Energy - 10174064 Consolidated,,,22/07/2025,,45.53
REGN - Regeneration & Housing,FAB - Facilities,,June 25 - HAG,,,8,,CRINV0012242,,SEFE Energy - 10174064 Consolidated,,,22/07/2025,,840.97
REGN - Regeneration & Housing,FAB - Facilities,,June 25 - Wilsons,,,9,,CRINV0012242,,SEFE Energy - 10174064 Consolidated,,,22/07/2025,,2.34
REGN - Regeneration & Housing,FAB - Facilities,,June 25 - Oakhill,,,10,,CRINV0012242,,SEFE Energy - 10174064 Consolidated,,,22/07/2025,,25.96
REGN - Regeneration & Housing,FAB - Facilities,,June 25 - Willows Lane,,,11,,CRINV0012242,,SEFE Energy - 10174064 Consolidated,,,22/07/2025,,134.36
REGN - Regeneration & Housing,FAB - Facilities,,June 25 - CVMU,,,12,,CRINV0012242,,SEFE Energy - 10174064 Consolidated,,,22/07/2025,,962.48
REGN - Regeneration & Housing,FAB - Facilities,,June 25 - Stables,,,13,,CRINV0012242,,SEFE Energy - 10174064 Consolidated,,,22/07/2025,,157.25
REGN - Regeneration & Housing,FAB - Facilities,,June 25 - Rhyddings,,,14,,CRINV0012242,,SEFE Energy - 10174064 Consolidated,,,22/07/2025,,118.61
REGN - Regeneration & Housing,FAB - Facilities,,Wilsons - April 25,,,1,,CRINV0012260,,Keyplus Security Ltd,,,22/07/2025,,254.98
REGN - Regeneration & Housing,FAB - Facilities,,Oakhill - April 25,,,1,,CRINV0012261,,Keyplus Security Ltd,,,22/07/2025,,764.94
REGN - Regeneration & Housing,FAB - Facilities,,CVMU - April 25,,,1,,CRINV0012262,,Keyplus Security Ltd,,,22/07/2025,,353.60
REGN - Regeneration & Housing,FAB - Facilities,,King Georges - April 25,,,1,,CRINV0012264,,Keyplus Security Ltd,,,22/07/2025,,486.30
REGN - Regeneration & Housing,FAB - Facilities,,Call outs CVMU - May 25,,,1,,CRINV0012268,,Keyplus Security Ltd,,,22/07/2025,,"1,237.60"
REGN - Regeneration & Housing,FAB - Facilities,,Willows Lane - May 25,,,1,,CRINV0012271,,Keyplus Security Ltd,,,22/07/2025,,530.40
REGN - Regeneration & Housing,FAB - Facilities,,Bullough Park - May 25,,,1,,CRINV0012274,,Keyplus Security Ltd,,,22/07/2025,,353.61
REGN - Regeneration & Housing,FAB - Facilities,,Call outs Apr 25,,,1,,CRINV0012293,,Keyplus Security Ltd,,,22/07/2025,,530.40
REGN - Regeneration & Housing,FAB - Facilities,,Alarm response Apr 25,,,1,,CRINV0012294,,Keyplus Security Ltd,,,22/07/2025,,"1,900.70"
REGN - Regeneration & Housing,FAD - Housing Advice,,Accommodation 07.07.25 - 21.07.25,,,1,,CRINV0012303,,Hill View (Private) Hotel,,,22/07/2025,,"1,246.00"
REGN - Regeneration & Housing,FAB - Facilities,,CAFM v12 UPGRADEUpgrade,,,1,,CRPOI0011722,,Idox Software Ltd,,,22/07/2025,,"5,730.00"
ENVS - Environmental Services,CAC - Parks & Cemeteries,," Exodus, 1L Vazor ULV 500, 1L PX ULVOdourcide & 1L PX ULV Disinfectant",,,1,,CRPOI0011732,,Killgerm Chemicals Ltd,,,22/07/2025,,828.00
ENVS - Environmental Services,CAC - Parks & Cemeteries,,Pack of recycled plastic suitable for bench refurbishments,,,1,,CRPOI0011740,,Ark Plastics Ltd,,,22/07/2025,,300.00
ENVS - Environmental Services,CAC - Parks & Cemeteries,,Pack of recycled plastic suitable for bench refurbishments,,,1,,CRPOI0011741,,Ark Plastics Ltd,,,22/07/2025,,300.00
ENVS - Environmental Services,CAC - Parks & Cemeteries,,Refurbish a seating area on Abbey St,,,1,,CRPOI0011743,,Marchbridge Builders Ltd,,,22/07/2025,,"22,613.65"
REGN - Regeneration & Housing,FAB - Facilities,,"Callouts, breakdowns, make safe, small general repairs",,,1,,CRPOI0011766,,Pilkington Bros (Church) Ltd,,,22/07/2025,,438.96
PLAN - Planning & Transportation,EAD - Planning,,S106 Greenway Improvement Contribution ,,,1,,CRINV0011503,,Lancashire County Council,,,24/07/2025,,"60,000.00"
RESO - Resources,AAB - Benefits & Customer Contact,,Vat on fees,,,1,,CRINV0011753,,Marston (Holdings) Ltd,,,24/07/2025,,782.31
RESO - Resources,AAB - Benefits & Customer Contact,,Vat on fees,,,1,,CRINV0011756,,Marston (Holdings) Ltd,,,24/07/2025,,"4,262.95"
ENVS - Environmental Services,CAC - Parks & Cemeteries,,Charges - June 25,,,1,,CRINV0011770,,Obitus (Vivedia Ltd),,,24/07/2025,,"2,540.40"
REGN - Regeneration & Housing,FAB - Facilities,,July 25 - Oakhill,,,1,,CRINV0011773,,ServiceMaster Clean Contract Services AAA,,,24/07/2025,,407.76
REGN - Regeneration & Housing,FAB - Facilities,,July 25 - Parker street,,,1,,CRINV0011774,,ServiceMaster Clean Contract Services AAA,,,24/07/2025,,264.23
REGN - Regeneration & Housing,FAB - Facilities,,July 25 - Peel Park,,,1,,CRINV0011775,,ServiceMaster Clean Contract Services AAA,,,24/07/2025,,264.23
REGN - Regeneration & Housing,FAB - Facilities,,July 25 - Lowerfold,,,1,,CRINV0011776,,ServiceMaster Clean Contract Services AAA,,,24/07/2025,,264.23
REGN - Regeneration & Housing,FAB - Facilities,,July 25 - Mercer Park,,,1,,CRINV0011777,,ServiceMaster Clean Contract Services AAA,,,24/07/2025,,264.23
REGN - Regeneration & Housing,FAB - Facilities,,July 25 - Rhyddings,,,1,,CRINV0011779,,ServiceMaster Clean Contract Services AAA,,,24/07/2025,,264.23
RESO - Resources,AAE - Residual Leisure,,LP Inductions - Apr-Jun 25,,,1,,CRINV0011782,,Hyndburn Leisure,,,24/07/2025,,420.00
RESO - Resources,AAE - Residual Leisure,,Armed Forces - 1.4.25 to 30.6.25,,,1,,CRINV0011783,,Hyndburn Leisure,,,24/07/2025,,"1,939.32"
RESO - Resources,AAE - Residual Leisure,,Swimming - 1.4.25-30.6.25,,,1,,CRINV0011784,,Hyndburn Leisure,,,24/07/2025,,"1,372.80"
ENVS - Environmental Services,CAC - Parks & Cemeteries,,Jul 25 Cleaning Mercer Park,,,1,,CRINV0011788,,ServiceMaster Clean Contract Services AAA,,,24/07/2025,,264.23
ENVS - Environmental Services,CAC - Parks & Cemeteries,,July 25 - Rhyddings,,,1,,CRINV0011807,,ServiceMaster Clean Contract Services AAA,,,24/07/2025,,722.53
LEGL - Legal & Democratic,DAB - Human Resources,,Learning Management System 11/09/2025 - 10/09/2028,,,1,,CRINV0011813,,Learning Pool Ltd,,,24/07/2025,,"11,340.00"
PLAN - Planning & Transportation,EAD - Planning,,Agency Costs Period Ending: 29-Jun-2025,,,1,,CRINV0011814,,Vivid Resourcing,,,24/07/2025,,"4,320.00"
ENVS - Environmental Services,CAC - Parks & Cemeteries,,July 25 - Wilsons,,,1,,CRINV0011819,,ServiceMaster Clean Contract Services AAA,,,24/07/2025,,802.84
ENVS - Environmental Services,CAF - CVMU,,July 25 - CVMU,,,1,,CRINV0011822,,ServiceMaster Clean Contract Services AAA,,,24/07/2025,,"1,070.47"
ENVS - Environmental Services,CAF - CVMU,,Vehicle goods/parts,,,1,,CRINV0011824,,Dennis Eagle Limited,,,24/07/2025,,391.08
ENVS - Environmental Services,CAF - CVMU,,Vehicle Parts/Goods,,,1,,CRINV0011836,,Terberg Matec Uk,,,24/07/2025,,"5,537.02"
RESO - Resources,AAB - Benefits & Customer Contact,,Costs,,,1,,CRINV0011838,,Marston (Holdings) Ltd,,,24/07/2025,,283.03
ENVS - Environmental Services,CAF - CVMU,,Call out 25.06.25,,,1,,CRINV0011852,,Assured Automobile Assessors Ltd,,,24/07/2025,,264.00
REGN - Regeneration & Housing,FAG - Regeneration,,Home Improvement Advis services - 1.7.25 to 30.9.25,,,1,,CRINV0011860,,Hyndburn Homewise Society Limited,,,24/07/2025,,"6,233.13"
REGN - Regeneration & Housing,FAF - Strategic Housing,,Project Support,,,1,,CRINV0011869,,Avison Young (Uk) Ltd,,,24/07/2025,,"26,620.83"
ENVS - Environmental Services,CAC - Parks & Cemeteries,,Additional cleaning for the month of July 2025,,,1,,CRINV0011873,,ServiceMaster Clean Contract Services AAA,,,24/07/2025,,294.18
RESO - Resources,AAB - Benefits & Customer Contact,,Professional charges,,,1,,CRINV0011894,,Greenhalgh Kerr,,,24/07/2025,,327.60
RESO - Resources,AAB - Benefits & Customer Contact,,Professional charges,,,1,,CRINV0011895,,Greenhalgh Kerr,,,24/07/2025,,"1,500.00"
RESO - Resources,AAB - Benefits & Customer Contact,,Professional fees,,,2,,CRINV0011895,,Greenhalgh Kerr,,,24/07/2025,,"8,948.40"
RESO - Resources,AAB - Benefits & Customer Contact,,Services June 25,,,1,,CRINV0011906,,Critiqom,,,24/07/2025,,360.59
RESO - Resources,AAB - Benefits & Customer Contact,,Services June 25,,,1,,CRINV0011909,,Critiqom,,,24/07/2025,,"1,200.00"
RESO - Resources,AAB - Benefits & Customer Contact,,Services June 25,,,2,,CRINV0011909,,Critiqom,,,24/07/2025,,332.88
RESO - Resources,AAB - Benefits & Customer Contact,,Cleaning costs - June 25,,,1,,CRINV0011916,,Hyndburn Leisure,,,24/07/2025,,"1,918.06"
RESO - Resources,AAB - Benefits & Customer Contact,,Charges - June 25,,,1,,CRINV0011917,,Hyndburn Leisure,,,24/07/2025,,"1,912.60"
RESO - Resources,AAB - Benefits & Customer Contact,,Charges - June 25,,,2,,CRINV0011917,,Hyndburn Leisure,,,24/07/2025,,0.95
RESO - Resources,AAB - Benefits & Customer Contact,,Charges - June 25,,,3,,CRINV0011917,,Hyndburn Leisure,,,24/07/2025,,60.60
ENVS - Environmental Services,CAC - Parks & Cemeteries,,Inseego Fleet,,,1,,CRINV0011932,,Inseego UK Ltd,,,24/07/2025,,288.00
ENVS - Environmental Services,CAD - Town Centre & Markets,,Traffic Management,,,1,,CRINV0011938,,Kays Highways Ltd,,,24/07/2025,,"1,628.12"
ENVS - Environmental Services,CAB - Other Environmental Services,,July 25 - Willows Lane,,,1,,CRINV0011940,,ServiceMaster Clean Contract Services AAA,,,24/07/2025,,"1,391.64"
REGN - Regeneration & Housing,FAF - Strategic Housing,,Emergency Works Grant,,,1,,CRINV0011955,,Edmundson Electrics,,,24/07/2025,,"1,500.00"
REGN - Regeneration & Housing,FAF - Strategic Housing,,Emergency Works Grant,,,1,,CRINV0011961,,Allforone& Oneforall,,,24/07/2025,,895.00
ENVH - Environmental Health,BAB - Environmental Protection,,Temp Staff w/e 22/06/25 and 29/06/25,,,1,,CRINV0011965,,Vivid Resourcing,,,24/07/2025,,964.85
ENVS - Environmental Services,CAF - CVMU,,Breakdown charges,,,1,,CRINV0011979,,Rossendale Vulcanising (Sales Ltd),,,24/07/2025,,"7,213.20"
RESO - Resources,AAD - ICT,,SIP Rental x 90 plus charges,,,1,,CRINV0011999,,Aspire Technology Solutions Limited,,,24/07/2025,,"1,522.81"
ENVS - Environmental Services,CAC - Parks & Cemeteries,,Monthly charges,,,1,,CRINV0012016,,Minster Cleaning Services,,,24/07/2025,,"1,621.61"
PLAN - Planning & Transportation,EAB - Engineers & Transportation,,Street Signage,,,1,,CRINV0012050,,G & G Signs,,,24/07/2025,,392.04
REGN - Regeneration & Housing,FAF - Strategic Housing,,Telephone Interpreting Services,,,1,,CRINV0012051,,Clear Voice,,,24/07/2025,,371.00
ENVS - Environmental Services,CAE - Waste Services,,General trade waste Jun 25,,,1,,CRINV0012220,,Suez Recycling And Recovery Uk Ltd,,,24/07/2025,,"2,832.10"
ENVS - Environmental Services,CAE - Waste Services,,General Trade waste Jun 25,,,2,,CRINV0012220,,Suez Recycling And Recovery Uk Ltd,,,24/07/2025,,"13,024.69"
ENVS - Environmental Services,CAD - Town Centre & Markets,,Soap box challenge deposit,,,1,,CRINV0012227,,Scott Dawson Advertising Ltd,,,24/07/2025,,"15,000.00"
ENVS - Environmental Services,CAD - Town Centre & Markets,,Hyndburn Sounds 2025,,,1,,CRINV0012228,,Accrington Community Events,,,24/07/2025,,"2,000.00"
ENVS - Environmental Services,CAD - Town Centre & Markets,,Carnival 2025,,,1,,CRINV0012229,,Accrington Community Events,,,24/07/2025,,"1,250.00"
LEGL - Legal & Democratic,DAB - Human Resources,,Cay Recharge - June 25,,,1,,CRINV0012244,,Lancashire County Council (Direct Debit Payments),,,24/07/2025,,"43,677.42"
RESO - Resources,AAB - Benefits & Customer Contact,,Annual council Reduction Scheme,,,1,,CRINV0012248,,Acs Ltd,,,24/07/2025,,600.00
REGN - Regeneration & Housing,FAB - Facilities,,Willows Lane - June 25,,,1,,CRINV0012278,,Keyplus Security Ltd,,,24/07/2025,,442.00
REGN - Regeneration & Housing,FAF - Strategic Housing,,Pre-Construction Services,,,1,,CRINV0012279,,Eric Wright Civil Engineering Ltd,,,24/07/2025,,"7,469.81"
RESO - Resources,AAF - Finance,,BRR & RSG July 25,,,1,,CRINV0012299,,"(DD) Department of Levelling Up, Housing & Comm...",,,24/07/2025,,"186,240.00-"
RESO - Resources,AAF - Finance,,BRR & RSG Central Share Jul 25,,,2,,CRINV0012299,,"(DD) Department of Levelling Up, Housing & Comm...",,,24/07/2025,,"1,125,120.00"
RESO - Resources,AAF - Finance,,BRR & RSG TR Payments July 25,,,3,,CRINV0012299,,"(DD) Department of Levelling Up, Housing & Comm...",,,24/07/2025,,"9,054.00-"
RESO - Resources,AAF - Finance,,BRR & RSG Surplus for 24-25 July 25,,,4,,CRINV0012299,,"(DD) Department of Levelling Up, Housing & Comm...",,,24/07/2025,,"66,369.00"
RESO - Resources,AAF - Finance,,Final Deficit for 23-24 July 25,,,5,,CRINV0012299,,"(DD) Department of Levelling Up, Housing & Comm...",,,24/07/2025,,"2,269.00-"
RESO - Resources,AAF - Finance,,RVBC Tariff due July 25,,,1,,CRINV0012300,,(DD ONLY) Ribble Valley Borough Council,,,24/07/2025,,"458,476.00"
ENVS - Environmental Services,CAF - CVMU,,Staff 20.07.25,,,1,,CRINV0012318,,Autotech Recruit,,,24/07/2025,,"1,287.60"
ENVS - Environmental Services,CAF - CVMU,,Vehicle parts,,,1,,CRINV0012329,,Chorley Nissan,,,24/07/2025,,286.21
ENVS - Environmental Services,CAF - CVMU,,Test certificate books,,,1,,CRINV0012330,,Ellison Printing Co.,,,24/07/2025,,286.80
ENVS - Environmental Services,CAA - Environmental Maintenance,,Charges - 01.06.25 - 30.06.25,,,1,,CRINV0012335,,Smartest Energy - 100011736903 77-79 Blackburn Rd,,,24/07/2025,,989.46
REGN - Regeneration & Housing,FAF - Strategic Housing,,Emergency Works Grant,,,1,,CRINV0012339,,Benjamin Forshaw - T/A Lancs Roofing Specialists,,,24/07/2025,,"5,400.00"
REGN - Regeneration & Housing,FAB - Facilities,,PPM - PAT testing ,,,1,,CRPOI0011764,,BES Group Electrical Limited,,,24/07/2025,,521.42
RESO - Resources,AAF - Finance,,Temp staff W/e 29.6.25,,,1,,CRPOI0011785,,G2 Recruitment Solutions,,,24/07/2025,,"5,850.00"
ENVS - Environmental Services,CAC - Parks & Cemeteries,,Remove a large fallen branch and tidy up crown.,,,1,,CRPOI0011789,,Roy Cattermole (Tree Surgeon),,,24/07/2025,,600.00
ENVS - Environmental Services,CAC - Parks & Cemeteries,,To remove a large fallen branch and tidy up crown,,,1,,CRPOI0011792,,Roy Cattermole (Tree Surgeon),,,24/07/2025,,360.00
ENVS - Environmental Services,CAB - Other Environmental Services,,2 X  Advion Cockroach Gel (4 pack),,,1,,CRPOI0011816,,Killgerm Chemicals Ltd,,,24/07/2025,,105.60
ENVS - Environmental Services,CAB - Other Environmental Services,,8 X Sakarat Bromabait,,,2,,CRPOI0011816,,Killgerm Chemicals Ltd,,,24/07/2025,,151.20
ENVS - Environmental Services,CAB - Other Environmental Services,,3 X  - Medium Bait Trays 100 pack ,,,3,,CRPOI0011816,,Killgerm Chemicals Ltd,,,24/07/2025,,14.40
ENVS - Environmental Services,CAC - Parks & Cemeteries,,10 X Icade 1ltr ,,,1,,CRPOI0011818,,Origin Amenity Solutions,,,24/07/2025,,599.40
ENVS - Environmental Services,CAC - Parks & Cemeteries,,Carriage Charge,,,2,,CRPOI0011818,,Origin Amenity Solutions,,,24/07/2025,,5.94
REGN - Regeneration & Housing,FAB - Facilities,,Intruder alarm upgrade,,,1,,CRPOI0011820,,Full Circuit Fire & Security Ltd,,,24/07/2025,,"1,507.02"
ENVS - Environmental Services,CAC - Parks & Cemeteries,,3 X  - Dust Applicator Maintenance Kit ,,,1,,CRPOI0011863,,Pestfix,,,24/07/2025,,24.03
ENVS - Environmental Services,CAC - Parks & Cemeteries,,4 X - RodentFix BF Brodifacoum 50 Block Bait ,,,2,,CRPOI0011863,,Pestfix,,,24/07/2025,,235.24
ENVS - Environmental Services,CAC - Parks & Cemeteries,,1 X- Insect Curtain Magnetic Close,,,3,,CRPOI0011863,,Pestfix,,,24/07/2025,,18.46
LEGL - Legal & Democratic,DAB - Human Resources,,"High Back Ergonomic Chair with Height Adjustable Arms
calypso Phoenix Fabric
Ref: IT350/AA1d",,,1,,CRPOI0012314,,Bevlan Office Interiors Ltd,,,24/07/2025,,367.14
ENVH - Environmental Health,BAA - Housing Standards,,Temp staff w/e 23.6.25,,,1,,CRINV0011861,,Oyster Partnership,,,29/07/2025,,"1,591.82"
LEGL - Legal & Democratic,DAH - Licencing,,Professional Fees,,,1,,CRINV0011890,,Kenworthy`s Chambers,,,29/07/2025,,540.00
RESO - Resources,AAB - Benefits & Customer Contact,,Professional fees,,,1,,CRINV0011893,,Greenhalgh Kerr,,,29/07/2025,,310.00
RESO - Resources,AAB - Benefits & Customer Contact,,Professional fees,,,2,,CRINV0011893,,Greenhalgh Kerr,,,29/07/2025,,396.00
PLAN - Planning & Transportation,EAD - Planning,,Professional fees,,,1,,CRINV0011908,,Ms Stephanie Hall (Kings Chambers),,,29/07/2025,,"3,000.00"
REGN - Regeneration & Housing,FAC - Haworth Art Gallery,,Items for shop sales,,,1,,CRINV0011915,,Just Trade (UK) Limited,,,29/07/2025,,498.72
RESO - Resources,AAB - Benefits & Customer Contact,,Temp staff w/e 29.6.25,,,1,,CRINV0011920,,Venn Group Limited,,,29/07/2025,,"1,278.28"
ENVS - Environmental Services,CAC - Parks & Cemeteries,,Agency staff- w/e 29.06.25,,,1,,CRINV0011943,,Proman Supply Chain Ltd,,,29/07/2025,,"1,485.44"
RESO - Resources,AAD - ICT,,Rental charges,,,1,,CRINV0012008,,Xbm Ltd,,,29/07/2025,,551.25
ENVS - Environmental Services,CAC - Parks & Cemeteries,,Cremation forms - Apr/May/Jun 25,,,1,,CRINV0012017,,Peel House Medical Practice,,,29/07/2025,,"4,608.00"
ENVS - Environmental Services,CAC - Parks & Cemeteries,,Staff 06.07.25,,,1,,CRINV0012074,,Rapid Recruitment Ltd,,,29/07/2025,,"1,501.06"
ENVS - Environmental Services,CAC - Parks & Cemeteries,,Staff 06.0725,,,1,,CRINV0012078,,Rapid Recruitment Ltd,,,29/07/2025,,804.02
ENVS - Environmental Services,CAE - Waste Services,,Temp Staff 06.07.25,,,1,,CRINV0012214,,Rapid Recruitment Ltd,,,29/07/2025,,785.88
LEGL - Legal & Democratic,DAB - Human Resources,,Interpretation Plan - 5th payment,,,1,,CRINV0012280,,GSS Consulting Ltd,,,29/07/2025,,"3,500.00"
RESO - Resources,AAB - Benefits & Customer Contact,,Temp staff W/E 13.7.25,,,1,,CRINV0012310,,Eden Brown Limited,,,29/07/2025,,"1,212.12"
RESO - Resources,AAB - Benefits & Customer Contact,,Professional Charges,,,1,,CRINV0012336,,Stephensons Solicitors LLP,,,29/07/2025,,540.00
PLAN - Planning & Transportation,EAA - Building Control,,Staff 18.07.25,,,1,,CRINV0012341,,Deekay Tech Recruitment Ltd,,,29/07/2025,,"2,661.37"
RESO - Resources,AAG - Management Resources,,Recharge for Pool Decommissioning Works - Mercer Hall,,,1,,CRINV0012369,,Hyndburn Leisure,,,29/07/2025,,"2,126.04"
ENVS - Environmental Services,CAD - Town Centre & Markets,,Period: 26.6.25 to 25.7.25,,,1,,CRINV0012393,,Water Plus - 4083296151 Market Hall,,,29/07/2025,,911.27
ENVS - Environmental Services,CAA - Environmental Maintenance,,Period: 14.11.24-21.5.25,,,1,,CRINV0012397,,United Utilities Water Plc,,,29/07/2025,,273.98
ENVS - Environmental Services,CAA - Environmental Maintenance,,Period: 14.11.24-21.5.25,,,1,,CRINV0012398,,United Utilities Water Plc,,,29/07/2025,,273.98
ENVS - Environmental Services,CAA - Environmental Maintenance,,Charges - 15.11.24 - 31.03.25,,,1,,CRINV0012400,,United Utilities Water Plc,,,29/07/2025,,273.98
ENVS - Environmental Services,CAA - Environmental Maintenance,,Charges - 15.11.24 - 21.05.25,,,1,,CRINV0012401,,United Utilities Water Plc,,,29/07/2025,,348.63
ENVS - Environmental Services,CAA - Environmental Maintenance,,Charges - 15.11.24 - 21.05.25,,,1,,CRINV0012402,,United Utilities Water Plc,,,29/07/2025,,273.98
ENVS - Environmental Services,CAC - Parks & Cemeteries,,2 X Ooper Pegler CP15 Evolution Sprayer 15ltr ,,,1,,CRPOI0011875,,Landscape Supply Company,,,29/07/2025,,387.48
ENVS - Environmental Services,CAC - Parks & Cemeteries,,1 X Fulco Tip Nozzle 80 YELLOW 5 pack ,,,2,,CRPOI0011875,,Landscape Supply Company,,,29/07/2025,,15.14
ENVS - Environmental Services,CAC - Parks & Cemeteries,,"Prepare tender documents, maintenance ",,,1,,CRPOI0011957,,STRI Ltd,,,29/07/2025,,"5,670.00"
ENVS - Environmental Services,CAC - Parks & Cemeteries,,"5 X Aemmerlin 1041 Contractor`s Barrow, Green, Pneumatic Tyre ",,,1,,CRPOI0011969,,Tudor Environmental,,,29/07/2025,,369.00
ENVS - Environmental Services,CAC - Parks & Cemeteries,,"10 X Tudor Premium Border Fork, WYD handle",,,2,,CRPOI0011969,,Tudor Environmental,,,29/07/2025,,290.52
ENVS - Environmental Services,CAC - Parks & Cemeteries,,Delivery,,,3,,CRPOI0011969,,Tudor Environmental,,,29/07/2025,,56.88
ENVS - Environmental Services,CAC - Parks & Cemeteries,,1 X C+E Retest,,,1,,CRPOI0012068,,Transport Training Academy Ltd,,,29/07/2025,,336.00
ENVS - Environmental Services,CAC - Parks & Cemeteries,,1 X C+E Mod B on the road test,,,2,,CRPOI0012068,,Transport Training Academy Ltd,,,29/07/2025,,120.00
ENVS - Environmental Services,CAF - CVMU,,13 X Vehicle OBD`s including fitting,,,1,,CRPOI0012380,,Triscan Systems Limited,,,29/07/2025,,"1,255.03"
ENVS - Environmental Services,CAF - CVMU,,13 X Vehicle OBD`s including fitting,,,2,,CRPOI0012380,,Triscan Systems Limited,,,29/07/2025,,"1,255.03"
ENVS - Environmental Services,CAF - CVMU,,13 X Vehicle OBD`s including fitting,,,3,,CRPOI0012380,,Triscan Systems Limited,,,29/07/2025,,"1,255.03"
ENVS - Environmental Services,CAF - CVMU,,13 X Vehicle OBD`s including fitting,,,4,,CRPOI0012380,,Triscan Systems Limited,,,29/07/2025,,"4,392.57"
REGN - Regeneration & Housing,FAD - Housing Advice,,Out of hours cover - June 2025,,,1,,CRINV0011964,,Maundy Relief,,,31/07/2025,,"1,200.00"
PLAN - Planning & Transportation,EAD - Planning,,Agency staff - w/e 06.07.25,,,1,,CRINV0011973,,Vivid Resourcing,,,31/07/2025,,"2,160.00"
ENVS - Environmental Services,CAF - CVMU,,Music license,,,1,,CRINV0011978,,Ppl Prs Ltd,,,31/07/2025,,323.47
REGN - Regeneration & Housing,FAD - Housing Advice,,Temp staff w/e 6.7.25,,,1,,CRINV0011989,,Vivid Resourcing,,,31/07/2025,,"1,710.00"
ENVH - Environmental Health,BAB - Environmental Protection,,Temp staff W/W 6.7.25,,,1,,CRINV0011990,,Vivid Resourcing,,,31/07/2025,,628.43
LEGL - Legal & Democratic,DAG - Elections,,Room Hire ATH for Election Count 2nd May 25,,,1,,CRINV0012033,,Hyndburn Leisure,,,31/07/2025,,900.00
LEGL - Legal & Democratic,DAG - Elections,,Staffing Costs for Election Count 2nd May 25,,,2,,CRINV0012033,,Hyndburn Leisure,,,31/07/2025,,171.10
ENVS - Environmental Services,CAF - CVMU,,Cleaning of vehicle - 16.6.25,,,1,,CRINV0012034,,Keep Em Clean,,,31/07/2025,,262.50
ENVS - Environmental Services,CAF - CVMU,,10.06.25 - Refuse Vehicles x 2 steam cleaned,,,1,,CRINV0012036,,Keep Em Clean,,,31/07/2025,,262.50
LEGL - Legal & Democratic,DAD - Management Legal & Dem,,Searches carried out May 2025,,,1,,CRINV0012042,,Lancashire County Council,,,31/07/2025,,765.60
PLAN - Planning & Transportation,EAD - Planning,,Temp staff w/e 04/07/25 ,,,1,,CRINV0012086,,Confido Consult Ltd,,,31/07/2025,,"2,388.90"
RESO - Resources,AAG - Management Resources,,Lease / Service Rental,,,1,,CRINV0012183,,Lex Autolease Ltd,,,31/07/2025,,556.74
RESO - Resources,AAG - Management Resources,,Lease / Service,,,2,,CRINV0012183,,Lex Autolease Ltd,,,31/07/2025,,556.74
RESO - Resources,AAG - Management Resources,,Lease / Service,,,3,,CRINV0012183,,Lex Autolease Ltd,,,31/07/2025,,46.54
RESO - Resources,AAG - Management Resources,,Cabinet Action Fund Grant - CAF30,,,1,,CRINV0012379,,Whinney Hill FC,,,31/07/2025,,"1,500.00"
RESO - Resources,AAB - Benefits & Customer Contact,,Professional fees,,,1,,CRINV0012411,,Stephensons Solicitors LLP,,,31/07/2025,,"2,478.00"
RESO - Resources,AAB - Benefits & Customer Contact,,Professional fees,,,2,,CRINV0012411,,Stephensons Solicitors LLP,,,31/07/2025,,589.00-
ENVS - Environmental Services,CAA - Environmental Maintenance,,High Street Accelerator Programme,,,1,,CRINV0012415,,The Chicken Shop 2025 Ltd,,,31/07/2025,,"1,150.00"
LEGL - Legal & Democratic,DAB - Human Resources,,Market Chambers - Project Management Support - June 2025,,,1,,CRINV0012436,,Naomi Atherton Ltd,,,31/07/2025,,"5,187.00"
LEGL - Legal & Democratic,DAB - Human Resources,,Exhibition Design Services -Market Chambers,,,1,,CRINV0012437,,Redman Partnership LLP,,,31/07/2025,,"18,765.00"
ENVS - Environmental Services,CAA - Environmental Maintenance,,Period: 1.3.25 to 31.3.25,,,1,,CRINV0012445,,Smartest Energy - 100011736903 77-79 Blackburn Rd,,,31/07/2025,,"1,508.36"
LEGL - Legal & Democratic,DAG - Elections,,Printing / Return Envelopes,,,1,,CRINV0012460,,Civica Election Services,,,31/07/2025,,811.91
REGN - Regeneration & Housing,FAA - Economic Development,,Business Club Membership,,,1,,CRPOI0011967,,Accrington Stanley Football In The Community,,,31/07/2025,,480.00
LEGL - Legal & Democratic,DAH - Licencing,,Goods for Taxi Licensing,,,1,,CRPOI0011968,,Vip-System Ltd,,,31/07/2025,,"2,910.40"
RESO - Resources,AAF - Finance,,Temp staff W/C .6.7.25,,,1,,CRPOI0011984,,G2 Recruitment Solutions,,,31/07/2025,,"5,850.00"
REGN - Regeneration & Housing,FAB - Facilities,,"Willows Lane Yard System

Installation of new external 100m beam sensor",,,1,,CRPOI0012023,,Full Circuit Fire & Security Ltd,,,31/07/2025,,553.61
ENVS - Environmental Services,CAC - Parks & Cemeteries,,Flagpole,,,1,,CRPOI0012035,,Hampshire Flag Company,,,31/07/2025,,455.99
ENVS - Environmental Services,CAC - Parks & Cemeteries,,Delivery,,,2,,CRPOI0012035,,Hampshire Flag Company,,,31/07/2025,,59.94
REGN - Regeneration & Housing,FAG - Regeneration,,Huncoat Garden Village,,,1,,CRPOI0012403,,Pinsent Masons LLP,,,31/07/2025,,"1,200.00"
REGN - Regeneration & Housing,FAF - Strategic Housing,,Redbook valuations for Huncoat Garden Village,,,1,,CRPOI0012428,,Lea Hough And Co,,,31/07/2025,,"4,200.00"
REGN - Regeneration & Housing,FAD - Housing Advice,,"House clearance
Tidy and dispose of the items in the rear yard.",,,1,,CRPOI0012429,,JPS Property Services Limited,,,31/07/2025,,"1,980.00"
REGN - Regeneration & Housing,FAE - Property,,The valuation of Wilson Pavilion and Playing Fields,,,1,,CRPOI0012454,,Lea Hough And Co,,,31/07/2025,,600.00
